TITLE,ABSTRACT
Making rewilding fit for policy,"1. Rewilding, here defined as the reorganisation of biota and ecosystem processes to set an identified social-ecological system on a preferred trajectory, leading to the self-sustaining provision of ecosystem services with minimal ongoing management, is increasingly considered as an environmental management option, with potential for enhancing both biodiversity and ecosystem services. 2. Despite burgeoning interest in the concept, there are uncertainties and difficulties associated with the practical implementation of rewilding projects, while the evidence available for facilitating sound decision-making for rewilding initiatives remains elusive. 3. We identify five key research areas to inform the implementation of future rewilding initiatives: increased understanding of the links between actions and impacts; improved risk assessment processes, through, for example, better definition and quantification of ecological risks; improved predictions of spatio-temporal variation in potential economic costs and associated benefits; better identification and characterisation of the likely social impacts of a given rewilding project; and facilitated emergence of a comprehensive and practical framework for the monitoring and evaluation of rewilding projects. 4. Policy implications. Environmental legislation is commonly based on a compositionalist paradigm itself predicated on the preservation of historical conditions characterised by the presence of particular species assemblages and habitat types. However, global environmental change is driving some ecosystems beyond their limits so that restoration to historical benchmarks or modern likely equivalents may no longer be an option. This means that the current environmental policy context could present barriers to the broad implementation of rewilding projects. To progress the global rewilding agenda, a better appreciation of current policy opportunities and constraints is required. This, together with a clear definition of rewilding and a scientifically robust rationale for its local implementation, is a prerequisite to engage governments in revising legislation where required to facilitate the operationalisation of rewilding."
Monitoring rewilding from space: The Knepp estate as a case study,"Rewilding is increasingly considered as an option for environmental regeneration, with potential for enhancing both biodiversity and ecosystem services. So far, however, there is little practical information on how to gauge the benefits and limitations of rewilding schemes on ecosystem composition, structure and functioning. To address this knowledge gap, we explored how satellite remote sensing can contribute to informing the moni-toring and evaluation of rewilding projects, using the Knepp estate as a case study. To our knowledge, this study is the first to assess the impacts of rewilding as an ecological regeneration strategy on landscape structure and functioning over several decades. Results show significant changes in land cover distribution over the past 20 years inside rewilded areas in the Knepp estate, with a 41.4% decrease in areas with brown agriculture and grass, a roughly sixfold increase in areas covered with shrubs, and a 40.9% increase in areas with trees; vegetation in the rewilded areas also showed a widespread increase in annual primary productivity. Changes in land cover and primary productivity are particularly pronounced in the part of the estate that began its rewilding journey with a period of large herbivore absence. Altogether, our approach clearly demonstrates how freely available satellite data can (1) provide vital insights about long-term changes in ecosystem composition, structure and functioning, even for small, heterogeneous and relatively intensively used landscapes; and (2) help deepen our understanding of the impacts of rewilding on vegetation distribution and dynamics, in ways that complement existing ground-based studies on the impacts of this approach on ecological communities."
Towards Evaluating Effectiveness Of Visual Communication Tools In Scientific Ecological Contexts: The Case Of Rewilding And Trophic Cascades,"The relationship between visual communication and natural sciences has long been present in these worlds. Joining forces from both fields in interdisciplinary connections results in stronger outcomes for both disciplines. I am interested in knowing how to evaluate the effectiveness of different types of visual communication tools for scientific ecological subjects, which is why I hereby propose a specific cut-out step by step evaluation approach. I explain the assessment in a 'Why? What? Who? How?' layout, where the indicators for the effectiveness of the graphics are dictated by visual impact, recognition, understanding and memorability of the communicated message. Ecological subjects such as rewilding and trophic cascades are in need of more communication than the classical journal article or conference presentation, which is why they are taken as the ecological basis for this evaluation proposal."
Rewilding - Departures in Conservation Policy and Practice? an Evaluation of Developments in Britain,"Rewilding has been hailed as 'radical' and 'agenda-setting' in the challenge it poses to mainstream conservation. This paper questions whether that is still the case, or if rewilding is now being mainstreamed and with what consequences? Our analysis focuses upon developments in Britain, up until 2018, discussing what changes have become manifest and the barriers and restraints that have been observed. As such, we evaluate the extent to which rewilding - in practice - departs from longstanding conservation sensibilities. Discussion is structured around three key questions- Who is now involved in rewilding across Britain? What they are seeking to do, in terms of how nature is conceptualised and managed (or not)? In what ways do their objectives involve people and human-centred aspirations? Our findings reveal three key differences from current conservation approaches. First, rewilding is associated with a proliferation of new actors, new mechanisms of finance and new spaces of conservation interest. Second, rewilding as an approach exhibits clear novelty in its stated aim to be nature-led and, despite challenges, attempts to work through ongoing negotiation and experimentation. Finally, rewilding is currently being advocated and pursued as an agenda for people and nature, which moves beyond earlier nature conservation paradigms of protecting nature from human influence. However, it remains to be seen whether rewilding advocates can realise their ambitions to popularise and create peopled wild spaces across Britain's landscapes."
"Expert-based assessment of rewilding indicates progress at site-level, yet challenges for upscaling","Rewilding is gaining importance across Europe, as agricultural abandonment trajectories provide opportunities for large-scale ecosystem restoration. However, its effective implementation is hitherto limited, in part due to a lack of monitoring of rewilding interventions and their interactions. Here, we provide a first assessment of rewilding progress across seven European sites. Using an iterative and participatory Delphi technique to standardize and analyze expert-based knowledge of these sites, we 1) map rewilding interventions onto the three central components of the rewilding framework (i.e. stochastic disturbances, trophic complexity and dispersal), 2) assess rewilding progress by quantifying 19 indicators spanning human forcing and ecological integrity and 3) compile key success and threat factors for rewilding progress. We find that the most common interventions were keystone species reintroductions, whereas the least common targeted stochastic disturbances. We find that rewilding scores have improved in five sites, but declined in two, partly due to competing socio-economic trends. Major threats for rewilding progress are related to land-use intensification policies and persecution of keystone species. Major determinants of rewilding success are its societal appeal and socio-economic benefits to local people. We provide an assessment of rewilding that is crucial in improving its restoration outcomes and informed implementation at scale across Europe in this decade of ecosystem restoration."
Current and future opportunities for satellite remote sensing to inform rewilding,"Rewilding has been suggested as an effective strategy for addressing environmental challenges such as the intertwined biodiversity and climate change crises, but there is little information to guide the monitoring of rewilding projects. Since rewilding focuses on enhancing ecosystem functionality, with no defined endpoint, monitoring strategies used in restoration are often inappropriate, as they typically focus on assessing species composition, or the ecological transition of an ecosystem towards a defined desired state. We here discuss how satellite remote sensing can provide an opportunity to address existing knowledge and data gaps in rewilding science. We first discuss how satellite remote sensing is currently being used to inform rewilding initiatives and highlight current barriers to the adoption of this type of technology by practitioners and scientists involved with rewilding. We then identify opportunities for satellite remote sensing to help address current knowledge gaps in rewilding, including gaining a better understanding of the role of animals in ecosystem functioning; improving the monitoring of landscape-scale connectivity; and assessing the impacts of rewilding on the conservation status of rewilded sites. Though significant barriers remain to the widespread use of satellite remote sensing to monitor rewilding projects, we argue that decisions on monitoring approaches and priorities need to be part of implementation plans from the start, involving both remote sensing experts and ecologists. Making use of the full potential of satellite remote sensing for rewilding ultimately requires integrating species and ecosystem perspectives at the monitoring, knowledge-producing and decision-making levels. Such an integration will require a change in know-how, necessitating increased inter-disciplinary interactions and collaborations, as well as conceptual shifts in communities and organizations traditionally involved in biodiversity conservation."
Rewilding and gazetting the Ibera National Park: Using an asset approach to evaluate project success,"The rising demand for natural resources increases the pressure on conservationists to justify the protection and restoration of biodiversity. However, the benefits of protected wild spaces to people are not always evident. In this study, we analyzed a rewilding and national park project in the Ibera Wetlands. We deployed the Protected Area Asset Framework to analyze how investments made by an international NGO in local products, resources and relationships developed new value-generating practices in the area. We also studied the resulting impact on local stakeholders' perceptions of the project. The results indicate that the NGO's investments have enhanced Ibera's perceived value, also of its less tangible assets such as its aesthetic beauty and cultural significance. This has generated a gradual shift in attitudes from widespread apprehension to increased local support for the new national park. The study contends that gaining local acceptance for protected areas may be facilitated by illuminating their diverse social, cultural and economic potential. The Asset Framework can be used to reveal values that emerge out of society's interaction with nature and help managers develop new and engaging narratives for conservation projects. The lessons provided by the Ibera project can inform management of protected areas in Argentina and elsewhere."
Measuring rewilding progress,"Rewilding is emerging as a promising restoration strategy to enhance the conservation status of biodiversity and promote self-regulating ecosystems while re-engaging people with nature. Overcoming the challenges in monitoring and reporting rewilding projects would improve its practical implementation and maximize its conservation and restoration outcomes. Here, we present a novel approach for measuring and monitoring progress in rewilding that focuses on the ecological attributes of rewilding. We devised a bi-dimensional framework for assessing the recovery of processes and their natural dynamics through (i) decreasing human forcing on ecological processes and (ii) increasing ecological integrity of ecosystems. The rewilding assessment framework incorporates the reduction of material inputs and outputs associated with human management, as well as the restoration of natural stochasticity and disturbance regimes, landscape connectivity and trophic complexity. Furthermore, we provide a list of potential activities for increasing the ecological integrity after reviewing the evidence for the effectiveness of common restoration actions. For illustration purposes, we apply the framework to three flagship restoration projects in the Netherlands, Switzerland and Argentina. This approach has the potential to broaden the scope of rewilding projects, facilitate sound decision-making and connect the science and practice of rewilding. This article is part of the theme issue 'Trophic rewilding: consequences for ecosystems under global change'."
Long-term effects of rewilding on species composition: 22 years of raptor monitoring in the Chernobyl Exclusion Zone,"Large-scale rewilding has been proposed as an effective method to combat the global biodiversity crisis, although there is a lack of data to support this. Rewilding generally refers to a process that allows nature to recover by reducing human interference, without the predefined end-goal that more traditional restoration projects usually have. The Chernobyl Exclusion Zone (CEZ) is perhaps the most famous example of passive rewilding (rewilding with little or no management), but until now, most research has focused on the impact of radiation on wildlife rather than on rewilding. Here, we analyze species composition change of raptors in the Belarusian CEZ over a 22-year period, starting 12 years after the accident, alongside national raptor monitoring data. Generalist and farmland-associated mesopredators, super-abundant at the beginning of our study, strongly declined, as open habitats (former agricultural land) rewetted or became overgrown. Increase in waterlogged areas saw wetland specialists increase in abundance, including two species locally extinct from the area before the accident: Greater Spotted Eagle (Endangered in Europe) and White-tailed Eagle. Greater Spotted Eagles are an indicator of wetland habitat quality, and while declining throughout Europe in recent decades, they have increased from zero to at least 13 pairs, over the whole Belarusian CEZ. Our research is evidence that rewilding could be an effective way of restoring species and species interactions found in near-natural habitats, and if human interferences in ecological processes are reduced, a priori restoration goals and continued management are not always necessary to conserve threatened species."
Enhancing monitoring of rewilding progress through wildlife tracking and remote sensing,"Defaunation is a global threat to biodiversity that can be counteracted through trophic rewilding, a restoration strategy that promotes self-regulating ecosystems through active reintroductions or passive management. In order to estimate success in restoration initiatives, progress of the rewilding projects is measured and monitored. However, a spatially explicit understanding of rewilding and rewilding potential in a rewilding site has been absent so far. We present a novel approach for monitoring rewilding progress that focuses on a spatially explicit estimate of progress and ecological integrity within rewilding initiatives. This framework uses habitat classification of the site and tracking data of the reintroduced animals, to model their habitat selection. Through this we measure and map realized and potential rewilding. We operationalize the framework in an ongoing rewilding project in the Ibera Wetlands, Corrientes, Argentina. The majority of areas (76%) predicted to be occupied by reintroduced fauna were only predicted to be selected by one species. Of the four species in the rewilding project, only the giant anteater (Myrmecophaga tridactyla) filled the majority of its potential distribution, whereas pampas deer (Ozotoceros bezoarticus), collared peccary (Pecari tajacu) and lowland tapir (Tapirus terrestris) filled less than 23% of theirs. After rewilding we found a 10% increase in the proportion of the study area with high ecological integrity. Through this case study, we showed that this framework can be used to assess the spatial progress of a rewilding site. By incorporating wildlife tracking and satellite-based remote sensing, we are integrating a spatial component to monitoring of rewilding projects that should lead to more detailed understanding of the progress of rewilding. Applying this framework would facilitate decision-making for practitioners and inform species management plans."
Environmental favorability models as a tool to support trophic rewilding initiatives,"Trophic rewilding is considered a conservation measure that aims to restore the trophic interactions. In north-central Portugal, the Iberian wolf (Canis lupus signatus) is endangered mainly due to human persecution, triggered by wolf depredation on livestock. Several initiatives have occurred in this area to increase wolf wild prey availability by reintroducing/reinforcing roe deer (Capreolus capreolus) populations. However, the success of trophic rewilding initiatives relies on up-to-date scientific evidence, considering both ecological and social settings. Favorability models can be used to infer the most suitable habitats for roe deer settlement and expansion by analyzing the environmental variables known to influence species ecology and behavior. In this study, we infer how the prey habitat favorability can contribute to plan prey populations reinforcement processes as a tool for trophic chain restoration. Using 330 camera traps, we monitored the roe deer population over 8,940 km(2) in north-central Portugal. Field data were used to evaluate the environmental determinants of roe deer presence. By using the favorability function, we created a spatially explicit gradient of habitat favorability that allowed us to define key areas for the application of management measures. The selected sites are strategically positioned to promote the natural expansion of established roe deer populations and overlap the current distribution of Iberian wolf. These results are an important step toward the restoration of the trophic chain and to reduce human-wolf conflicts. Our proposal paves the way for future rewilding initiatives, especially where prey species are central to the survival of top predators."
Effects of captivity and rewilding on amphibian skin microbiomes,"Captive breeding to safeguard against extirpation in the wild is a practice for many animal groups. Animals in captivity experience reduced contact with natural substrates and other animals, and consume atypical diets that may alter naturally occurring microbial associations. Amphibian skin microbiomes are vital for amphibian health, protecting them from pathogens and aiding in development, immune system training, and fecundity. Thus, understanding how changes associated with captivity influence microbial communities and the health of captive-reared amphibians is an important consideration in captive breeding and reintroduction programs. Overarching patterns of amphibian microbial diversity in captivity have not been previously explored. Therefore, we conducted a meta-analysis of skin microbes from captive-managed and wild individuals of 18 salamander and frog species from temperate and tropical biomes. We found that microbial composition of captive and wild amphibians differed for all species. However, while the overall captivity effect on amphibian skin richness was significant, the direction of the captivity effect on diversity metrics and antifungal function differed depending on the host species. One species exhibiting a large skin microbiome shift in captivity is the variable harlequin frog, Atelopus varius. A soft-release of A. varius to outdoor mesocosms restored the microbiome through time, and frogs also increased antifungal function of their skin microbiome with time in mesocosms. Rewilding the microbiome may influence resistance to diseases such as chytridiomycosis. Indeed, evaluating the outcome of individual species is necessary until we have a cohesive approach to mediate shifts of amphibian skin microbes that result from captivity."
"Monitoring results from a decade of native plant translocations at Makauwahi Cave Reserve, Kaua'i","At Makauwahi Cave Reserve, on the south shore of Kaua`i, translocation decisions have been guided to a unique degree by the richly detailed fossil record of biota of recent centuries, which occurs on the site. To evaluate the efficacy of this strategy, ecological conditions and individual life histories for 3388 translocated native plants of 81 species have been monitored since 2005. Many species were selected on the basis of their prevalence as subfossils in the adjacent late Holocene cave sediments. Most of these species no longer occur on or near the abandoned farmlands and mine spoil used as a substrate for transplanted individuals. Records for each plant included location, date outplanted, flowering, fruiting, and, if applicable, mortality, including known or inferred cause. Also recorded was unaided recruitment, survival of transplanted recruits, and quantity of seed collected. Plant species selected for reintroduction on the basis of present occurrence near the site (many of which also occur there as fossils), and species not present but selected solely on the basis of fossil occurrence before European arrival, both show high survival rates in most cases. Species that fit neither of these criteria, but are judged suitable on the basis of their occurrence elsewhere on the island in similar habitats, generally showed lower survival rates. Primary mortality factors for nursery stock not surviving outplanting included transplant shock, irrigation failure, and human error (accidental cutting, pulling, or trampling). Much lower mortality rates were linked to insect damage, disease, and pig disturbance. Phenological records show that 80 % of translocated native species have flowered and 70 % produced seed. Unaided recruitment was observed for 43 % of the species with some rare species producing large numbers of volunteer seedlings. Translocated volunteer seedlings showed high survival rates. Insights from the fossil record have provided perspective on the site's potential and limitations and enriched interest in a restoration by almost doubling the list of plant species used in restoration programs and adding a living history element to the interpretation of the site through the juxtaposition of the fossil evidence and the translocated native species."
Context matters when rewilding for climate change,"There is a cross-sectoral push among conservationists to simultaneously mitigate biodiversity loss and climate change, especially as the latter increasingly threatens the former. Growing evidence demonstrates that animals can have substantial impacts on carbon cycling. As such, there are increasing calls to use animal conservation and rewilding to dually overcome biodiversity loss and mitigate climate change. Specifically, trophic rewilding-which involves restoring intact animal communities, functional roles and trophic structure within food webs, and natural ecosystem processes-utilizes a rewilding framework to simultaneously support biodiversity conservation and carbon capture and storage. Trophic rewilding is a complex conservation approach to mitigating climate change, involving accurate estimations of baseline conditions and continuous monitoring of carbon cycling and species impacts within a system. It is also predicated on garnering social support for both the reintroduction and monitoring of a species, and obtaining the animals themselves. We are excited by the growing interest in this potential, but emphasize that a species' net impact on ecosystem carbon dynamics is context-dependent. Caution is required whenever biodiversity conservation (including rewilding), climate change mitigation, and human welfare do not readily align. Hence-similar to other nature-based solutions-these burgeoning efforts must avoid sweeping generalizations. To bolster successful trophic rewilding, we highlight a range of social and ecological context dependencies that can vary outcomes in a rewilded carbon cycle and provide ethical considerations for successful implementation. We conclude with an overview of the available technology to predict and monitor progress toward both biodiversity and climate mitigation goals.Read the free Plain Language Summary for this article on the Journal blog. Read the free Plain Language Summary for this article on the Journal blog."
Can rewilding with giant tortoises increase woody habitat and limit fire across Madagascar's grasslands?,"Societal Impact StatementTo better understand the impact of human settlement on vegetation distribution and disturbance regimes in Madagascar, the 2021 Malagasy Grassy Biomes Workshop called for an examination of the role of extinct megafauna in determining the historic distribution of habitat mosaics across regions that are today dominated by vast treeless grasslands. A systematic literature review facilitated the reconstruction and evaluation of giant tortoise habitat, feeding habitats, diets and Aldabrachelys tortoise impacts on disturbance regimes. In conclusion, reintroduction of mixed-feeding Aldabrachelys (the diets of which were often dominated by C-3 woody material, but never by C-4 grasses, across its range), will likely impact plant species composition, select a tree-rich habitat mosaic, reduce fire frequency, re-establish lost ecological functions and improve landscape productivity at a range of scales, including rangeland palatability, benefitting both biodiversity and human wellbeing.SummaryGrasslands with little tree cover today comprise 80% of Madagascar's habitat. Determining their extent at human settlement can guide ecological restoration and enhance human well-being, so the 2021 Malagasy Grassy Biomes Workshop identified the role of extinct megafauna in determining habitat as a critical knowledge gap. Using a systematic literature review, combined with extracted datasets, we address this, examining anticipated habitat selection by giant tortoises following reintroduction to Madagascar (where the Aldabran giant tortoise, Aldabrachelys gigantea, provides ecological functions lost when A. abrupta and A. grandidieri went extinct). When comparing current and historical tortoise selection of habitat across the Mascarenes and Aldabra with contemporary Malagasy habitat, areas in Madagascar where giant tortoises historically ranged, today have a significantly different habitat composition to the forested habitat that supported giant tortoises on other islands. Dietary C-13 isotope ratios show that Malagasy Aldabrachelys and Mascarene tortoises were mixed feeders, with diets often dominated by C-3 woody intake, but never by C-4 grasses. Across systems, giant tortoises required and selected, tree-rich habitat mosaics, different to current pastoralist fire-selected Malagasy grasslands characterized by sparse tree cover. Furthermore, Aldabran Aldabrachelys tortoise turf, restricted to small areas (large tracts of unshaded vegetation present physiological challenges to Aldabrachelys' survival), is compositionally different to Malagasy and African obligate C-4 grazing lawns. Ecological, palaeoecological, geomorphological and molecular evidence support a lost Malagasy habitat mosaic where hippo and tortoise diets were C-3-dominated, because they inhabited closed-canopy systems, with abutting open-canopy areas harbouring endemic-rich, C-4 grassy understories and limited grasslands. The review suggests that rewilding with A. gigantea will help restore ecological functions, productivity and landscape-scale degradation lost through cattle-based pastoralism, re-establish tree-rich habitat mosaics, and mitigate against frequent bushfires, benefiting biodiversity and humans at multiple scales."
A scoping review of the scientific evidence base for rewilding in Europe,"Restoring functional ecosystems is crucial to reversing the global biodiversity and climate crises. The concept of rewilding has gained increasing attention as a proactive tool for achieving ecosystem restoration quickly and at scale. However, the science of rewilding has been criticised for being largely theory-led rather than evidence based, a factor that continues to stymy policy actions. Here, we conduct a scoping review with the aim of mapping the nature and extent of the peer-reviewed literature that has measured outcomes of European rewilding projects. Our findings reveal significant growth in this area, although with a geographical bias towards the Netherlands and Scandinavian countries. Our synthesis of evidence shows that, although rewilding is not a biodiversity or climate panacea, there is a growing evidence base in support of theoretical propositions that it can restore biodiversity, deliver ecosystem services and support nature-based economies. To advance the field and address spatial disparity in reporting, we propose the establishment of country-specific networks of monitored and data-driven experimental rewilding projects, focused on national contexts. We also propose that the concept of standardizing the assessment of rewilding success across sites should be approached with caution, considering the site-specific and self-defining nature of rewilding outcomes. Lastly, we emphasize the importance of careful consideration by practitioners in terms of large herbivore refaunation efforts in Europe. Implementing comprehensive long-term plans to manage herbivore populations and address unforeseen effects is essential to mitigate welfare concerns, overgrazing, and reputational risks, while also maximizing biodiversity gains."
Rewilding giant tortoises engineers plant communities at local to landscape scales,"Trophic rewilding is increasingly being used to promote megafauna reintroductions to island ecosystems, yet ecosystem response to population restoration once megafauna reintroduction occurs remains understudied. In this study of a population of Galapagos giant tortoises reintroduced to an arid island, tortoise exclosures monitored over an 8-year-long period revealed that, in response to the presence of tortoises, herbaceous plant cover and numbers of regenerating woody plants decreased, whereas extent of grass cover increased. Vegetation mapping over a 15-year-long period across the island indicated a threshold density of 1-2 tortoises per hectare halted incursion of woody plants and triggered a shift in this savannah-type ecosystem toward more grasses. Restoration of this giant tortoise population has shaped plant communities at both local and landscape scales with cascading effects on many components of biodiversity on the island."
The utility of coded very high frequency telemetry for monitoring reintroduced mammal populations,"Very high frequency (VHF) radio tracking technology deployed on terrestrial vertebrates has been well utilized in ecology without much evolution since the 1960s. With the advent of multi-species rewilding projects, and the new field of reintroduction biology, there has been an increase in requirements for telemetry systems to monitor survival and mortality for many animals simultaneously. Common, pulsed VHF can only monitor one individual on each radio frequency, and the number of individuals monitored is constrained by the amount of time spent on each frequency to facilitate a detection and the number of receivers. Coded VHF largely removes these constraints by using a digital code that can simultaneously monitor up to 512 individuals on a single frequency. Incorporated into an autonomous monitoring system, the coded VHF system also greatly reduces time in the field to confirm the status of individuals. Here we demonstrate the utility of coded VHF technologies applied to monitoring a reintroduced population of brush-tailed bettong (Bettongia penicillata) on the Southern Yorke Peninsula in southern Australia. A system of autonomous monitoring towers was able to monitor 28 different individuals simultaneously without having to change frequency on any of the towers. During a single 24-h period, one individual was recorded 24,078 times. Key benefits of the high detection rate and autonomous recording are, a timely response to mortalities or a predation event, the detection of nocturnal, cryptic, or burrowing species whenever they are active, and the reduced need for personnel to be in the field."
Long-term monitoring of mammal communities in the Peneda-Ger?s National Park using camera-trap data,"In the past decades, agricultural land abandonment and declining land-use intensity became common, especially in the Mediterranean countries of southern Europe. In some areas, this development opened up possibilities for rewilding and the recolonisation or expansion of large mammal populations. Yet, in some instances, co-occurrence of wild mammals and free-ranging domestic herbivores might lead to potential conflicts. It is, therefore, necessary to study the ecological interactions between wild and domestic mammal species to understand the effects of land abandonment and rewilding on biodiversity and ecosystem services. Camera traps are an effective tool for studying species interactions and occupancy dynamics as they allow for long-term monitoring with minimal interference. We conducted a long-term monitoring programme with camera traps substantial land-use changes following the abandonment of agricultural areas in the past 60 years. While agro-pastoral activities, especially the breeding of free-ranging horses and"
Towards a holistic approach to rewilding in cultural landscapes,"In recent years, rewilding has been attracting growing attention as novel, process-oriented concept supporting ecosystem restoration and biodiversity conservation. Rewilding aims to strengthen the adaptive capacity of ecosystems by restoring natural processes and withdrawing anthropogenic interventions. Yet, diverging understandings, conceptions and definitions of rewilding result in a somewhat fuzzy concept. So far, the scientific discussion focused primarily on biological and ecological effects and success factors of rewilding. However, particularly in Europe, which is characterised by densely populated areas and a long history of landscape cultivation, rewilding affects also socio-economic and socio-cultural dimensionsBased on a synthesis of current scientific publications, we argue that rewilding should be understood as an increase in wildness, that is restoring the autonomy of natural processes and self-sustaining ecosystems in order to overcome the improper dualistic understanding of human-nature relationships in which humanity is outside of nature. We identify knowledge gaps and emphasise the need for inter- and transdisciplinary research on rewilding to develop a holistic approach to biodiversity conservation and ecosystem restoration. In this context, we particularly emphasise the temporal dynamics of changes in landscapes, which are often long-term and therefore difficult to monitor, the openness of rewilding processes and the associated uncertainty about end states, as well as the complexity of human-nature relations and the associated value pluralism."
Historical ecology identifies long-term rewilding strategy for conserving Mediterranean mountain forests in south Italy,"In the context of global decline in old-growth forest, historical ecology is a valuable tool to derive insights into vegetation legacies and dynamics and develop new conservation and restoration strategies. In this cross-disciplinary study, we integrate palynology (Lago del Pesce record), history, dendrochronology, and historical and contemporary land cover maps to assess drivers of vegetation change over the last millennium in a Mediterranean mountain forest (Pollino National Park, southern Italy) and discuss implications in conservation ecology. The study site hosts a remnant beech-fir (Fagus sylvatica-Abies alba) mixed forest, a priority habitat for biodiversity conservation in Europe. In the 10th century, the pollen record showed an open environment that was quickly colonized by silver fir when sociopolitical instabilities reduced anthropogenic pressures in mountain forests. The highest forest cover and biomass was reached between the 14th and the 17th centuries following land abandonment due to recurring plague pandemics. This rewilding process is also reflected in the recruitment history of Bosnian pine (Pinus heldreichii) in the subalpine elevation belt. Our results show that human impacts have been one of the main drivers of silver fir population contraction in the last centuries in the Mediterranean, and that the removal of direct human pressure led to ecosystem renovation. Since 1910, the Rubbio State Forest has locally protected and restored the mixed beech-fir forest. The institutions in 1972 for the Rubbio Natural Reserve and in 1993 for Pollino National Park have guaranteed the survival of the silver fir population, demonstrating the effectiveness of targeted conservation and restoration policies despite a warming climate. Monitoring silver fir populations can measure the effectiveness of conservation measures. In the last decades, the abandonment of rural environments (rewilding) along the mountains of southern Italy has reduced the pressure on ecosystems, thus boosting forest expansion. However, after four decades of natural regeneration and increasing biomass, pollen influx and forest composition are still far from the natural attributes of the medieval forest ecosystem. We conclude that long-term forest planning encouraging limited direct human disturbance will lead toward rewilding and renovation of carbon-rich and highly biodiverse Mediterranean old-growth forests, which will be more resistant and resilient to future climate change."
Evaluating the success of functional restoration after reintroduction of a lost avian pollinator,"Conservation translocation is a common method for species recovery, for which one increasingly frequent objective is restoring lost ecological functions to promote ecosystem recovery. However, few conservation translocation programs explicitly state or monitor function as an objective, limiting the ability to test assumptions, learn from past efforts, and improve management. We evaluated whether translocations of hihi (Notiomystis cincta), a threatened New Zealand passerine, achieved their implicit objective of restoring lost pollination function. Through a pollinator-exclusion experiment, we quantified, with log response ratios (lnR), the effects of birds on fruit set and seed quality in hangehange (Geniostoma ligustrifolium), a native flowering shrub. We isolated the contributions of hihi by making comparisons across sites with and without hihi. Birds improved fruit set more at sites without hihi (lnR = 1.27) than sites with hihi (lnR = 0.50), suggesting other avian pollinators compensated for and even exceeded hihi contributions to fruit set. Although birds improved seed germination only at hihi sites (lnR = 0.22-0.41), plants at sites without hihi had germination rates similar to hihi sites because they produced 26% more filled seeds, regardless of pollination condition. Therefore, although our results showed hihi improved seed quality, they also highlighted the complexity of ecological functions. When an important species is lost, ecosystems may be able to achieve similar function through different means. Our results underscore the importance of stating and monitoring the ecological benefits of conservation translocations when functional restoration is a motivation to ensure these programs are achieving their objectives."
"Seasonal differences of the Milu's home range at the early rewilding stage in Dongting Lake area, China","The study of home range utilization of rewilded animals is important for informed reintroduction management. Sixteen Milu adult individuals (5 male 11 female) were reintroduced from Jiangsu Dafeng Milu National Nature Reserve to Hunan East Dongting Lake National Nature Reserve on February 28, 2016, out of which 11 Milu individuals (1 male 10 female) were wearing GPS satellite tracking collars. Subsequently, with the aid of GPS collar technology, combined with on-ground tracking observations, we tracked the reintroduced Milu for one year from March 2016 to February 2017. We used the dynamic Brownian Bridge Movement Model to estimate the individual home range of the 10 rewilded Milu (1 male 9 female, 1 female individual was eliminated because its collar fell off) and seasonal home range of 5 rewilded female Milu (all tracked for up to one year). 95% level represented the home range, and 50% level represented the core areas. Temporal variation in normalized difference vegetation index were used to quantify changes in food availability. We also quantified resource use of rewilded Milu by calculating the selection ratio for all habitats within their core areas. The results showed that: (1) a total of 52,960 coordinate fixes were collected; (2) during the early stage of rewilding, the average home range size of the rewilded Milu was 17.62 +/- 3.79 km(2) and the average core areas size was 0.77 +/- 0.10 km(2); (3) the annual average home range size of the female deer was 26.08 +/- 5.21 km(2) and the annual average core areas size was 1.01 +/- 0.14 km(2) at the early stage of rewilding; (4) during the early stage of rewilding, the home range and core areas of the rewilded Milu were significantly affected by season, and the difference between summer and winter was significant (home range: p = 0.003; core areas: p = 0.008); (5) home range and core areas of the rewilded female deer in the Dongting Lake area in different seasons showed significant negative correlation with NDVI (home range: p = 0.000; core areas: p = 0.003); (6) Most rewilded female Milu showed a high preference for farmland in all seasons except winter, when they focused on using lake and beach. The home range of the rewilded Milu in the Dongting Lake area at the early stage of rewilding experienced significantly seasonal changes. Our study reveals seasonal differences in the home ranges of rewilded Milu and the resource use strategies of individual Milu in response to seasonal changes. At last, we put forward the following management recommendations: (1) to establish habitat islands; (2) to implement community co-management; (3) to reduce human disturbance; (4) to strengthen population monitoring for formulating species conservation plans."
Evaluating unintended consequences of intentional species introductions and eradications for improved conservation management,"Increasingly intensive strategies to maintain biodiversity and ecosystem function are being deployed in response to global anthropogenic threats, including intentionally introducing and eradicating species via assisted migration, rewilding, biological control, invasive species eradications, and gene drives. These actions are highly contentious because of their potential for unintended consequences. We conducted a global literature review of these conservation actions to quantify how often unintended outcomes occur and to elucidate their underlying causes. To evaluate conservation outcomes, we developed a community assessment framework for systematically mapping the range of possible interaction types for 111 case studies. Applying this tool, we quantified the number of interaction types considered in each study and documented the nature and strength of intended and unintended outcomes. Intended outcomes were reported in 51% of cases, a combination of intended outcomes and unintended outcomes in 26%, and strictly unintended outcomes in 10%. Hence, unintended outcomes were reported in 36% of all cases evaluated. In evaluating overall conservations outcomes (weighing intended vs. unintended effects), some unintended effects were fairly innocuous relative to the conservation objective, whereas others resulted in serious unintended consequences in recipient communities. Studies that assessed a greater number of community interactions with the target species reported unintended outcomes more often, suggesting that unintended consequences may be underreported due to insufficient vetting. Most reported unintended outcomes arose from direct effects (68%) or simple density-mediated or indirect effects (25%) linked to the target species. Only a few documented cases arose from more complex interaction pathways (7%). Therefore, most unintended outcomes involved simple interactions that could be predicted and mitigated through more formal vetting. Our community assessment framework provides a tool for screening future conservation actions by mapping the recipient community interaction web to identify and mitigate unintended outcomes from intentional species introductions and eradications for conservation."
Rewilding and restoring cultural landscapes in Mediterranean mountains: Opportunities and challenges,"Farmland abandonment and the decline of livestock activity in the Mediterranean mountains have resulted in dramatic landscape changes, including the generalized expansion of shrublands and forests, and the homogenization of the old cultural landscapes. This process has a variety of consequences from ecological, geomorphological and hydrological points of view, as well as from the perspectives of land management and public awareness. An intense debate currently surrounds the discussion and evaluation of rewilding (the process of passively allowing woody encroachment, as well as the reintroduction of large mammals) as an opportunity for enhancing biodiversity and restoring original landscapes after centuries of human activity versus ecological restoration (activities leading to the recovery of degraded ecosystems, including clearing and light human activity). There is no clear consensus regarding the best way to improve the ecological relationships and functioning within an ecosystem. Biodiversity and sustainability can be seen under different levels of human pressure and landscape transformation; total farmland abandonment is not always the best alternative, particularly when local inhabitants aim to sustain themselves using local resources. Many geographers and ecologists consider that extensive stockbreeding in a partially open landscape is a rational way to (i) improve landscape organization, (ii) increase flows and turnover within the ecosystems, (iii) increase the diversity of plants and animals that benefit from a relatively light human presence, and (iv) reduce wildfire risk. However, it has proven challenging for land managers and stockbreeders to clear the best old abandoned fields and construct a sustainable, balanced landscape that combines forests, shrublands and open lands. Private landowner involvement and support from the general public is crucial for both funding and the long-term maintenance of benefits. The best old fields should be cleared in the context of high-resolution knowledge of the topography, grassland characteristics, grassland cycles and livestock management. Such efforts are likely to be an excellent opportunity to introduce compatibility between light human activity and increases in biodiversity and sustainability for many marginal mountains, where land abandonment and general forest/shrub recovery are the inevitable tendencies. This paper examines some of the contrasting positions of the scientific community regarding the rewilding or ecological restoration of mountain landscapes, and briefly highlights some experiences in which intentional clearing of old abandoned fields has benefited stockbreeding, biodiversity, runoff generation and wildfire risks. Notably, we describe a sub-Mediterranean valley of the Iberian Range, Northern Spain, as an example. In the long term, we find that the intentional clearing of the best old fields allows the slow organization of a final landscape that will be more useful for local inhabitants, thereby helping to reverse human depopulation in these regions."
Trajectories of rewilding: A taxonomy of wildland management,"Rewilding, though a young term, already has numerous meanings. We use Q-methodology to investigate understandings and practices of rewilding amongst managers of wildland on 17 estates in the Scottish uplands. The estates, covering 207,200 ha, include all the main land ownership types in Scotland. All respondents value wildness and biodiversity highly, but the Q-study reveals significant divergence in the interpretations and practices of rewilding, especially concerning (i) the value of naturalness, (ii) the use of management interventions, (iii) the value of cultural heritage and traditional land uses, and (iv) the place of people within wildland. A tripartite taxonomy of wildland management approaches is developed, identifying three 'centres of gravity' along the continuum of viewpoints, emphasising, respectively, nature's autonomy, active restoration, and the maintenance of wildness within cultural landscapes. The taxonomy provides an analytic framework for evaluating the diverse and often conflicting aspirations for the management of wild places."
Using lidar to assess the development of structural diversity in forests undergoing passive rewilding in temperate Northern Europe,"Forested areas are increasing across Europe, driven by both reforestation programs and farmland abandonment. While tree planting remains the standard reforestation strategy, there is increased interest in spontaneous regeneration as a cost-effective method with equal or potentially greater benefits. Furthermore, expanding areas of already established forests are left for passive rewilding to promote biodiversity conservation. Effective and objective methods are needed for monitoring and analyzing the development of forest structure under these management scenarios, with airborne laser scanning (lidar: light detection and ranging) being a promising methodology. Here, we assess the structural characteristics and development of unmanaged forests and 28- to 78-year old spontaneously regenerated forests on former agricultural land, relative to managed forests of similar age in Denmark, using 25 lidar-derived metrics in 10- and 30-m grid cells. We analyzed the lidar-derived cell values in a principal component analysis (PCA) and interpreted the axes ecologically, in conjunction with pairwise tests of median and variance of PCA-values for each forest. Spontaneously regenerated forest in general had increased structural heterogeneity compared to planted and managed forests. Furthermore, structural heterogeneity kept increasing in spontaneously regenerated forest across the maximal 78-year timespan investigated. Natural disturbances showed strong impacts on vegetation structure, leading to both structural homogeneity and heterogeneity. The results illustrate the utility of passive rewilding for generating structurally heterogeneous forested nature areas, and the utility of lidar surveys for monitoring and interpreting structural development of such forests."
Perspectives on grassland conservation efforts: should we rewild to the past or conserve for the future?,"Grasslands are among the most imperilled biomes of the world. Identifying the most appropriate framework for restoring grasslands is dependent on the objectives of restoration, which is inherently determined by human priorities. Debates over the appropriate conservation model for grasslands have often focused on which species of herbivores should be the focus of restoration efforts. Here we discuss three perspectives of herbivore-based conservation in North American grasslands. First, the Pleistocene rewilding perspective is based upon the idea that early humans contributed to the demise of megafauna that were important to the evolution and development of many of North America's grasslands; therefore, their aim of restoration is rewilding of landscapes to pre-human times. Second, the bison rewilding perspective considers American bison a keystone herbivore that is culturally and ecologically important to North American grasslands. A third perspective focuses on restoring the pattern and processes of herbivory on grasslands and is less concerned about which herbivore is introduced to the landscape. We evaluate each of these three conservation perspectives in terms of a framework that includes a human domain, an herbivore domain and a biophysical domain. While all conservation perspectives partly address the three domains, they all fall short in key areas. Specifically, they fail to recognize that past, current and future humans are intimately linked to grassland patterns and processes and will continue to play a role in structuring grasslands. Furthermore, these perspectives seem to only superficially consider the role of fragmentation and climate change in influencing grassland patterns and processes. As such, we argue that future grassland conservation efforts must depend on the development of a model that better integrates societal, economic and policy objectives and recognizes climate change, fragmentation and humans as an integral part of these ecosystems. This article is part of the theme issue 'Trophic rewilding: consequences for ecosystems under global change'."
"Rewilding as a restoration strategy for lowland agricultural landscapes: Stakeholder-assisted multi-criteria analysis in Dorset, UK","The ongoing loss of global biodiversity suggests that established conservation practices have not been fully successful at halting species decline. Rewilding, a restoration strategy focused on restoring ecological processes, has become increasingly prominent as a potential means of addressing this problem. Rewilding has been described as a versatile approach that is applicable even in areas with dense human populations and productive agricultural landscapes such as the lowlands of Western Europe. Yet little is known about the options that might exist for rewilding such landscapes, or about their relative suitability. The present study addresses this knowledge gap by assessing the relative popularity and suitability of different rewilding scenarios in the county of Dorset, south-west England, involving the consultation of local stakeholders. Survey results showed strong support for rewilding among stakeholders, with the reintroduction of beavers (Castor fiber) and pine martens (Martel mattes) being especially popular. Yet stakeholder perceptions also differed regarding how rewilding should be defined, and what it comprises. The suitability of the proposed rewilding approaches was measured through a spatial multi-criteria analysis using the following variables: popularity among stakeholders, suitability within relevant land cover types, and suitability at the landscape-scale. Naturalistic grazing and farmland abandonment emerged as the most suitable rewilding options overall, although these were not the most popular choices. Overall, these results suggest that land managers in lowland agricultural landscapes could consider rewilding as one of the land management options available to them, provided that the options being considered are ecologically appropriate and local stakeholders have been consulted. In the UK, such rewilding options might be supported by new national agricultural land use policies currently under development. In areas of continental Europe where agricultural land abandonment is more widespread, policy-makers seeking to address the issue could look towards the EU's wilderness guidelines for potential solutions that promote rewilding while offsetting the costs incurred by local stakeholders. In either context, integrated exploration of stakeholder values and ecological data as presented here can potentially be used to evaluate the relative suitability and popularity of different rewilding approaches, and thereby establish priorities."
Evaluating the efficacy of predator removal in a conflict-prone world,"Predators shape ecosystem structure and function through their direct and indirect effects on prey, which permeate through ecological communities. Predators are often perceived as competitors or threats to human values or well-being. This conflict has persisted for centuries, often resulting in predator removal (i.e. killing) via targeted culling, trapping, poisoning, and/or public hunts. Predator removal persists as a management strategy but requires scientific evaluation to assess the impacts of these actions, and to develop a way forward in a world where human-predator conflict may intensify due to predator reintroduction and rewilding, alongside an expanding human population. We reviewed literature investigating predator removal and focused on identifying instances of successes and failures. We found that predator removal was generally intended to protect domestic animals from depredation, to preserve prey species, or to mitigate risks of direct human conflict, corresponding to being conducted in farmland, wild land, or urban areas. Because of the different motivations for predator removal, there was no consistent definition of what success entailed so we developed one with which to assess studies we reviewed. Research tended to be retrospective and correlative and there were few controlled experimental approaches that evaluated whether predator removal met our definition of success, making formal meta-analysis impossible. Predator removal appeared to only be effective for the short-term, failing in the absence of sustained predator suppression. This means predator removal was typically an ineffective and costly approach to conflicts between humans and predators. Management must consider the role of the predator within the ecosystem and the potential consequences of removal on competitors and prey. Simulations or models can be generated to predict responses prior to removing predators. We also suggest that alternatives to predator removal be further developed and researched. Ultimately, humans must coexist with predators and learning how best to do so may resolve many conflicts."
Rewilding Wearables: Sympoeitic Interfaces for Empathic Experience of Other-than-human Entities,"This project involves a series of walks in rewilded environments mediated by a wearable interface that enables the interlocutor to perceive the environment from an alien perspective. The aim is to foster empathy for other-than-human entities and promulgate holistic and biodiverse ecologies. Technocrafting the prosthetic device from organic and electronic materials by blending traditional with digital techniques, create devices that the authors term 'cyborganic'. The focus of this paper is a device that sits as if grafted around the human head, and appears to come to life embodied with its own sense of 'agency'. This paper describes the 1st and 2nd generation prototype of this device and its current configuration as an aid for empathetic experience of insects in rewilded spaces. To conclude we describe a testing methodology developed in Aarhus based on a series of walks with users where they engage in semi-structured interviews post-walk to evaluate their experience."
Rewilding South America: Ten key questions,"There are various approaches to rewilding, corresponding to different socio-ecological and policy contexts. Most South American ecosystems have experienced Pleistocene and historical defaunation and the functional persistence of many areas will depend on restoration and rewilding. Rewilding is not seen as a priority or as a tool for restoration in South America, but we argue that several concepts could potentially be adapted to their contexts to respond flexibly to developing socio-ecological conditions. Here, we consider 10 questions that rewilding projects should consider, and we provide examples of how these questions are relevant to South America and how they have been answered already, in some cases. The 10 questions include: What role should humans play in rewilding projects? How can society deal with monsters? Is there a rationale for non-analogue rewilding? How do we justify baselines? Is it possible to do rewilding with small species? What is the right scale for a rewilding project? Should rewilding projects worry about sample size and pseudo-replication? When should we rewild carnivores? Do we need to distinguish rewilding from safari parks and zoos? What should be included in integrated monitoring and assessment? The questions we raise here do not have general answers optimal for all situations, but should be answered with reference to the socio-ecological conditions and transformational possibilities in different areas of South America. (C) 2017 Associacao Brasileira de Ciencia Ecologica e Conservacao. Published by Elsevier Editora Ltda."
Probiotic Environmentalities: Rewilding with Wolves and Worms,"A probiotic turn is underway in the management of human and environmental health. Modern approaches are being challenged by deliberate interventions that introduce formerly taboo life forms into bodies, homes, cities and the wider countryside. These are guided by concepts drawn from the life sciences, including immunity and resilience. This analysis critically evaluates this turn, drawing on examples of rewilding nature reserves and reworming the human microbiome. It identifies a common ontology of socio-ecological systems marked by anthropogenic absences and tipped across thresholds into less desirable states. It examines the operation of an environmental mode of biopower associated with deliberate efforts to engineer ecologies through the introduction of keystone species. It offers a set of criteria for critically evaluating the degree to which these interventions transform or sustain prevalent forms of late modern biopolitics. The conclusion reflects on the potentials of probiotic environmentalities for hospitable government beyond the Anthropocene."
Predation risk can modify the foraging behaviour of frugivorous carnivores: Implications of rewilding apex predators for plant-animal mutualisms,"Apex predators play key roles in food webs and their recovery can trigger trophic cascades in some ecosystems. Intra-guild competition can reduce the abundances of smaller predators and perceived predation risk can alter their foraging behaviour thereby limiting seed dispersal by frugivorous carnivores. However, little is known about how plant-frugivore mutualisms could be disturbed in the presence of larger predators. We evaluated the top-down effect of the regional superpredator, the Iberian lynx Lynx pardinus, on the number of visits and fruits consumed by medium-sized frugivorous carnivores, as well as the foraging behaviour of identified individuals, by examining the consumption likelihood and the foraging time. We carried out a field experiment in which we placed Iberian pear Pyrus bourgaeana fruits beneath fruiting trees and monitored pear removal by frugivorous carnivores, both inside and outside lynx ranges. Using camera traps, we recorded the presence of the red fox Vulpes vulpes, the Eurasian badger Meles meles and the stone marten Martes foina, as well as the number of fruits they consumed and their time spent foraging. Red fox was the most frequent fruit consumer carnivore. We found there were fewer visits and less fruit consumed by foxes inside lynx ranges, but lynx presence did not seem to affect badgers. We did not observe any stone marten visits inside lynx territories. The foraging behaviour of red foxes was also altered inside lynx ranges whereby foxes were less efficient, consuming less fruit per unit of time and having shorter visits. Local availability of fruit resources, forest coverage and individual personality also were important variables to understand visitation and foraging in a landscape of fear. Our results show a potential trophic cascade from apex predators to primary producers. The presence of lynx can reduce frugivorous carnivore numbers and induce shifts in their feeding behaviour that may modify the seed dispersal patterns with likely consequences for the demography of many fleshy-fruited plant species. We conclude that knowledge of the ecological interactions making up trophic webs is an asset to design effective conservation strategies, particularly in rewilding programs."
"eDNA and metabarcoding for rewilding projects monitoring, a dietary approach","There is an increased interest in the possibility to use large animals in the restoration of degraded ecosystems and to increase the capacity of natural areas to sustain richer biodiversity. We quantify the dietary differences and similarities between five moose and 22 red deer introduced in a 2100 ha fenced area under restoration (Lille Vildmose, Denmark) and their potential in the restoration process. Moose and red deer were selected based on their biogeographic affinity and existing knowledge of their diet and feeding behaviour, and are expected to counteract encroachment on open habitats. Using eDNA metabarcoding of dung collected in the field and species identification through saliva recovered from browsed twigs, we investigated the species' diets and diet overlap after the moose were released into the area, and assessed how their diets match the expected ecosystem function. Despite the partial overlap of some dietary items, such as Betulaceae and Salicaceae, we report a differential use in height of tree species and distinctive use of other food resources between the two species, with red deer eating more herbaceous plants and the moose diet also containing aquatic plants. This study exemplifies a monitoring approach to restoration projects where large herbivores are expected to provide a key ecosystem function through their browsing and grazing."
Risks and opportunities of trophic rewilding for arthropod communities,"Trophic rewilding is a restoration strategy focusing on the restoration of trophic interactions to promote self-regulating, biodiverse ecosystems. It has been proposed as an alternative to traditional conservation management in abandoned or defaunated areas. Arthropods constitute the most speciesrich group of eukaryotic organisms, but are rarely considered in rewilding. Here, we first present an overview of direct and indirect pathways by which large herbivores and predators affect arthropod communities. We then review the published evidence of the impacts of rewilding with large herbivores on arthropods, including grey literature. We find that systematic monitoring is rare and that a comparison with a relevant control treatment is usually lacking. Nevertheless, the available data suggest that when the important process of top-down control of large-herbivore populations is missing, arthropod diversity tends to decrease. To ensure that rewilding is supportive of biodiversity conservation, we propose that if natural processes can only partially be restored, substitutes for missing processes are applied. We also propose that boundaries of acceptable outcomes of rewilding actions should be defined a priori, particularly concerning biodiversity conservation, and that action is taken when these boundaries are transgressed. To evaluate the success of rewilding for biodiversity, monitoring of arthropod communities should be a key instrument. This article is part of the theme issue 'Trophic rewilding: consequences for ecosystems under global change'."
Pleistocene rewilding:: An optimistic agenda for twenty-first century conservation,"Large vertebrates are strong interactors in food webs, yet they were lost from most ecosystems after the dispersal of modern humans from Africa and Eurasia. We call for restoration of missing ecological functions and evolutionary potential of lost North American megafauna using extant conspecifics and related taxa. We refer to this restoration as Pleistocene rewilding; it is conceived as carefully managed ecosystem manipulations whereby costs and benefits are objectively addressed on a case-by-case and locality-by-locality basis. Pleistocene rewilding would deliberately promote large, long-lived species over pest and weed assemblages, facilitate the persistence and ecological effectiveness of megafauna on a global scale, and broaden the underlying premise of conservation from managing extinction to encompass restoring ecological and evolutionary processes. Pleistocene rewilding can begin immediately with species such as Bolson tortoises and feral horses and continue through the coming decades with elephants and Holarctic lions. Our exemplar taxa would contribute biological, economic, and cultural benefits to North America. Owners of large tracts of private land in the central and western United States could be the first to implement this restoration. Risks of Pleistocene rewilding include the possibility of altered disease ecology and associated human health implications, as well as unexpected ecological and sociopolitical consequences of reintroductions. Establishment of programs to monitor suites of species interactions and their consequences for biodiversity and ecosystem health will be a significant challenge. Secure fencing would be a major economic cost, and social challenges will include acceptance of predation as an overriding natural process and the incorporation of pre-Columbian ecological frameworks into conservation strategies."
Conservation and restoration of plant-animal mutualisms on oceanic islands,"Islands harbour much of the world's threatened biodiversity. Recent work has highlighted how it is not species diversity per se but rather the interactions between organisms that breathes life into ecosystems. Thus, the real challenge to preserving and restoring biodiversity on islands is not to only focus on species themselves, but more importantly on maintaining and restoring the integrity of interactions between the species. Here we argue that mutualistic plant-animal interactions play a pivotal role with regards to conservation and restoration on islands. Furthermore, these interactions are ideally suited for inter-island comparisons due to ecological and evolutionary similarities across geographical and taxonomical boundaries. The similarities include highly generalised mutualistic systems, the evolution and readjustment of plant reproductive traits, and a disharmony in taxonomic groups of mutualists, compared to continental ecosystems. We highlight past and present threats to island plant-animal mutualisms, as well as the challenges and opportunities inherent to these interactions. In particular, we (1) argue that mutualistic networks provide an ideal approach to collect information and advance our knowledge on the systems, (2) suggest the use of interactions as biodiversity monitoring and assessment tools, (3) highlight the differences and similarities between pollination and seed dispersal interactions in the context of restoration, and (4) briefly discuss the ambiguous role of alien invasive species in the management of mutualistic interactions. Finally, we highlight how a recently proposed but controversial restoration strategy, rewilding, can be gainfully applied to and further advanced in island settings. (C) 2009 Rubel Foundation, ETH Zurich. Published by Elsevier GmbH. All rights reserved."
Scavenging in changing environments: woody encroachment shapes rural scavenger assemblages in Europe,"Rural abandonment and subsequent vegetation regeneration ('passive rewilding') are expected to increase worldwide, producing cascades of dynamic socioeconomic, landscape and biological changes. Although landscape characteristics strongly influence the structure and functioning of scavengers, little is known about the ecological consequences of passive rewilding due to woody encroachment (i.e.'landscape closure') on scavenging assemblages. We investigated differences in 'scavenger assemblage composition' (species richness and abundances) and 'scavenging efficiency' (scavenging frequency, detection and consumption times and consumption rates) in a mountain agroecosystem (Pyrenees) undergoing passive rewilding. We monitored 178 carcasses in three landscapes: 'open', 'shrubland' and 'forest', and evaluated the effects of landscape type on 'scavenger assemblage composition' and 'scavenging efficiency' at the community and species levels, while accounting for the influences of carcass size, type and placement time. We also examined whether the locally most abundant and efficient scavenger (i.e. the griffon vulture Gyps fulvus) affects scavenging patterns. We found that landscape type was the main factor governing scavenging dynamics. Overall and average scavenger richness were similar in open and shrubland landscapes, while forests contained the lowest number of scavengers, mainly comprising mammals. Unlike mammals, avian scavenging frequency decreased as vegetation cover increased, especially for obligate scavengers (i.e. vultures). Scavenger abundances were highest in open landscapes, and carcasses were detected and consumed more rapidly in these landscapes. Carcass size did not influence detection and consumption times, although it did affect average scavenger richness, abundances and consumption rates. Consumption rates were higher in open landscapes and were strongly associated with the presence of griffon vultures. Interestingly, we found that griffon vultures influenced scavenging dynamics via facilitation processes. However, woody encroachment could reduce the scavenging role of this species, while favoring mammalian facultative scavengers. Finally, our findings highlight the pivotal role of griffon vultures, mediated by landscape characteristics, in reducing carcass persistence."
"What makes urban parks good for California quail? Evaluating park suitability, species persistence, and the potential for reintroduction into a large urban national park","Preserving and restoring wildlife in urban areas benefits both urban ecosystems and the well-being of urban residents. While urban wildlife conservation is a rapidly developing field, the majority of conservation research has been performed in wildland areas. Understanding the applicability of wildland science to urban populations and the relative importance of factors limiting species persistence are of critical importance to identifying prescriptive management strategies for restoring wildlife to urban parks. We evaluated how habitat fragmentation, habitat quality and mortality threats influence species occupancy and persistence in urban parks. We chose California quail Callipepla californica as a representative species with potential to respond to urban conservation. We used publicly available eBird data to construct occupancy models of quail in urban parks across their native range, and present an application using focal parks interested in exploring quail reintroduction. Urban parks had a 0.23 +/- 0.02 probability of quail occupancy, with greater occupancy in larger parks that were less isolated from potential source populations, had higher shrub cover and had lower impervious cover. Less isolated parks had higher colonization rates, while larger parks had lower extinction rates. These results align with findings across urban ecology showing greater biodiversity in larger and more highly connected habitat patches. A case study highlighted that interventions to increase effective park size and improve connectivity would be most influential for two highly urban focal parks, while changes to internal land cover would have a relatively small impact. Low joint extinction probability in the parks (0.010 +/- 0.013) indicated reintroduced populations could persist for some time. Synthesis and applications. We show how eBird data can be harnessed to evaluate the responsiveness of wildlife to urban parks of variable size, connectivity and habitat quality, highlighting what management actions are most needed. Using California quail as an example, we found park size, park isolation and presence of coyotes are all important drivers of whether quail can colonize and persist in parks. Our results suggest reintroducing quail to parks could be successful provided parks are large enough to support quail, and management actions are taken to enhance regional connectivity or periodic assisted colonization is used to supplement local populations."
Rewilding traditional grazing areas affects scavenger assemblages and carcass consumption patterns,"The abandonment of traditional livestock farming systems in Mediterranean countries is triggering a large-scale habitat transformation, which, in general, consists of the replacement of open grazing areas by woodlands through non-managed regeneration. As a consequence, wild ungulates are occupying rapidly the empty niche left by domestic ungulates. Both types of ungulates represent the main trophic resource for large vertebrate scavengers. However, a comparison of how vertebrate scavengers consume ungulate carcasses in different habitats with different ungulate species composition is lacking. This knowledge is essential to forecast the possible consequences of the current farmland abandonment on scavenger species. Here, we compared the scavenging patterns of 24 wild and 24 domestic ungulate carcasses in a mountainous region of southern Spain monitored through camera trapping. Our results show that carcasses of domestic ungulates, which concentrate in large numbers in open pasturelands, were detected and consumed earlier than those of wild ungulate carcasses, which frequently occur in much lower densities at more heterogenous habitats such as shrublands and forest. Richness and abundance of scavengers were also higher at domestic ungulate carcasses in open habitats. Vultures, mainly griffons (Gyps fulvus), consumed most of the carcasses, although mammalian facultative scavengers, mainly wild boar (Sus scrofa) and red fox (Vulpes vulpes), also contributed importantly to the consumption of wild ungulate carcasses in areas with higher vegetation cover. Our findings evidence that the abandonment of traditional grazing may entail consequences for the scavenger community, which should be considered by ecologists and wildlife managers. (C) 2019 Gesellschaft fur Okologie. Published by Elsevier GmbH. All rights reserved."
Top-down effects of repatriating bald eagles hinder jointly recovering competitors,"1. The recovery of piscivorous birds around the world is touted as one of the great conservation successes of the 21st century, but for some species, this success was short-lived. Bald eagles, ospreys and great blue herons began repatriating Voyageurs National Park, USA, in the mid-20th century. However, after 1990, only eagles continued their recovery, while osprey and heron recovery failed for unknown reasons. 2. We aimed to evaluate whether top-down effects of bald eagles and bottom-up effects of inclement weather, habitat quality and fish resources contributed to the failed recovery of ospreys and herons in a protected area. 3. We quantified the relative influence of top-down and bottom-up factors on nest colonization, persistence (i.e., nest reuse) and success for ospreys, and occurrence and size of heronries using 26 years (1986-2012) of spatially explicit monitoring data coupled with multi-response hierarchical models and Bayesian variable selection approaches. 4. Bald eagles were previously shown to recover faster due to intensive nest protection and management. Increased numbers of eagles were associated with a reduction in the numbers of osprey nests, their nesting success and heronry size, while higher local densities of nesting eagles deterred heronries nearby. We found little evidence of bottom-up limitations on the failed recovery of herons and ospreys. 5. We present a conservation conundrum: bald eagles are top predators and a flagship species of conservation that have benefited from intensive protection, but this likely hindered the recovery of ospreys and herons. Returning top predators, or rewilding, is widely promoted as a conservation strategy for top-down ecosystem recovery, but managing top predators in isolation of jointly recovering species can halt or reverse ecosystem recovery. Previous studies warn of the potential consequences of ignoring biotic interactions amongst recovering species, but we go further by quantifying how these interactions contributed to failed recoveries via impacts on the nesting demography of jointly recovering species. Multi-species management is paramount to realizing the ecosystem benefits of top predator recovery."
From exploration to establishment: Activity changes of the first collared peccary (Pecan tajacu) group reintroduced in South America,"Reintroduction has become an increasingly common approach for conservation of endangered species. However, reintroductions can be logistically challenging and expensive, with uncertain outcomes, making it a priority to establish effective post-release monitoring techniques. In northeastern Argentina, collared peccaries (Pecan tajacu) have been locally extinct for over 50 years. As part of a multi-species rewilding project, seven captive-born collared peccaries were released into Ibera Nature Reserve in 2015. Using radio telemetry and camera traps, we evaluated temporal changes in the peccaries' post-release activity budget and activity patterns as indicators of reintroduction progress and potential establishment into the new area. Collared peccaries changed their activity budget and peak periods of activity towards a more natural pattern a year after release, from 30% to 49% foraging time and 18% to 2% traveling time. Our results highlight the potential of using activity budget assessments and camera trapping data to monitor the progress of introduced individuals and inform managers' decision-making process after reintroductions."
Ecological cascades following trophic rewilding: A case of study with dung beetles in the Ibera wetlands of Argentina,"In the context of the biodiversity crisis, trophic rewilding became an important (but controversial) management practice to restore biological interactions and ecological processes. The success of this practice relies on the richness and abundance of other organisms, mainly invertebrates. In the Ibera wetlands of Argentina, a rewilding project reintroduced large herbivores locally extinct (the Tapir and Pampas deer, among others). Taking advantage of this project, we explored taxonomic and functional changes in dung beetle assemblages associated with replacing domestic livestock with native mammals. In five replicates, we sampled dung beetles with seven different baits, estimated temperature and grass eight and described landscape composition (forest and grassland cover). Through lineal and mixed models, NMDS and ANOSIM, we compared the taxonomic and functional dung beetle structure in both areas and explored the role of environmental variables. Trophic rewilding did not change dung beetle richness and the trophic structure of assemblages; however, it strongly modified the composition of species and their functional structure. Both areas shared 40 % of species. Species associated with cow dung (such as the exotic. D. gazella) became rare or disappeared in rewilded areas. Roller species dominated rewilded areas, whereas livestock areas exhibited a large abundance of burying species. The trophic rewilding changed dung beetle assemblages in the Iber ' a partially due to changes in the diversity of available dung but also on environmental conditions. Rewilding should include the medium and long-term evaluation of other taxa and ecological processes to quantify the conservation and functional value of species reintroduction."
Long-term vegetation responses to climate depend on the distinctive roles of rewilding and traditional grazing systems,"ContextThe abandonment of traditional practices has transformed agro-pastoral systems, leading to a more frequent occurrence of passive rewilding of Mediterranean landscapes. Reconstructing ecosystem responses to climate under different grazing conditions (i.e., wild, and domestic ungulates) is important to understand the future of these ecosystems.ObjectivesHere we study the different roles of domestic and wild herbivory in defining the climate-vegetation interaction. Specifically, we evaluated (1) the effect of climate on primary productivity at the landscape scale and (2) the long-term trends of vegetation biomass in response to passive rewilding or maintenance of traditional grazing systems.MethodsThis study was carried out in South-eastern Spain. We used satellite images to generate NDVI time series that proxy primary productivity and vegetation biomass. We combined the NDVI and climate data from two key landscapes: one with wild ungulates and another predominantly with domestic ungulates.ResultsWe detected a secondary succession process in areas with only wild ungulates. In domestic herbivory areas, vegetation biomass remained constant throughout time (30 years). In domestic herbivory areas temperature and seasonal precipitation affected primary productivity. In areas with only wild herbivory, primary productivity was mainly driven by annual precipitation, and it was less dependent on seasonal precipitation.ConclusionThese results highlight the distinctive roles of herbivores in defining Mediterranean landscapes' adaptability to climate, through passive rewilding or traditional livestock use. Maintaining both ecosystems can enhance landscape heterogeneity and ecological sustainability in a context of climatic changes."
Steps to operationalize a rewilding decision: Focus on functional types,"If transparent and inclusive stakeholder discussion delivers a consensus for active rewilding, then five steps are recommended for operationalizing that decision, focused initially on the large herbivore assemblage. Consideration of large predators could follow, contingent upon the establishment of prey populations. First, determine the potential biomass density (kg/km(2)) of large mammalian herbivores in the target landscape. Regression models based on rainfall or primary productivity are helpful if applicable, otherwise comparative studies are needed. Second, use empirical data from reference ecosystems to apportion biomass density among functional types, crudely defined by body size and feeding type (grazer, browser, mixed feeder). Third, identify specific functional traits (coarse grazing, endozoochory, etc.) of particular local importance. Fourth, identify species within each functional type that are already present, estimate their potential biomass densities, and thus identify the shortfall within each cell of the body size x feeding type matrix. A candidate set of native and non-native (surrogate) species is then identified to make up the shortfalls. This is followed by an iterative process of estimating equilibrium population sizes, stakeholder acceptance, and viability of each potential population. Fifth, stakeholders must be inclusively re-engaged to visualize the potential assemblage, its expected functional interactions, the ecosystem services to be delivered, and the long-term costs (including opportunity costs) and benefits. When a plan is supported, local stakeholders should be integrated as active participants in the implementation, monitoring, and championing of their rewilding project."
Extinction of the Tasmanian emu and opportunities for rewilding,"The Tasmanian emu (Dromaius novaehollandiae diemenensis) persisted alongside Aboriginal people for similar to 40,000 years, for the last similar to 14,000 years of which Tasmania was a large, continental island. This population of emus was extirpated soon after European colonization in the 19th century. Is hunting by people sufficient to explain the rapid demise of the emu or should we look to a synergy of pressures? Could wild emus be reintroduced to Tasmania? We investigated the distribution, hunting, and extinction of emus in Tasmania, before and after colonization, using population simulations, species distribution modelling, and land use analysis. We also evaluated the potential for rewilding with emus in present Tasmanian landscapes. The Tasmanian emu was a generalist with respect to vegetation and was widespread in the lowlands of eastern Tasmania. Prior to colonization, the maximum sustainable yield of adult emus was low, less than one per person per year. Following colonization, hunting rates quickly increased to a level that can account for rapid extinction. Large parts of Tasmania have both habitat and land uses suitable for an introduction of Australian mainland emus (D. n. novaehollandiae). This putative reintroduction of emus to Tasmania could reinstate several ecological and cultural roles but successful rewilding would require support from the wider community. We recommend field trial experiments, with methodologies co-designed by local community members."
Orthoptera in the early stages of post-arable rewilding in south-east England,"The ideal aim of rewilding is to restore natural processes to create 'self-willed' ecosystems involving the creation of large areas of habitat subject to stochastic disturbance, connected by favorable corridors for species to disperse along. Reversion of arable farmland to grassland and scrub habi-tats on Black Bourn Valley nature reserve in Suffolk (south-east England) through non-intervention allowed succession to occur largely unman-aged. Fields in the early stages of rewilding (4-14 years) are found at Black Bourn Valley, while pond creation has been extensive since 2010, creat-ing water edge habitat and heterogeneity to the re-establishing grassland. Monitoring of Orthoptera revealed statistical evidence that species diver-sity/richness and field grasshopper Chorthippus brunneus (Thunberg, 1815), meadow grasshopper Pseudochorthippus parallelus (Zetterstedt, 1821), com-mon groundhopper Tetrix undulata (Sowerby, 1806) and slender ground -hopper Tetrix subulata (Linnaeus, 1758) were in higher abundance in fields >= 8 years since arable cropping ceased compared to those 4 years post re-version. Fields >= 8 years old were probably favorable due to the presence of microhabitats for basking and egg-laying orthopterans that included ant hills, sparsely vegetated pond edge and open swards with an abundance of fine-leaved grasses (Agrostis and Festuca spp.) and a low abundance of leaf litter. Lagomorph grazing by wild brown hare Lepus europaeus and rabbit Oryctoloagus cuniculus was critical in maintaining exposed soil for Orthop-tera in the older fields, while deer paths appeared to create microhabitats that may be utilized by Orthoptera. We postulate that rewilding schemes on arable farmland should use a Rewilding Max approach and avoid the frequent usage of domestic livestock, relying on wild lagomorph and un-gulate grazers to maintain an open mosaic habitat structure with only in-termittent cattle, horse, or sheep grazing."
A noteworthy case of rewilding Chinese yew from a garden population in eastern China,"Chinese yew (Taxus wallichiana var. mairei) is ranked as a rare and endangered plant of first-grade protection of China. It has been widely cultivated in 17 provinces of China over the past few decades. However, little is known about the dispersion, rewilding, and ecological influence of Chinese yew's offspring during cultivation. Here, we report a noteworthy case of this species, via ex situ conservation, which has successfully spread into different secondary forests, thus forming a stable regenerating population in eastern China. The establishment of this yew population, which has > 900 individuals and 7 ha area, can be ascribed to two key ecological factors: (1) secondary forest near the parent yews that provided suitable microhabitats in which progeny yews could germinate and grow, and (2) seed-foraging and transportation by native birds. Thus, this case may offer a pathway for conserving endangered Chinese Taxus species, which can attract frugivorous birds to disperse their seeds. In addition, it is necessary to monitor the growth performance of progeny population in the field."
Decision-Making for Rewilding: An Adaptive Governance Framework for Social-Ecological Complexity,"Rewilding can be defined as the reorganisation or regeneration of wildness in an ecologically degraded landscape with minimal ongoing intervention. While proposals for rewilding are increasingly common, they are frequently controversial and divisive amongst stakeholders. If implemented, rewilding initiatives may alter the social-ecological systems within which they are situated and thus generate sudden and unforeseen outcomes. So far, however, much of the discourse on the planning and implementation of rewilding has focused on identifying and mitigating ecological risks. There has been little consideration of how rewilding could alter the human components of the social-ecological systems concerned, nor governance arrangements that can manage these dynamics. This paper addresses this gap by proposing a generic adaptive governance framework tailored to the characteristics of rewilding, based on principles of managing complex social-ecological systems. We integrate two complementary natural resource governance approaches that lend themselves to the contentious and unpredictable characteristics of rewilding. First, adaptive co-management builds stakeholder adaptive capacity through iterative knowledge generation, collaboration and power-sharing, and cross-scale learning networks. Second, social licence to operate establishes trust and transparency between project proponents and communities through new public-private partnerships. The proposed framework includes structural and process elements which incorporate a boundary organisation, a decision-into-practise social learning exercise for planning and design, and participatory evaluation. The latter assesses rewilding outcomes and pre-conditions for the continuation of adaptive governance and conservation conflict resolution."
Management of vampire bats and rabies: a precaution for rewilding projects in the Neotropics,"Changes in animal population dynamics and community composition following species (re)introduction may have unanticipated consequences for a variety of downstream ecosystem processes, including infectious disease transmission. Due the lessons learned from ongoing projects, we present a novel approach on how to anticipate, monitor, and mitigate the vampire bats and rabies in rewilding projects. We pinpoint a series of precautions and the need for long-term monitoring of vampire bats and rabies responses to rewilding projects and highlighted the importance of multidisciplinary teams of scientist and managers focusing on prevention educational program of rabies risk transmitted by bats. In addition, monitoring the relative abundance of vampire bats, considering reproductive control by sterilization and oral vaccines that autonomously transfer among bats would reduce the probability, size and duration of rabies outbreaks. The rewilding assessment framework presented here responds to calls to better integrate the science and practice of rewilding and will help conservation practitioners and researchers to develop effective message framing strategies that minimize bats emerging infectious diseases and support biodiversity and its associated ecosystem services. (C) 2021 Associacao Brasileira de Ciencia Ecologica e Conservacao. Published by Elsevier Editora Ltda."
Using fire to enhance rewilding when agricultural policies fail,"Rewilding has been proposed as an opportunity for biodiversity conservation in abandoned landscapes. However, rewilding is challenged by the increasing fire risk associated with more flammable landscapes, and the loss of open-habitat specialist species. Contrastingly, supporting High Nature Value farmlands (HNVf) has been also highlighted as a valuable option, but the effective implementation of agricultural policies often fails leading to uncertain scenarios wherein the effects of wildfire management remain largely unexplored. Herein, we simulated fire-landscape dynamics to evaluate howfire suppression scenarios affect fire regime and biodiversity (102 species of vertebrates) under rewilding and HNVf policies in the future (2050), in a transnational biosphere reserve (Geres-Xures Mountains, Portugal-Spain). Rewilding and HNVf scenarios were modulated by three different levels of fire suppression effectiveness. Then, we quantified scenario effects on fire regime (burned and suppressed areas) and biodiversity (habitat suitability change for 2050). Simulations confirm HNVf as a long-term opportunity for fire suppression (up to 30,000 ha of additional suppressed areas between 2031 and 2050 in comparison to rewilding scenario) and for conservation (benefiting around 60% of species). Rewilding benefits some species (20%), including critically endangered, vulnerable and endemic taxa, while several species (33%) also profit from open habitats created by fire. Although HNVf remains the best scenario, rewilding reinforced by low fire suppression management may provide a nature-based solution when societal support through agricultural policies fails. (C) 2020 The Author(s). Published by Elsevier B.V."
Rewilding clearcuts: shrub vegetation as a facilitator of movement of a forest specialist,"Replacement of native forests by exotic monoculture plantations is the principal driver of land change in central Chile; it reduces the richness and abundance of native mammals. The presence of shrub vegetation in mature pine plantation enhances habitat quality for small mammals. However, the role of structural complexity of shrub vegetation in young pine plantations after clearcutting remains unknown. Since plantations are managed by clearcutting, young pine plantations act as a barrier to movement of forest species. We tested if shrub vegetation contributes to rewilding harvested areas, assessing the movements of the long-haired field mouse (Abrothrix longipilis), a forest rodent, from native forest or mature pine plantations into young pine plantations. We evaluated habitat use at the edge of contrasting habitats, young pine plantations, and native forest or mature pine plantations. Habitat use was higher in young plantations that have shrub vegetation than those that have no shrubs. The long-haired field mouse is willing to use young plantations when shrub vegetation is developed."
Implications of Spatial Habitat Diversity on Diet Selection of European Bison and Przewalski's Horses in a Rewilding Area,"In Europe, the interest in introducing megaherbivores to achieve ambitious habitat restoration goals is increasing. In this study, we present the results of a one-year monitoring program in a rewilding project in Germany (Doeberitzer Heide), where European bison (Bison bonasus) and Przewalski's horses (Equus ferus przewalskii) were introduced for ecological restoration purposes. Our objectives were to investigate diet and habitat preferences of Przewalski's horses and European bison under free-choice conditions without fodder supplementation. In a random forest classification approach, we used multitemporal RapidEye time series imagery to map the diversity of available habitats within the study area. This spatially explicit habitat distribution from satellite imagery was combined with direct field observations of seasonal diet preferences of both species. In line with the availability of preferred forage plants, European bison and Przewalski's horses both showed seasonal habitat preferences. Because of their different preferences for forage plants, they did not overlap in habitat use except for a short time in the colder season. European bison used open habitats and especially wet open habitats more than expected based on available habitats in the study area. Comparative foraging and feeding niches should be considered in the establishment of multispecies projects to maximize the outcome of restoration processes."
Rewilding cultural landscape potentially puts both endemism at risk: A Tibetan Plateau case study,"Ecological restoration is becoming a primary strategy to increase provisions of ecosystem services and reverse biodiversity losses. In cultural landscapes undergoing land use extensification, rewilding has been proposed as a viable approach to reverse biodiversity loss through reducing human impacts. The world's largest ecological restoration campaign is taking place on the eastern Qinghai-Tibetan Plateau (QTP) to combat grassland degradation and enhance the upper stream region's water retention capacity. However, little is known about whether the large-scale rewilding also benefits the unique bird assemblage of the eastern QTP. Our study aims to make science-based conservation recommendations for the Tibetan avifauna by detecting their diversity and endemism distribution patterns at the local scale. In the breeding seasons of 2014 and 2015, we carried out bird surveys and conducted a habitat mapping using three Unmanned Aerial Vehicles (UAVs). We developed a comprehensive set of 2D and 3D habitat feature parameters from the high-resolution (10 cm level) UAV-derived images. Meanwhile, we employed the participatory GIS approach to acquire farm-scale human land-use data. Our results indicate that the distributions of avian diversity, endemism and abundance are not congruent across the eastern QTP, which calls for the conservation of different habitat types. Vertical and horizontal habitat heterogeneity maintain the local bird diversity with anthropogenic elements significantly enriching the overall bird abundance. Degraded pastures provided key habitats for two highly abundant endemic passerines the White-rumped Snowfinch Ortychosmuthus taczanowskii and the Ground Tit Pseudopodoces humilis. At the landscape scale, historical human-nature interactions between Tibetan nomads and the alpine environment formed the landscapes patchy vegetation structure. Our results reveal that the Tibetan cultural landscape maintains the structural heterogeneity needed to achieve multiple bird conservation objectives on the eastern QTP. Restoring the cultural landscape to a 'natural' tall-grass or dense-shrubland state of high water-retention capacity may result in the loss of both high-abundance avian communities and endemic species diversity. Our empirical study also indicated that rewilding abandoned agricultural landscape will not necessarily lead to a desired conservation outcome, especially when the requirements of habitat specialists and endemics are not taken into account. Moreover, ecological restoration projects should evaluate the divergences between their ecosystem service and biodiversity objectives."
Abandoning or Reimagining a Cultural Heartland? Understanding and Responding to Rewilding Conflicts in Wales - the Case of the Cambrian Wildwood,"This paper is about rewilding and the tensions it involves. Rewilding is a relatively novel approach to nature conservation, which seeks to be proactive and ambitious in the face of continuing environmental decline. Whilst definitions of rewilding place a strong emphasis on non-human agency, it is an inescapably human aspiration resulting in a range of social conflicts. The paper focuses on the case study of the Cambrian Wildwood project in Mid Wales (UK), evaluating the ways in which debate and strategic action to advance rewilding is proceeding. assessing the extent to which compromise and learning has occurred amongst advocates. As such, we provide an important addition to the field, by detailing how conflicts play out over time and how actors' positioning and approach shifts, and why. In this case, tempers have flared around the threat that rewilding is seen to pose to resident farming communities. Tensions discussed include the differing social constructions of landscape and nature involved; the distribution of impacts on different stakeholders; and the relative power of different actors to make decisions and gain representation. Responding to these, the paper outlines how rewilding advocates have sought to advance a more peopled and culturally responsive vision, which seeks to champion sustainable livelihood strategies. The changes in approach detailed demonstrate a reflexive stance from rewilders, which suggests that learning and adaptation can occur. Nonetheless. caution is expressed regarding the extent to which rewilding can truly advance inclusive opportunities for rural change, given a continued return amongst stakeholders to exclusionary narratives of belonging and authenticity, suggesting substantive difficulty in moving beyond longstanding concerns over identity and the re-imagination of place. Rewilding, it would seem, is about who we think we are and how we co-constitute our sense of self. We, therefore. close by arguing that tactics and politicking can only have so much bearing, tensions over rewilding are unavoidably emotional."
Introduced megafauna are rewilding the Anthropocene,"Large herbivorous mammals, already greatly reduced by the late-Pleistocene extinctions, continue to be threatened with decline. However, many herbivorous megafauna (body mass 100 kg) have populations outside their native ranges. We evaluate the distribution, diversity and threat status of introduced terrestrial megafauna worldwide and their contribution towards lost Pleistocene species richness. Of 76 megafauna species, 22 (similar to 29%) have introduced populations; of these eleven (50%) are threatened or extinct in their native ranges. Introductions have increased megafauna species richness by between 10% (Africa) and 100% (Australia). Furthermore, between 15% (Asia) and 67% (Australia) of extinct species richness, from the late Pleistocene to today, have been numerically replaced by introduced megafauna. Much remains unknown about the ecology of introduced herbivores, but evidence suggests that these populations are rewilding modern ecosystems. We propose that attitudes towards introduced megafauna should allow for broader research and management goals."
"Natural vs anthropogenic streams in Europe: History, ecology and implications for restoration, river-rewilding and riverine ecosystem services","In Europe and North America the prevailing model of natural lowland streams is incised-meandering channels with silt-clay floodplains, and this is the typical template for stream restoration. Using both published and new unpublished geological and historical data from Europe we critically review this model, show how it is inappropriate for the European context, and examine the implications for carbon sequestration and Riverine Ecosystem Services (RES) including river rewilding. This paper brings together for the first time, all the pertinent strands of evidence we now have on the long-term trajectories of floodplain system from sediment-based dating to sedaDNA. Floodplain chronostratigraphy shows that early Holocene streams were predominantly multi-channel (anabranching) systems, often choked with vegetation and relatively rarely single-channel actively meandering systems. Floodplains were either non-existent or limited to adjacent organic-filled palaeochannels, spring/valley mires and flushes. This applied to many, if not most, small to medium rivers but also major sections of the larger rivers such as the Thames, Seine, Rhone, Lower Rhine, Vistula and Danube. As shown by radiocarbon and optically stimulated luminescence (OSL) dating during the mid-late Holocene c. 4-2 ka BP, overbank silt-clay deposition transformed European floodplains, covering former wetlands and silting-up secondary channels. This was followed by direct intervention in the Medieval period incorporating weir and mill based systems- part of a deep engagement with rivers and floodplains which is even reflected in river and floodplain settlement place names. The final transformation was the industrialisation of channels through hard-engineering - part of the Anthropocene great acceleration. The primary causative factor in transforming pristine floodplains was accelerated soil erosion caused by deforestation and arable fanning, but with effective sediment delivery also reflecting climatic fluctuations. Later floodplain modifications built on these transformed floodplain topographies. So, unlike North America where channel-floodplain transformation was rapid, the transformation of European streams occurred over a much longer time-period with considerable spatial diversity regarding timing and kind of modification. This has had implications for the evolution of RES including reduced carbon sequestration over the past millennia. Due to the multi-faceted combination of catchment controls, ecological change and cultural legacy, it is impractical, if not impossible, to identify an originally natural condition and thus restore European rivers to their pre-transformation state (naturalisation). Nevertheless, attempts to restore to historical (pre-industrial) states allowing for natural floodplain processes can have both ecological and carbon offset benefits, as well as additional abiotic benefits such as flood attenuation and water quality improvements. This includes rewilding using beaver reintroduction which has overall positive benefits on river corridor ecology. New developments, particularly biomolecular methods offer the potential of unifying modern ecological monitoring with the reconstruction of past ecosystems and their trajectories. The sustainable restoration of rivers and floodplains designed to maximise desirable RES and natural capital must be predicated on the awareness that Anthropocene rivers are still largely imprisoned in the banks of their history and this requires acceptance of an increased complexity for the achievement and maintenance of desirable restoration goals."
"Impact of rewilding, species introductions and climate change on the structure and function of the Yukon boreal forest ecosystem","Community and ecosystem changes are happening in the pristine boreal forest ecosystem of the Yukon for 2 reasons. First, climate change is affecting the abiotic environment (temperature, rainfall and growing season) and driving changes in plant productivity and predator-prey interactions. Second, simultaneously change is occurring because of mammal species reintroductions and rewilding. The key ecological question is the impact these faunal changes will have on trophic dynamics. Primary productivity in the boreal forest is increasing because of climatic warming, but plant species composition is unlikely to change significantly during the next 50-100 years. The 9-10-year population cycle of snowshoe hares will persist but could be reduced in amplitude if winter weather increases predator hunting efficiency. Small rodents have increased in abundance because of increased vegetation growth. Arctic ground squirrels have disappeared from the forest because of increased predator hunting efficiency associated with shrub growth. Reintroductions have occurred for 2 reasons: human reintroductions of large ungulates and natural recolonization of mammals and birds extending their geographic ranges. The deliberate rewilding of wood bison (Bison bison) and elk (Cervus canadensis) has changed the trophic structure of this boreal ecosystem very little. The natural range expansion of mountain lions (Puma concolor), mule deer (Odocoileus hemionus) and American marten (Martes americana) should have few ecosystem effects. Understanding potential changes will require long-term monitoring studies and experiments on a scale we rarely deem possible. Ecosystems affected by climate change, species reintroductions and human alteration of habitats cannot remain stable and changes will be critically dependent on food web interactions."
Urban habitat restoration provides a human health benefit through microbiome rewilding: the Microbiome Rewilding Hypothesis,"Restoration aims to return ecosystem services, including the human health benefits of exposure to green space. The loss of such exposure with urbanization and industrialization has arguably contributed to an increase in human immune dysregulation. The Biodiversity and Old Friends hypotheses have described the possible mechanisms of this relationship, and suggest that reduced exposure to diverse, beneficial microorganisms can result in negative health consequences. However, it is unclear whether restoration of biodiverse habitat can reverse this effect, and what role the environmental microbiome might have in such recovery. Here, we propose the Microbiome Rewilding Hypothesis, which specifically outlines that restoring biodiverse habitats in urban green spaces can rewild the environmental microbiome to a state that enhances primary prevention of human disease. We support our hypothesis with examples from allied fields, including a case study of active restoration that reversed the degradation of the soil bacterial microbiome of a former pasture. This case study used high-throughput amplicon sequencing of environmental DNA to assess the quality of a restoration intervention in restoring the soil bacterial microbiome. The method is rapid, scalable, and standardizable, and has great potential as a monitoring tool to assess functional outcomes of green-space restoration. Evidence for the Microbiome Rewilding Hypothesis will help motivate health professionals, urban planners, and restoration practitioners to collaborate and achieve co-benefits. Co-benefits include improved human health outcomes and investment opportunities for biodiversity conservation and restoration."
Rewilding the Atlantic Forest: Restoring the fauna and ecological interactions of a protected area,"The loss or reduction of animal populations and consequent extinction of ecological interactions in Neotropical forests demand urgent conservation initiatives to reverse these trends. One of the rainforests with the highest levels of mammal defaunation is the Brazilian Atlantic Forest. Local mammalian extinctions in the biome were evaluated to set out priorities. Researchers, reserve managers and ex situ animal keepers throughout the Atlantic Forest were connected through a reintroduction network. From 2010 to 2017, we reintroduced two important seed dispersers, the red-humped agouti and the brown howler monkey, in Tijuca National Park, Rio de Janeiro, with other species on their way. We monitored the reintroduced populations regarding demography, spatial patterns, diet and their effect on ecological interactions. They interacted with several plant species, including large-seeded ones. We found 25 dung beetles species interacting with howlers feces. As TNP lacked medium and large sized frugivores, the increased dispersal can have a disproportional effect on forest regeneration. Among the main constraints for refaunation programs we pointed out delays to obtain environmental licenses, scarcity of source populations and difficulties regarding quarantine, release and monitoring of the animals. Refaunation has shown promise as a low-cost, effective way to restore ecological processes in defaunated Neotropical forests. (C) 2017 Associacao Brasileira de Ciencia Ecologica e Conservacao. Published by Elsevier Editora Ltda."
Rewilding ecological communities and rewiring ecological networks,"Rewilding encompasses management actions such as reintroductions and translocations with the purpose of restoring ecological processes and ecosystem functions that were lost when species were locally extirpated. The success of a species introduction is conditioned by multiple factors, in particular, ecological interactions. To predict the fate of the introduced population and the community-level outcomes of the introduction, species interaction patterns need to be considered. Here I propose that ecological network models can help in rewilding projects in at least three ways. First, combining ecological information and probabilistic models it is possible to infer the most likely ways whereby the introduced species will integrate the community and which will be its role in the topology of the food web. Second, by determining the species more likely to interact directly or indirectly with the introduced species, it is possible to identify those species that may affect the success of the introduction and those that are more likely to be affected. Third, by constructing potential interaction networks representing the rewilding scenario, one can infer the possible ways by which the overall structure of the network will change and thus devise more efficient plans to monitor the community. Network models can be an important asset in rewilding, helping in feasibility and risk assessment as well as in monitoring the consequences after species release. (C) 2017 Associacao Brasileira de Ciencia Ecologica e Conservacao. Published by Elsevier Editora Ltda."
"Paiutes and Shoshone Would Be Killed For This Whiteness, Rewilding, and the Malheur Occupation","The High Desert Wildtending Network is a grassroots movement of mostly white and non -Native nomadic rewilders in the northwest United States who appropriate Indigenous traditional ecological knowledge, gathering and replanting wild foods in a seasonal round. Evaluating Wildtending's potentialities for settler-Indigenous solidarity, this article discusses the network's rhetorical shifts within the context of the 2016 armed occupation at the Malheur National Wildlife Refuge and the movement against the Dakota Access Pipeline at Standing Rock."
Rewilding: A Call for Boosting Ecological Complexity in Conservation,"Rewilding has emerged as an audacious conservation approach aiming at restoring wild species interactions and their regulation of ecosystem processes by focusing on the key role of species that have been extensively extirpated by humans. Rewilding has gained increasing attention from scientists, conservationists and the mass-media. Yet, it has raised highly divergent perspectives as to which ecological processes and species assemblages should be restored. Here we argue that a pragmatic and immediate approach to rewilding unequivocally focused on preserving and restoring the structural and functional complexity of ecosystems must become a primary component of biodiversity conservation. We propose a process-oriented formulation of the rewilding hypothesis as a general guide to assess the conservation benefits of reverting defaunation. Finally, we identify the need for a framework where the benefits, risks, and costs of rewilding can be evaluated in relation to restoration baselines and the intensity of interventions required to achieve conservation goals."
Rewilding with large herbivores: Direct effects and edge effects of grazing refuges on plant and invertebrate communities,"Natural grazing refuges can contribute significantly to plant and animal diversity in grazed ecosystems, particularly when herbivore densities are high. When natural grazing refuges are absent, artificial refuges could be created, for example by means of fencing. It remains, however, unclear how grazing refuges affect the diversity of various taxa in their surroundings. Edge effects can be expected to be positive for biodiversity because at these edges minimal disturbance is combined with beneficial light conditions for plant diversity. This can be expected to decrease with increasing distance and to differ between matrix vegetation types. Here, we investigated the impact of herbivore exclusion through fencing on communities of plants and various invertebrate taxa in a rewilding area on very productive soil, the Oostvaardersplassen, The Netherlands. The area is grazed year round by Heck cattle, konik horses and red deer, at a combined density of approximately 2.4 animal ha(-1). Ten exclosures (13 x 12 m) were erected in 2010 and plant communities were monitored for three years. In the third year, pitfall trapping, earthworm counts and plant surveys were performed in the centre, at the edge, at 10 m and at 20 m distance from each exclosure. Plant species richness declined strongly at the centre of the exclosures, but remained high outside the exclosures and at their edges. Earthworm, isopod, myriapod and ground beetle diversity increased in the exclosures, but showed small or no differences in species composition, while weevils showed a decrease. Spider, true bug, and leafhopper diversity did not differ, but showed large changes in species composition. For leaf-, dung and click beetles, neither diversity nor species composition differed systematically between treatments. For all taxa, diversity at the exclosure edges was as high as in the most diverse treatments, thus, combining all taxa to calculate multidiversity showed species richness to peak at the edge of the exclosures, but this positive edge-effect extended less than 10 metres. We conclude that when natural grazing refuges are not present, the creation of grazing refuges may thus be an effective management tool to increase diversity. Because exclosure edges support the highest multidiversity, maximising the edge length will have most beneficial effects for grassland flora and fauna, which can be achieved by creating many small, rather than few large refuges, or by creating serrated rather than straight edges. Such positive effects can be expected to be beneficial to higher trophic levels such as birds and other vertebrates. (C) 2016 Elsevier B.V. All rights reserved."
Science for a wilder Anthropocene: Synthesis and future directions for trophic rewilding research,"Trophic rewilding is an ecological restoration strategy that uses species introductions to restore top-down trophic interactions and associated trophic cascades to promote self-regulating biodiverse ecosystems. Given the importance of large animals in trophic cascades and their widespread losses and resulting trophic downgrading, it often focuses on restoring functional megafaunas. Trophic rewilding is increasingly being implemented for conservation, but remains controversial. Here, we provide a synthesis of its current scientific basis, highlighting trophic cascades as the key conceptual framework, discussing the main lessons learned from ongoing rewilding projects, systematically reviewing the current literature, and highlighting unintentional rewilding and spontaneous wildlife comebacks as underused sources of information. Together, these lines of evidence show that trophic cascades may be restored via species reintroductions and ecological replacements. It is clear, however, that megafauna effects may be affected by poorly understood trophic complexity effects and interactions with landscape settings, human activities, and other factors. Unfortunately, empirical research on trophic rewilding is still rare, fragmented, and geographically biased, with the literature dominated by essays and opinion pieces. Wehighlight the need for applied programs to include hypothesis testing and science-based monitoring, and outline priorities for future research, notably assessing the role of trophic complexity, interplay with landscape settings, land use, and climate change, as well as developing the global scope for rewilding and tools to optimize benefits and reduce human-wildlife conflicts. Finally, we recommend developing a decision framework for species selection, building on functional and phylogenetic information and with attention to the potential contribution from synthetic biology."
Rural abandoned landscapes and bird assemblages: winners and losers in the rewilding of a marginal mountain area (NW Spain),"In many regions of Europe, large-scale socio-economic changes have led to the abandonment of rural activities and a gradual takeover of natural vegetation. It is important to assess the relative positive and negative effects of land abandonment on particular areas where the low-intensity farming is no longer socially or economically viable in order to quantify the potential conservation costs and benefits of a rewilding as a land-use management policy. During the period 2000-2010, we studied the land-use/land-cover changes in an abandoned mountain landscape (Galicia, NW Spain) and evaluated the effects on breeding bird occurrence and distribution. For this purpose, we analysed remotely sensed data-derived maps in combination with data obtained from bird censuses carried out in 2000 and 2010 at both landscape and census plot scale. The results revealed a gradient of change from bare ground and open shrubland to closed shrubland and woodland. Thirteen shrubland and forest bird species showed a significant increase (including species of conservation concern such as Turtle Dove, Dartford Warbler and Western Bonelli's Warbler), while four ecotone and open-habitat species (e.g. Red-backed Shrike) showed a significant negative trend. In conclusion, rewilding appears to have overall positive effects on biodiversity and should be considered by policy makers as alternative land-use strategy in marginal mountain areas, particularly if they have been historically affected by wildfires. Fire management aimed at favouring the creation of small burned areas in progressively closed landscapes derived from rewilding may be a complementary alternative to maintain open habitats in these areas."
Genetic Assessments and Parentage Analysis of Captive Bolson Tortoises (Gopherus flavomarginatus) Inform Their Rewilding'' in New Mexico,"The Bolson tortoise (Gopherus flavomarginatus) is the first species of extirpated megafauna to be repatriated into the United States. In September 2006, 30 individuals were translocated from Arizona to New Mexico with the long-term objective of restoring wild populations via captive propagation. We evaluated mtDNA sequences and allelic diversity among 11 microsatellite loci from the captive population and archived samples collected from wild individuals in Durango, Mexico (n = 28). Both populations exhibited very low genetic diversity and the captive population captured roughly 97.5% of the total wild diversity, making it a promising founder population. Genetic screening of other captive animals (n = 26) potentially suitable for reintroduction uncovered multiple hybrid G. flavomarginatusxG. polyphemus, which were ineligible for repatriation; only three of these individuals were verified as purebred G. flavomarginatus. We used these genetic data to inform mate pairing, reduce the potential for inbreeding and to monitor the maintenance of genetic diversity in the captive population. After six years of successful propagation, we analyzed the parentage of 241 hatchlings to assess the maintenance of genetic diversity. Not all adults contributed equally to successive generations. Most yearly cohorts of hatchlings failed to capture the diversity of the parental population. However, overlapping generations of tortoises helped to alleviate genetic loss because the entire six-year cohort of hatchlings contained the allelic diversity of the parental population. Polyandry and sperm storage occurred in the captives and future management strategies must consider such events."
"Rewilding the Scottish Highlands: Do Wild Boar, Sus scrofa, Use a Suitable Foraging Strategy to be Effective Ecosystem Engineers?","Ecosystem engineers are increasingly being reintroduced to restore ecological processes in restoration and rewilding projects. To predict and adaptively manage the impact of such species their behavioral ecology must be understood and quantified. Rooting behavior by wild boar qualifies them as ecosystem engineers due to their impact on vegetation disturbance regimes. The behavioral foraging ecology of wild boar was quantified in a fenced area in the Scottish Highlands in order to provide some of the understanding necessary to predict their ability to affect ecosystem restoration. Five wild boar were monitored within a 125ha fenced area using Global Positioning System (GPS) collars and behavioral monitoring over a 12-month period. Their activity budget, the relationship between foraging behavior and vegetation communities, and how these relationships vary between seasons was investigated. The results indicate that wild boar invested approximately four more hours daily to rooting during the autumn and winter than the spring and summer. During the spring and summer, grazing was the dominant foraging behavior (approximately 28% of foraging period) while rooting dominated in autumn and winter (approximately 76% of foraging period). Deep rooting behavior is particularly associated with bracken-dominated communities. Associations between rooting, vegetation community, and season will have a strong influence on the spatial and temporal distribution of rooting behavior. This variation could have important implications for the impacts of boar on vegetation community dynamics. These results detail some of wild boar's ecosystem engineering behaviors; however, further research is required to consider the wider impacts of a full reintroduction."
Evaluating how management policies affect red wolf mortality and disappearance,"Poaching is the major cause of death for large carnivores in several regions, contributing to their global endangerment. The traditional hypothesis used in wildlife management (killing for tolerance) suggests reducing protections for a species will decrease poaching. However, recent studies suggest reducing protections will instead increase poaching (facilitated illegal killing) and its concealment (facilitated cryptic poaching). Here, we build survival and competing risk models for mortality and disappearances of adult collared red wolves (Canis rufus) released in North Carolina, USA from 1987 to 2020 (n = 526). We evaluated how changes in federal and state policies protecting red wolves influenced the hazard and incidence of mortality and disappearance. We observed substantial increases in the hazard and incidence of red wolf reported poaching, and smaller increases in disappearances, during periods of reduced federal and state protections (including liberalizing hunting of coyotes, C. latrans); white-tailed deer (Odocoileus virginianus) and American black bear (Ursus americanus) hunting seasons; and management phases. Observed increases in hazard (85-256%) and incidence of reported poaching (56-243%) support the 'facilitated illegal killing' hypothesis. We suggest improving protective policies intended to conserve endangered species generally and large carnivores in particular, to mitigate environmental crimes and generally improve the protection of wild animals."
"Building robust, practicable counterfactuals and scenarios to evaluate the impact of species conservation interventions using inferential approaches","Robust evaluation of the impact of biodiversity conservation actions is important not only for ensuring that conservation strategies are effective and maximise return on investment, but also to identify and celebrate successful conservation strategies. This evaluation can be retrospective (comparing the current situation to a counterfactual scenario) or forward-looking (comparing future scenarios with or without conservation). However, assessment of impact using experimental or quasi-experimental designs is typically difficult in conservation, so rigorous inferential approaches are required. Inferential assessment of impact is a key part of the new IUCN Green Status of Species, which greatly amplifies the need for standardised and practical species impact evaluation methods. Here, we use the Green Status of Species method as a base to review how inferential methods can be used to evaluate conservation impact at the species level. We identify three key components of the inferential impact evaluation process-estimation of scenario outcomes, selection of baseline scenario, and frame of reference-and explain, with examples, how to reduce the subjectivity of these steps. We propose a step-by-step guide, incorporating these principles, that can be used to infer scenario outcomes in order to evaluate past and future conservation impact in a wide range of situations, not just Green Status of Species assessments. We recommend that future non-experimental conservation interventions facilitate the process of evaluating impact by identifying the variable(s) that will be used to measure impact at the design stage, and by using conceptual models to help choose conservation actions most likely to have the desired impact."
Environmental suitability and potential range expansion of the Eurasian beaver in Italy,"Reintroduction and rewilding initiatives are key strategies to reverse human impacts on ecosystems and re-establish natural processes. However, rewilding may involve complex management scenarios, because many expanding species can have economic impacts and cause human-wildlife conflicts. Conflicts can be particularly challenging when carnivores, large herbivores and ecosystem engineers are involved. The Eurasian beaver (Castor fiber) is a key ecosystem engineer that was once present in a large part of the Palearctic, but in Medieval times underwent a severe decline due to the joint effects of habitat loss and hunting. Subsequent legal protection and reintroductions triggered the recovery of the species through most of its original range. Eurasian beavers recently started the recolonization of Italy, because of the joint effects of natural dispersal (from Austria to northern Italy) and illegal reintroductions (central Italy). The lack of data on the most likely colonization routes hampers appropriate management of this species. Here, we identified the areas where beaver populations are most likely to arrive in the near future within Europe, with a specific focus on Italy. First, we developed spatially cross-validated species distribution models to identify the areas with the highest suitability for the Eurasian beaver in Europe. Second, we used connectivity modelling to assess the possible expansion routes of this species in Italy. Large areas of Europe are suitable for the beaver and may soon be colonized. The connectivity model showed a high potential for expansion from central Italy to surrounding areas, while the high isolation of northern Italy populations suggests a slower expansion. Our results can help environmental managers to understand where to focus both the future monitoring of beaver populations and actions aimed at preventing and mitigating possible human-wildlife conflicts that could arise from the expansion of an environmental engineer such as the beaver."
Evaluating the performance of conservation translocations in large carnivores across the world,"Globally, fragmented landscapes and other anthropogenic pressures are causing declines in large carnivore populations. Conservation organizations are working to counteract these trends through the translocations of large carnivores, for example by reintroducing them to their historic ranges or by reinforcing existing populations to promote gene flow and resilience. This study analyses a dataset gathered from 33 translocation projects involving 297 individual animals across 22 countries in five continents, with 18 different large carnivore (>15 kg) species surveyed. An overall success rate (survival > six months) of 66 % for all individuals was shown for large carnivores, indicating an above average success rate when compared to the translocation of other terrestrial vertebrates. While captive-born individuals still fared worse than wild-born individuals, a 32 % increase in success rates was observed for releases of captive-born individuals within the last 14 years compared to a 17 % increase in success for releases of wild-born individuals. Despite the encouraging trends in metrics of success, only 37 % of study individuals were observed engaging in reproductive behavior. While this is likely an under-count, we caution against the conflation of translocation success with population establishment. We also identified key choices in the decision tree facing those implementing translocations, and analyzed associated metrics of success. Critical decisions include whether or not to use soft-releases, choosing younger animals, selecting unfenced release locations, and sourcing wild-born individuals - all of which can lead to a higher likelihood of success. As the UN Decade of Ecosystem Restoration gets underway, we hope this information can assist decision makers and practitioners in achieving more desirable outcomes for conservation translocation of large carnivores."
"Post-release dispersal and breeding site suitability of reintroduced populations of the Crested Ibis in Shaanxi Province, China","Post-release dispersal of reintroduced animals refers to the process of successful colonization and failed settlement. To ensure the establishment and persistence of a reintroduced population, the impacts of different factors on the post-release dispersal of captive-bred animals must be assessed. In this article, we focused on two reintroduced Crested Ibis (Nipponia nippon) populations in Shaanxi Province, China. We applied multiple approaches to evaluate the effects of age, body weight, sex, timing of release, size of acclimatization cages for rewilding, and duration of acclimatization on the survival rate of released populations. The results showed that the survival capacity of released individuals was negatively correlated with their age in Ningshan County (Spearman, r = -0.344, p = 0.03, n = 41). The released ibises in Ningshan and Qianyang County had an average dispersal direction of 210.53 degrees +/- 40.54 degrees (Rayleigh's z test: z = 7.881 > z(0.05), p < 0.01, n = 13) and 27.05 degrees +/- 2.85 degrees (Rayleigh's z test: z = 5.985 > z(0.05), p < 0.01, n = 6), respectively, suggesting that the dispersal tended to clump in one direction in both sites. The MaxEnt modeling results indicated that the most significant environmental factor responsible for breeding site selection in Ningshan County was paddy field. In Qianyang County, precipitation affects nest site selection through influencing food availability. In conclusion, the evaluation framework used in this study can serve as an example for developing conservation priorities on the landscape scale for more animal reintroductions."
"Restoring a butterfly hot spot by large ungulates refaunation: the case of the Milovice military training range, Czech Republic","Background Refaunation/rewilding by large ungulates represents a cost-efficient approach to managing natural biotopes and may be particularly useful for areas whose biodiversity depends on disturbance dynamics and is imperilled by successional changes. To study impacts of refaunation on invertebrates, we focused on butterflies inhabiting the former military training range Milovice, Czech Republic, refaunated since 2015 by a combination of Exmoor pony (wild horse), Tauros cattle (aurochs), and European wisent. Methods We analysed butterfly presence-absence patterns immediately after the military use termination (early 1990s), prior to the refaunation (2009), and after it (2016-19); and current abundance data gained by monitoring butterflies at refaunated and neglected plots. We used correspondence analysis for the presence-absence comparison and canonical correspondence analysis for the current monitoring, and related results of both ordination methods to the life history and climatic traits, and conservation-related attributes, of recorded butterflies. Results Following the termination of military use, several poorly mobile species inclining towards oceanic climates were lost. Newly gained are mobile species preferring warmer continental conditions. The refaunated plots hosted higher butterfly species richness and abundances. Larger-bodied butterflies developing on coarse grasses and shrubs inclined towards neglected plots, whereas refaunated plots supported smaller species developing on small forbs. Conclusion The changes in species composition following the cessation of military use were attributable to successional change, coupled with changes in species pool operating at larger scales. By blocking succession, large ungulates support butterflies depending on competitively poor plants. Restoring large ungulates populations represents a great hope for conserving specialised insects, provided that settings of the projects, and locally adapted ungulate densities, do not deplete resources for species with often contrasting requirements."
Be nimble with threat mitigation: lessons learned from the reintroduction of an endangered species,"Reintroductions are increasingly being used to restore species and ecosystems. However, chances of successful establishment are often low. Key to improving success is careful consideration of threats, threat mitigation, monitoring, and subsequent improvement to management. We demonstrate this planning, implementation, and review process using the reintroduction of an endangered mesopredator, the eastern quoll Dasyurus viverrinus, in the first attempt to reestablish it in the wild on mainland Australia. In March 2018, 20 captive-bred quolls (10 male, 10 female) were released into Booderee National Park and monitored via telemetry, camera, and cage trapping. There were many unknowns and, despite thorough consideration of threats, there were surprising outcomes. Within 3 months, 80% of animals had died; half due to predation, an expected threat. Other threats were unexpected yet, due to good monitoring and responsive management, were quickly detected and effective mitigation implemented. These learnings have been incorporated into revised translocation procedures. One year later, four founder quolls remained and had successfully bred. We highlight lessons applicable to other reintroductions. These are, the importance of: (1) conducting a thorough review of threats and implementing appropriate mitigation; (2) targeted monitoring and responsive management; (3) effective communication, education, and engagement with the local community and stakeholders; and (4) ensuring learnings are disseminated and incorporated into future translocation plans. Threat assessment is an important step in identifying potential reasons for failure. However, actual threats can be realized only via experimentation and monitoring. Applying this knowledge to future reintroduction attempts can increase their chance of success."
Shifts in ecosystem equilibria following trophic rewilding,"Aim: Trophic rewilding is proposed as an approach to tackle biodiversity loss by restoring ecosystem dynamics through the reintroduction of keystone species. Currently, evidence on the ecological consequences of reintroduction programmes is sparse and difficult to generalize. To better understand the ecological consequences of trophic rewilding, we simulated the extinction and reintroduction of large-bodied mammals under different environmental conditions.Location: Europe.Methods: We selected four locations varying in productivity and seasonality in Europe and used a general ecosystem model called Madingley to run simulations. We initialized the model using body mass limits of a European Holocene baseline; we then removed large mammals and let the model converge to a new equilibrium. Next, we reintroduced the previously removed groups to assess whether the equilibrium would shift back to the initial condition. We tested three different reintroduction scenarios, in order to disentangle the importance of the different large mammal groups.Results: The removal of large-bodied mammals led to cascading effects, mainly resulting in increases in smaller-bodied herbivores and the release of mesopredators. Post-reintroduction, the system's new equilibrium state was closer to the initial equilibrium for stable and productive locations compared to highly seasonal and low-productive locations. The maximum trait space volume of the initial state and the post-reintroduction state varied by 9.1% on average over all locations, with an average decrease in trait combinations of 6.6%. The body mass distribution differed by 28%, comparing the initial state to the post-reintroduction state.Main Conclusions: Our simulation results suggest that reintroducing locally extinct large-bodied mammals can broadly restore shifts in ecosystem structure, roughly resembling the baseline ecosystem conditions. However, the extent to which the ecosystem's state resembles the original ecosystem is largely dependent on the reintroduction strategy (only herbivores and omnivores vs. also carnivores) and timing, as well as local environmental conditions."
The use of cattle Bos taurus for restoring and maintaining holarctic landscapes: Conclusions from a long-term study (1946-2017) in northern England,"Cattle Bos taurus can perform valuable ecological functions in the maintenance of high nature value (HNV) pastoral systems. They have also attracted attention as potentially filling the ecological niches of megaherbivores, notably the extinct aurochs Bos primigenius, in rewilding initiatives. Native cattle breeds are recognized under the 1992 Rio Convention as components of biodiversity. They are used in HNV settings, but their conservation as breeds has rarely been an important consideration for their management in these contexts. The Chillingham herd has been kept under minimal management in Chillingham Park (northern England) for several centuries. Chillingham Park is not a rewilding scenario, but the long-term study of the cattle can be informative for the design of rewilding schemes that involve cattle as megaherbivores. The pastures of the park are species-rich seminatural grasslands. To 2004, pasture management was influenced by the need to provide herbage for a flock of sheep that was under separate ownership, as well as for the cattle. Surveys of the vegetation conducted in 1979 and 2006-2008 showed a decline of plant species richness (species per 100 m(2) quadrat) from 33.8 in 1979 to 22.6 in 2006-2008. This was acceptable as the conservation priority has always been the cattle herd. With removal of the sheep from 2004, it became possible to include recovery of plant diversity as a management goal. In 2017, the cattle numbered 111 (64 in 1979). Plant species richness in 2017 had increased to 26.3 species per quadrat. It has therefore been possible at Chillingham both to conserve the cattle herd and to improve plant diversity. While providing basic information of relevance to the management of cattle in free-ranging situations, this study also suggests a general principle, that the management of pastoral landscapes by native breeds of cattle, can deliver multiple conservation benefits."
Reintroducing bison to Banff National Park - an ecocultural case study,"The reintroduction of extirpated species is a frequent tactic in rewilding projects because of the functional role species play in maintaining ecosystem health. Despite their potential to benefit both ecosystems and society, however, most well-known species reintroductions have adopted an eco-centric, nature-in-people-out approach. Rewilding theory and practitioners acknowledge that ignoring the role Indigenous people did and might once again play in shaping the distribution, abundance, movements, behavior, and health of wild species and ecosystems, is limiting. In this case study, we describe the technical steps we took and how Indigenous knowledge, ceremony, and cultural monitoring were woven into the recent reintroduction of plains bison to Canada's Banff National Park. Six years later, the reintroduced bison herd has grown from 16 to >100 animals, ranges mostly within 30 km of the release site, and, if current growth continues, will likely be managed with Indigenous harvesting. Transboundary bison policy differences are shifting and may lead to bison being more sustainable. The ecocultural approach, therefore, has increased the resilience of our rewilding project."
Landscape conservation in the natural-rural interface. A social-ecological approach in Natural Parks of Andalusia (Spain),"ContextMultifunctional rural landscapes are social-ecological systems that represent a link between nature and culture. They are characterized by the conservation and protection of ecological processes, natural resources and biocultural diversity. The conservation of these landscapes is mainly based on the establishment of Protected Natural Areas (PAs) whose regulatory schemes have often promoted their degradation.ObjectivesWe evaluate the effectiveness of the conservation strategies of the Natural Park category in the protection and maintenance of rural cultural landscapes. We analyse at a regional and local scale both the dynamics of land-uses and the socioeconomic structure of the local populations involved, identifying the main social-ecological indicators of change in the protected landscape.MethodsWe apply a methodological approach, based on geoprocessing tools and multivariate analysis, to examine social-ecological changes in rural cultural landscapes after the establishment of a network of PAs. The designed method allows us to infer the ecological and socioeconomic resilience of protected landscapes.ResultsConservation efforts have tended to underestimate rural landscapes in favour of natural ones, mainly forest systems, and have not been able to prevent the processes of abandonment and degradation of protected landscapes. A simplification of the land-use systems dependent on traditional farming practices is observed. This implies the loss of both the multifunctionality of rural landscapes and their resilience to environmental changes. The key socioeconomic indicators identified highlight the deterioration of the rurality of protected landscapes.ConclusionsOur social-ecological approach is a useful tool to evaluate the effectiveness of PAs. Protection of landscape is related to the decline of traditional agricultural systems and rewilding through land abandonment. Culturalness is necessary to promote the management and conservation of rural landscapes from a holistic perspective."
"Scenarios of environmental deterioration in the Paraopeba River, in the three years after the breach of B1 tailings dam in Brumadinho (Minas Gerais, Brazil)","The collapse of B1 dam at the Corrego do Feijao mine of Vale, S.A., located in the Ferro-Carvao stream watershed (Brazil), released 11.7 Mm3 of tailings rich in iron and manganese, and 2.8 Mm3 entered the Paraopeba River 10 km downstream. Seeking to predict the evolution of environmental deterioration in the river since the dam break on January 25, 2019, the present study generated exploratory and normative scenarios based on predictive sta-tistical models, and proposed mitigating measures and subsides to ongoing monitoring plans. The scenarios segmented the Paraopeba into three sectors: anomalous for distances & LE;63.3 km from the B1 dam site, transition (63.3-155.3 km), and natural (meaning unimpacted by the mine tailings in 2019; >155.3 km). The exploratory scenarios predicted a spread of the tailings until reaching the natural sector in the rainy season of 2021, and their containment behind the weir of Igarape thermoelectric plant located in the anomalous sector, in the dry season. Besides, they predicted the deterioration of water quality and changes to the vigor of riparian forests (NDVI index) along the Paraopeba River, in the rainy season, and a restriction of these impacts to the anomalous sector in the dry season. The normative scenarios indicated exceedances of chlorophyll-a in the period January 2019-January 2022, but not exclusively caused by the rupture of B1 dam as they also occurred in areas not affected by the accident. Con- versely, the manganese exceedances clearly flagged the dam failure, and persist. The most effective mitigating measure is likely the dredging of the tailings in the anomalous sector, but currently it represents solely 4.6 % of what has en- tered the river. Monitoring is paramount to update the scenarios until the system enters a route towards rewilding, and must include water and sediments, the vigor of riparian vegetation, and the dredging."
Functional substitutability of native herbivores by livestock for soil carbon stock is mediated by microbial decomposers,"Grazing by large mammalian herbivores impacts climate as it can favor the size and stability of a large carbon (C) pool in the soils of grazing ecosystems. As native herbivores in the world's grasslands, steppes, and savannas are progressively being displaced by livestock, it is important to ask whether livestock can emulate the functional roles of their native counterparts. While livestock and native herbivores can have remarkable similarity in their traits, they can differ greatly in their impacts on vegetation composition which can affect soil-C. It is uncertain how these similarities and differences impact soil-C via their influence on microbial decomposers. We test competing alternative hypotheses with a replicated, long-term, landscape-level, grazing-exclusion experiment to ask whether livestock in the Trans-Himalayan ecosystem of northern India can match decadal-scale (2005-2016) soil-C stocks under native herbivores. We evaluate multiple lines of evidence from 17 variables that influence soil-C (quantity and quality of C-input from plants, microbial biomass and metabolism, microbial community composition, eDNA, veterinary antibiotics in soil), and assess their inter-relationships. Livestock and native herbivores differed in their effects on several soil microbial processes. Microbial carbon use efficiency (CUE) was 19% lower in soils under livestock. Compared to native herbivores, areas used by livestock contained 1.5 kg C m(-2) less soil-C. Structural equation models showed that alongside the effects arising from plants, livestock alter soil microbial communities which is detrimental for CUE, and ultimately also for soil-C. Supporting evidence pointed toward a link between veterinary antibiotics used on livestock, microbial communities, and soil-C. Overcoming the challenges of sequestering antibiotics to minimize their potential impacts on climate, alongside microbial rewilding under livestock, may reconcile the conflicting demands from food-security and ecosystem services. Conservation of native herbivores and alternative management of livestock is crucial for soil-C stewardship to envision and achieve natural climate solutions."
Intensive agriculture as the main limiting factor of the otter?s return in southwest France,"Rewilding has become a new paradigm to promote the natural recovery of many flagship species, including large carnivores. A better understanding of the factors that drive rewilding processes would allow predicting these in order to support them where desirable. Yet large-scale assessments of the factors that favor or limit mammal populations of conservation concern remain rare in Europe. This study sought to monitor changes in Eurasian otter (Lutra lutra) occupation over the years to identify the factors limiting its recolonization. To this end, we monitored otter signs and spraints over 1238 sampling sites in southwest France from 2003 to 2005 and then over 615 sites in 2011-2012. We modeled this dataset in a multi-season occupancy framework using biotic and abiotic covariates identified as potentially affecting otter detection, distribution and/or colonization rates. As otters are a cryptic and mobile mammal, we integrated detection probability and spatial autocorrelation (contagion) into the modeling design. Otter occurrence was detected at 31 % of the sites surveyed in 2003-2005 and 37 % of the sites surveyed in 2011-2012. Occupancy and colonization probabilities were strongly negatively correlated to the proportion of cultivated areas. Contagion covariates interacted strongly with other variables. These results suggest that, despite its recent colonization, the otter population in southwest France is still constrained in its expansion, notably by intensive agriculture. Natura 2000 schemes should incorporate rewilding approaches to further potentiate the colonization of this flagship species. Actions should focus on the conservation of natural riparian habitats and promote organic agriculture."
Mini Safe Havens for population recovery and reintroductions 'beyond-the-fence',"In response to the ongoing decline of fauna worldwide, there has been growing interest in the rewilding of whole ecosystems outside of fenced sanctuaries or offshore islands. This interest will inevitably result in attempts to restore species where eliminating threats from predators and competitors is extremely challenging or impossible, or reintroductions of predators that will increase predation risk for extant prey (i.e., coexistence conservation). We propose 'Mini Safe Havens' (MSHs) as a potential tool for managing these threats. Mini Safe Havens are refuges that are permanently permeable to the focal species; allowing the emigration of individuals while maintaining gene flow through the boundary. Crucial to the effectiveness of the approach is the ongoing maintenance and monitoring required to preserve a low-to-zero risk of key threats within the MSH; facilitating in-situ learning and adaptation by focal species to these threats, at a rate and intensity of exposure determined by the animals themselves. We trialled the MSH approach for a pilot reintroduction of the Australian native New Holland mouse (Pseudomys novaehollandiae), in the context of a trophic rewilding project to address potential naivete to a reintroduced native mammalian predator. We found that mice released into a MSH maintained their weight and continued to use the release site beyond 17 months (525 days) post-release. In contrast, individuals in temporary soft-release enclosures tended to lose weight and became undetectable approximately 1-month post-release. We discuss the broad applicability of MSHs for population recovery and reintroductions 'beyond-the-fence' and recommend avenues for further refinement of the approach."
FAR-sighted conservation,"Conservation targets that reference historical expectations, such as maintaining specified areas of intact ecosystems, restoring degraded ones or maintaining the historic distributions of species, may not be realistic in the context of ongoing environmental change, whereas targets that aspire to accommodate the complex realities of the human-altered and changing world tend to be too vague to implement. Using the first three recently proposed Convention on Biological Diversity post-2020 global biodiversity Action Targets as context, we suggest a policy framework that evaluates how we might shift from an emphasis on resisting sometimes inevitable change to the development of positive directions of change for people and biodiversity. Our Anthropocene approach builds on the fact that all ecosystems have already been shaped by interactions with people and that ongoing change is inevitable. We outline a Facilitate-Accept-Resist (FAR) framework for all levels of conservation decision-making and actions, ranging from overall conservation strategies (planning, setting targets, monitoring change, selecting indicators) to the conservation of places (sites, ecosystems, landscapes) and species, and to the provision of ecosystem services and human well-being. For each potential decision, the approach evaluates whether, for whom and how one might facilitate, accept or resist particular changes. We highlight the value of inclusive engagement in the process to ensure that benefits from biodiversity are equitably shared. The CBD Action targets reflect tensions between maintaining historic states of nature and the Anthropocene reality of integrating people with nature and accepting change. The challenge is to operationalize the inclusivity, integration and change elements of the targets whilst not 'abandoning' locations that many conservationists consider to be key places for wildlife. The FAR framework represents a way to operationalize decision-making in the face of this tension, so that the facilitation and acceptance of positive biodiversity change is adopted at least as frequently as change is resisted."
Chromosome-level genome assembly for the Aldabra giant tortoise enables insights into the genetic health of a threatened population,"Background: The Aldabra giant tortoise (Aldabrachelys gigantea) is one of only two giant tortoise species left in the world. The species is endemic to Aldabra Atoll in Seychelles and is listed as Vulnerable on the International Union for Conservation of Nature Red List (v2.3) due to its limited distribution and threats posed by climate change. Genomic resources for A. gigantea are lacking, hampering conservation efforts for both wild and ex situ populations. A high-quality genome would also open avenues to investigate the genetic basis of the species' exceptionally long life span. Findings: We produced the first chromosome-level de novo genome assembly of A. gigantea using PacBio High-Fidelity sequencing and high-throughput chromosome conformation capture. We produced a 2.37-Gbp assembly with a scaffold N50 of 148.6 Mbp and a resolution into 26 chromosomes. RNA sequencing-assisted gene model prediction identified 23,953 protein-coding genes and 1.1 Gbp of repetitive sequences. Synteny analyses among turtle genomes revealed high levels of chromosomal collinearity even among distantly related taxa. To assess the utility of the high-quality assembly for species conservation, we performed a low-coverage resequencing of 30 individuals from wild populations and two zoo individuals. Our genome-wide population structure analyses detected genetic population structure in the wild and identified the most likely origin of the zoo-housed individuals. We further identified putatively deleterious mutations to be monitored. Conclusions: We establish a high-quality chromosome-level reference genome for A. gigantea and one of the most complete turtle genomes available. We show that low-coverage whole-genome resequencing, for which alignment to the reference genome is a necessity, is a powerful tool to assess the population structure of the wild population and reveal the geographic origins of ex situ individuals relevant for genetic diversity management and rewilding efforts."
Large wild herbivores slow down the rapid decline of plant diversity in a tropical forest biodiversity hotspot,"The UN declaration of the Decade of Ecosystem Restoration 2021-2030 emphasizes the need for effective measures to restore ecosystems and safeguard biodiversity. Large herbivores regulate many ecosystem processes and functions; yet, their potential as a nature-based solution to buffer against long-term temporal declines in biodiversity associated with global change and restore diversity in secondary forests remains unknown. By means of an exclusion experiment, we tested experimentally the buffering effects of large wild herbivores to avert against long-term biodiversity collapse in old-growth and secondary tropical forests in the Atlantic Forest of Brazil where sapling abundance and species richness declined c. 20% over the course of 10 years. The experiment comprised 50 large herbivore exclosure-open control plot pairs (25 at the old-growth forest and 25 at the secondary forest), where 2 m(2) were monitored in every plot during a 10-year period. Large herbivores were able to decelerate diversity declines and compositional change in the species-rich old-growth forest, but only decelerated compositional change in the secondary forest. In contrast, declines in species richness and abundance were unaffected by large herbivores on either forest. The buffering effects of large herbivores were strongly nonlinear and contingent on the initial level of diversity at the patch scale: highly diverse communities suffered the strongest collapse in the absence of large herbivores. Thus, larger buffering effects of large herbivores on the old-growth forest are the logical consequence of large herbivores buffering the many high diversity plant communities found in this forest. Conversely, as the secondary forest held fewer high diversity patches, buffering effects on the secondary forest were weak. Synthesis and applications. Our study indicates that large herbivores have moderate yet critical effects on slowing down community change and diversity loss of highly diverse plant communities, thus suggesting that the conservation of (and potentially trophic rewilding with) large herbivores is a fundamental nature-based solution for averting the global collapse of the strongholds of biodiversity. Its buffering effects on biodiversity loss operate at very small spatial scales, are likely contingent on successional stage and are most effective in old-growth or high diversity secondary forests."
Depopulation impacts on ecosystem services in Mediterranean rural areas,"Despite the exponential increase in human population at global scale, some rural areas have experienced a progressive abandonment over the last decades. Under particular socioecological and policy contexts, changes in demography may promote land-use changes and, consequently, alter ecosystem services (ES) supply. However, most studies on this topic have targeted urban population increase, whereas depopulation has been rarely addressed. Here, we examined how shifts in demographic variables (human population, population density, and number of villages) affect provisioning (water supply, food and biomass production) and regulating (soil retention, water and nutrient regulation) ES in Mediterranean rural areas with contrasting environmental, socioeconomic and land-use contexts. When depopulation results in underuse of socio-ecological systems, we expected a decrease of provisioning and an increase of regulating ES, whereas we expected the opposite pattern when it results in land-use intensification. To test this hypothesis, we compared demographic data and ES estimated with Soil and Water Assessment Tool (SWAT) linked to land-use changes between the 1950s and 2000s in three rural areas of Arag ' on (NE Spain). Generalized Additive Mixed Models and Linear Mixed-Effect Models were used to analyze demographic trends, ES changes and the relationship between them. We found severe depopulation (-42% inhabitants) and associated land-use changes in the three areas, which was particularly evident in isolated mountainous zones (-63% inhabitants). Depopulation trends significantly affected land use and, consequently, all of the ES evaluated. In mountainous depopulated areas, land abandonment and rewilding resulted in the increase in water regulation (>1000%) and soil retention (>400%). In contrast, agriculture was intensified in more fertile and easy-to-access lowland areas, boosting the food production service (>600%). Accordingly, the interactions among depopulation, crop production and regulating ES should be considered in the management schemes and policies targeting rural areas for a balanced and sustainable supply of ES in the long term."
"Ten years on: have large carnivore reintroductions to the Eastern Cape Province, South Africa, worked?","Large (>15 kg) carnivores, namely lions (Panthera leo), leopards (Panthera pardus), cheetahs (Acinonyx jubatus), African wild dogs (Lycaon pictus), spotted (Crocuta crocuta) and brown hyaenas (Parahyaena brunnea), have been reintroduced to 16 private- and state-owned reserves in the Eastern Cape Province, South Africa. Objectives behind these reintroductions ranged fromecotourism, ecological restoration, to species conservation. We reassessed the reintroductions' objectives and updated their outcomes a decade after the initial assessment. Ecotourism and ecological restoration were the most common objectives for the reintroduction of top predators to these reserves. With one exception, these reintroductions were successful in meeting their specific objectives, as only African wild dogs have failed to re-establish in the province. Assessments for leopards and brown hyaenas were inconclusive due to a lack of monitoring data. Causes of objective- and species-specific failures in some reserves included founding same-sex populations, lack of breeding events and changes in reserve management objectives. Long-term monitoring is essential in managing and assessing the success of conservation actions, including reintroductions of threatened species. Our review demonstrates this by highlighting changed outcomes for populations and identifying new challenges that have arisen in the landscape. In the modern parlance of conservation marketing, the multi-species reintroductions that occurred within the Eastern Cape represent successful rewilding within the province."
Using Q-methodology to understand stakeholder perspectives on a carnivore translocation,"1. Reversing global declines in predator populations is a major conservation objective, though people frequently come into conflict over carnivore conservation. As part of a national recovery programme for the pine marten Martes martes, a protected mesocarnivore in the UK, we used Q-methodology to understand the perspectives of residents living in an area in which a pine marten translocation project was planned. 2. In contrast to binary 'for or against' characterizations of debates surrounding such projects, we identified four perspectives with distinct priorities and concerns. A single perspective, 'Concerned Manager', opposed the translocation and marten recovery more generally, was apprehensive about impacts and favoured traditional predator management practices. Support was characterized by three perspectives: 'Environmental Protectionist', 'Natural Resource Steward' and 'Cautious Pragmatist'. Two explicitly supported the translocation but differed in their priorities: Environmental Protectionist framed marten restoration as an ethical imperative, whereas Natural Resource Steward emphasized ecological and economic benefits. Cautious Pragmatist supported marten recovery, but expressed ambivalence about the translocation. 3. We identified areas of divergence between the four perspectives, particularly surrounding risks posed by martens and need for predator control. We identified two areas of consensus among the four perspectives: support for a biodiverse environment and translocations as a means of achieving this (though this was contingent on the species), and agreement there would be economic and ecological benefits if martens controlled non-native grey squirrels Sciurus carolinensis. 4. We highlight that perspectives on this project were influenced by wider issues of wildlife management and conservation, particularly the impact and management of increasing populations of another mesocarnivore, the badger Meles meles. Negative experiences and perceptions of badgers were germane to the Concerned Manager perspective, and their fear that protected status would preclude marten population control. 'Rewilding' emerged as a divisive background issue, against which some participants evaluated the translocation. 5. In facilitating understanding of perspectives and establishing the contexts through which they were formed, we found that Q-methodology enabled us, as a team comprising conservation practitioners and researchers, to engage meaningfully with affected residents. We recommend the tool as a useful step in assessing social feasibility of conservation translocations."
Fragmentation and Translocation Distort the Genetic Landscape of Ungulates: Red Deer in the Netherlands,"Many ungulate populations have a complex history of isolation and translocation. Consequently, ungulate populations may have experienced substantial reductions in the level of overall gene flow, yet simultaneously have augmented levels of long-distance gene flow. To investigate the effect of this dual anthropogenic effect on the genetic landscape of ungulates, we genotyped 35K SNPs in 47 red deer (Cervus elaphus) of Netherlands, including putative autochthonous relic populations as well as allochthonous populations established in private estates and rewilding areas. We applied F-ST and ordination analyses to determine the meta-population genetic structure and thereby the occurrence of hybridization. At population level, we investigated levels of inbreeding through individual-based diversity measures, including Runs of Homozygosity. We documented that both spatial genetic structure and within-population genetic variation differed markedly from patterns assumed from present-day abundance and distribution. Notwithstanding the small spatial scale, red deer populations formed distinct genetic clusters, and some had higher genetic similarity to distant than to nearby populations. Moreover, the putative autochthonous relic deer populations had much reduced levels of polymorphism and multi-locus heterozygosity, despite relatively large current population sizes. Accordingly, genomes of these deer contained a high proportion of long (>5 Mb) Runs of Homozygosity. Whereas the observed high levels of inbreeding warrant defragmentation measures, the presence of adjacent autochthonous and allochthonous genetic stocks imply that facilitation of gene flow would cause genetic homogenization. Such distortions of the genetic landscape of ungulates creates management dilemmas that cannot be properly anticipated without baseline genetic monitoring."
Postrelease movement and habitat selection of translocated pine martens Martes martes,"Monitoring postrelease establishment and movement of animals is important in evaluating conservation translocations. We translocated 39 wild pine martens Martes martes (19 females, 20 males) from Scotland to Wales. We released them into forested areas with no conspecifics in 2015, followed by a second release in 2016, alongside the previously released animals. We used radio-tracking to describe postrelease movement and habitat selection. Six martens (15%) were not re-encountered during the tracking period, of which four undertook long-distance dispersal. For the remaining individuals, we characterized two phases of movement, exploration followed by settlement, that differed between releases. In the first release, martens remained in exploration phase for a mean of 14.5 days (SE = 3.9 days) and settled at a mean distance of 8.7 km (SE = 1.8 km) from release sites, whereas martens released in year two, alongside resident conspecifics, traveled away from release sites at a faster rate, settling sooner, at a mean of 6.6 days (SE = 1.8 days), but further, at a mean distance of 14.0 km (SE = 1.7 km) from release sites. Animals released in year one did not exhibit habitat preferences overall but within forests they favored recently felled areas, whereas animals released in year two showed strong selection for forested habitat but did not discriminate between forest types. The presence of conspecifics appeared influential for settlement and site fidelity of translocated martens and was associated with more rapid but more distant dispersal of the later cohort. Releases of animals in close proximity appeared to promote site fidelity and rapid establishment of ranges in the recipient environment."
How Knowledge of the Golden Jackal (Canis aureus) is Formed: Report from the Danube Delta,"This paper analyses the ways in which human knowledge of the golden jackal (Canis aureus) is formed in the case of a rural community of the Romanian Danube Delta. We focus on the territory where humans and jackals overlap and, by using wildlife monitoring alongside interviews and participant observation with humans. we detail how villagers come to have a particularly negative view of this resident canid. Foregrounding the jackal's highly symbolic nature, we trace the development of the community's knowledge of this animal via historical, ecological and geographical factors. Finally, we recommend ways in which our findings could be used in future management plans and draw out the implications for future rewilding practices."
Need for a global map of forest naturalness for a sustainable future,"There is a growing need to assess and monitor forest cover and its conservation status over global scales to determine human impact on ecosystems and to develop sustainability plans. Recent approaches to measure regional and global forest status and dynamics are based on remotely sensed estimates of tree cover. We argue that tree cover should not be used to assess the area of forest ecosystems because tree cover is an undefined subset of forest cover. For example, tree cover can indicate a positive trend even in the presence of deforestation, as in the case of plantations. We believe a global map of forest naturalness that accounts for the bio-ecological integrity of forest ecosystems, for example, intact forests, old-growth forest patches, rewilding forests (exploited forest landscapes undergoing long-term natural succession), and managed forests is needed for global forest assessment."
Development and Assessment of a Body Condition Score Scheme for European Bison (Bison bonasus),"Simple Summary Europe's largest terrestrial mammal, the European bison (Bison bonasus), has been successfully restored after the species had become extinct in the wild. In various reintroduction projects, captive bred European bison have been released into different habitats. Vigorous monitoring efforts are necessary to document how well the animals adapt to their new environment. In this study, we present a scheme that was developed for the observation of the body condition of adult European bison. Unbiased people with different professional backgrounds were asked to apply this scheme. While additional research is necessary to further validate the scheme, it was easy to use and covered the essential body traits. Therefore, it can be a helpful management tool. Abstract Resettlement projects of the strongly threatened European bison (Bison bonasus) require a monitoring phase to assess both population status and habitat quality. Schemes of animal body condition scores (BCS) are robust tools to meet this requirement in practice. However, so far, no BCS scheme has been designed for European bison. Here, we suggest a body condition score scheme based on the extent of soft tissue around bony structures. The scoring system was developed with scores ranging from 1 (emaciated) to 5 (obese). Condition scores can be deduced after visually assessing the European bison both from the side and behind. Robustness of the scheme was evaluated: Unbiased people from different professional backgrounds were asked to assess the BCS of photographed semiwild European bison under field conditions and results were compared. Results demonstrate the suitability of the method. Nevertheless, variability of the results among assessors illustrates the necessity for training as well as for further research to validate the scheme as a true measure of physiological condition. We discuss the prospects and limits of a broad use of this scheme within the European bison community, and recommend the BCS scheme as a management tool."
How to fit the distribution of apex scavengers into land-abandonment scenarios? The Cinereous vulture in the Mediterranean biome,"Aim: Farmland abandonment or ecological rewilding shapes species distribution and ecological process ultimately affecting the biodiversity and functionality of ecosystems. Land abandonment predictions based on alternative future socioeconomic scenarios allow foretell the future of biota in Europe. From here, we predict how these forecasts may affect large-scale distribution of the Cinereous vulture (Aegypius monachus), an apex scavenger closely linked to Mediterranean agro-grazing systems. Location: Iberian Peninsula. Methods: Firstly, we modelled nest-site and foraging habitat selection in relation to variables quantifying physiography, trophic resources and human disturbance. Secondly, we evaluate to what extent land abandonment may affect the life traits of the species and finally we determined how potential future distribution of the species would vary according to asymmetric socioeconomic land-abandonment predictions for year 2040. Results: Cinereous vultures selected breeding areas with steep slopes and low human presence whereas foraging areas are characterized by high abundance of European rabbits (Oryctolagus cuniculus) and wild ungulates. Liberalization of the Common Agricultural Policy (CAP) could potentially transform positively 66% of the current nesting habitat, favouring the recovery of mature forest. Contrarily, land abandonment would negatively affect the 63% of the current foraging habitat reducing the availability of preferred food resources (wild European rabbit). On the other hand, the maintenance of the CAP would determine lower frequencies (24%-22%) of nesting and foraging habitat change. Main conclusions: Land abandonment may result into opposite effects on the focal species because of the increase in nesting habitats and wild ungulates populations and, on the other hand, lower availability of open areas with poorer densities of European rabbits. Land-abandonment models' scenarios are still coarse-grained; the apparition of new human uses in natural areas may take place at small-sized and medium-sized scales, ultimately adding complexity to the prediction on the future of biota and ecosystems."
Managing individual nests promotes population recovery of a top predator,"1. Threatened species are managed using diverse conservation tactics implemented at multiple scales ranging from protecting individuals, to populations, to entire species. Individual protection strives to promote recovery at the population- or species-level, although this is seldom evaluated. 2. After decades of widespread declines, bald eagles, Haliaeetus leucocephalus, are recovering throughout their range due to legal protection and pesticide bans. However, like other raptors, their recovery remains threatened by human activities. Bald eagle nests are commonly managed using buffer zones to minimize human disturbance, but the benefits of this practice remain unquantified. 3. Within Voyageurs National Park (VNP), Minnesota, USA, managers have monitored bald eagle populations for over 40 years, and since 1991, have protected at-risk nests from human disturbance using buffer zones (200 and 400 m radius). We aimed to (1) quantify the recovery of bald eagles in VNP (1973-2016), and (2) provide a first-ever evaluation of the individual- and population-level effects of managing individual nests. To do so, we developed Bayesian Integrated Population Models combining observations of nest occupancy and reproductive output (metrics commonly collected for raptors) to estimate nest-level probabilities of occupancy, nest success, and high productivity (producing 2 nestlings), as well as population-level estimates of abundance and growth. 4. The breeding population of bald eagles at VNP increased steadily from <10 pairs in the late 1970s to 48 pairs by 2016. At the nest-level, management significantly improved occupancy and success. At the population-level, management led to 8% and 13% increases in nest success and productivity rates, respectively, resulting in a 37% increase in breeding pair abundance. 5. Synthesis and applications. There is a clear need to evaluate how management approaches at multiple scales assist in species recovery. Our study uses an Integrated Population Model to reveal the population-level benefits of a widely used, individual-based management action (protecting nests using buffer zones) on a recovering raptor."
One hundred priority questions for landscape restoration in Europe,"We present the results of a process to attempt to identify 100 questions that, if answered, would make a substantial difference to terrestrial and marine landscape restoration in Europe. Representatives from a wide range of European governmental and non-governmental conservation organisations, universities, independent ecologists and land managers compiled 677 questions relating to all aspects of European landscape restoration for nature and people. The questions were shortlisted by an email vote, followed by a two-day workshop, to produce the final list of 100 questions. Many of the final questions evolved through a process of modification and combination as the workshop progressed. The questions are divided into eight sections: conservation of biodiversity; connectivity, migration and translocations; delivering and evaluating restoration; natural processes; ecosystem services; social and cultural aspects of restoration; policy and governance; and economics. We anticipate that these questions will help identify new directions for researchers and policy-makers and assist funders and programme managers in allocating funds and planning projects, resulting in improved understanding and implementation of landscape-scale ecological restoration in Europe."
Role of Avian Seed Dispersers in Tree Recruitment in Woodland Pastures,"The rewilding of abandoned agricultural lands opens up opportunities for the recovery of forest ecosystem extent. Frugivorous animals not only take part in the regeneration of unaltered forests, but leave a visible footprint in restoring areas in the form of the number and spatial distribution of new trees recruited from dispersed seeds. Nevertheless, their contribution is conditioned by how environmental factors affect both the patterns of seed dispersal and the fate of post-dispersal regeneration stages throughout the whole ecosystem. Here, we evaluated the role of avian seed dispersers in tree regeneration in woodland pastures resulting from anthropic deforestation. Using an integrative approach, considering the different tree regeneration stages, we dissected the ways in which forest loss conditioned the contribution of frugivores. Habitat structure influenced bird activity, mainly restricting seed dispersal to forested areas. Tree recruitment was severely reduced during early regeneration stages, but maintained the initial forest-biased spatial distribution. However, the presence of scrub in deforested areas, which protect against grazing at late regeneration stages, drastically increased the relevance of tree recruitment outside the forest. Frugivorous birds made a significant contribution to tree regeneration in the woodland pastures under study. The interplay between seed dispersal by birds and the protective role of scrub was fundamental in facilitating the recolonization of deforested areas. If we wish to encourage this natural reforestation, we will need to preserve populations of frugivorous birds while favoring landscape configurations that encourage seed dispersal outside the forest and species that promote tree establishment (like nurse scrubs)."
Threatened woody flora as an ecological indicator of large herbivore introductions,"Rewilding and translocations of large herbivores for conservation purposes have increased in recent times, with numerous introductions inside and outside their native range. This study aims to analyze the use of threatened plant taxa as a possible ecological indicator of large herbivore introductions. We examined the effects of a threatened large ungulate, the Barbary sheep (Ammotragus lervia), on both endangered and vulnerable woody taxa after its introduction in 1970. Contrary to our hypothesis, the herbivore impact on threatened woody species was higher than that found on widespread woody plants. The results reveal that 35.7% of the threatened species showed the highest possible level of herbivore damage in contrast to 6.5% for the widespread species. Threatened species were preferred over common plants, probably due to their greater palatability. Overall plant cover, including neighboring species, was also an important factor determining browsing damage and, thus, habitats with low ground cover should be particularly considered in conservation plans. Herbivore damage on common taxa should be taken with caution since they could mask unsustainable herbivore densities for threatened woody taxa or protected habitats. The use of threatened woody taxa through the studied ecological indicators (herbivore damage, plant preferences, habitat use and regeneration success) represented a useful tool to assess the sustainability of large herbivores introductions and to establish a priority conservation ranking for threatened plant species. These findings highlight the deleterious effects of overabundant ungulate populations regardless its origin (exotic or native) and the need of monitoring threatened woody taxa to better estimate the suitability and sustainability of large herbivore introductions."
Changes in the fruiting landscape relax restrictions on endozoochorous tree dispersal into deforested lands,"Question: Passive forest restoration is based on the natural recovery of degraded habitats. However, tree recruitment is frequently hampered in deforested lands. Tree seed dispersal is scarce and spatially constrained, confining the potential of forest regeneration to a narrow band surrounding forest remnants. Understanding how landscape configuration can favour endozoochorous seed dispersal into deforested lands is thus crucial to recover forest extent and the concomitant ecosystem services. Can distance restrictions on seed dispersal be modified as a result of temporal variability of fruit-frugivore systems? Location: Deforested montane pastures surrounding fragments of secondary temperate forest, Cantabrian Range, Spain. Methods: For 2 yr, we evaluated the patterns of fruit production, frugivorous bird movement and tree seed dispersal through the landscape. Seed dispersal in deforested sampling stations was related to their distance to forest cover and the amount of forest cover in their surroundings. Results: The large-scale spatial distribution of fruits varied strongly between years, with relatively higher fruit production in isolated trees within pastures in the second year, when birds were more frequently observed perching on isolated trees. In both years, few seeds were dispersed into deforested areas, and those dispersed occurred close to forest cover. Nevertheless, seed arrival at longer distances increased during the second year. When more fruits were produced within the pastures, birds more often overcame their reluctance to leave the forest, and this change in frugivore foraging patterns cascaded into the spatial patterns of seed dispersal. Conclusions: By influencing frugivore activity, temporal dynamism in fruiting landscapes can relax the restriction on tree seed dispersal into deforested areas. Landscape biological dynamism should be taken into account in order to manage rewilding in European temperate forests."
What has biotelemetry ever done for avian translocations?,"Species translocation is a popular approach in contemporary ecological restoration and rewilding. Improving the efficacy of conservation translocation programmes requires a combination of robust data from comparable populations, population viability modelling and post-release monitoring. Biotelemetry is becoming an ever more accessible means to collect some of the high-resolution information on the ecology and behaviour of founding populations that such evaluations require. Here, we review 81 published case studies to consider how this capability could increase the success of avian translocations. We found that 67 translocations favoured traditional radio telemetry, with surveillance focussing mostly on immediate post-release dispersal, survival and breeding attempts. Just 28 projects tracked founder individuals for longer than 1 year and no studies referenced pre-release sampling or planning using biotelemetry. While our review shows that tracking devices have been deployed extensively in translocation projects, its application has been mostly limited to short-term spatial and demographic monitoring. We conclude that biotelemetry is a powerful tool for harnessing a multitude of lifetime eco-behavioural data which can be used to build valuable predictive models and surveillance programmes, but this capability has yet to be fully realised by researchers in avian translocations."
Rewilding Play: Design Build Interventions,"Research on physical interventions installed in outdoor environments and their impacts on children's play and development is a growing area of study. This paper focuses on the design and installation of outdoor interventions at early childhood education centres in Vancouver, Canada and the impact that theses interventions had on play affordances. With the aim of intervening with inexpensive natural materials and loose parts, graduate students designed, built, and installed interventions and using the Seven Cs evaluation form they scored the play spaces pre- and post-installation. Design methods included the Seven Cs design guidelines and the Two-Eyed Seeing model. Students also sought the insights of Early Childhood Educators, maintenance staff, licensing officers, the British Columbia Cancer Agency, and an Indigenous herbalist/educator. They also examined and addressed solar modifications to create dappled light. To understand the impacts of the student interventions researchers compared the pre- and post-intervention Seven Cs scores, which increased by 20 to 30 points. Researchers seeking to replicate this type of project in their own institutions should carefully consider the impact of climate change on construction timing and material selection, and sensitivity to the diversity of socio-cultural values embedded in the community and within design decisions and the interventions themselves."
Hands-On Ecological Restoration as a Nature-Based Health Intervention: Reciprocal Restoration for People and Ecosystems,"There is growing concern that lack of access to natural habitats-especially ones with diverse soil microbiota and vegetation-exacerbates individual human and community health problems. Accordingly, practitioners concerned with both human and ecological health have proposed a number of nature-based interventions to improve human health. Two of many promising advances are the Microbiome Rewilding Hypothesis (MRH) and the Psycho-Evolutionary Restoration Hypothesis (PERH). While MRH primarily evaluates whether the restoration of soil microbiota can enhance human gut microbiome health and brain function, PERH tests whether reintroduction of native plant species rich in aromatic phytoncides can reduce depression and lower cortisol levels. Such complementary approaches to the reciprocal restoration of biodiverse habitats and human health are engaging people in nature-based initiatives around the world. We offer examples of programs involving youth directly in ecological restoration activities that may also benefit human health. In particular, we explore how restoring both microbiotic soil crusts and aromatic plant guilds in the urban heat islands-especially in hot, dusty desert cities-can reduce the psychological and physical impacts of diseases such as valley fever, asthma, and other diseases exacerbated by climate change. We report on pioneering tests of indicators of soil microbiome diversity, phytoncide/biogenic volatile organic compound (BVOC) diversity, and youth responses to restoration work that can be monitored concurrently over time. We call for more collaboration among restoration ecologists and ecopsychologists to better determine the ultimate and proximate causes of nature-deficit disorders and the impacts of ecological restoration interventions on physical and mental health."
Spatial patterns of the first groups of collared peccaries (Pecari tajacu) reintroduced in South America,"The collared peccary (Pecari tajacu) is distributed from southwestern USA to northern Argentina; however, in some Argentinean localities it went extinct over 50 years ago. As part of a rewilding project, two peccary groups (one captive-bred family group and one mixed group formed by not genetically related individuals) were reintroduced to the Ibera National Park. Following the release, we monitored the movements of 16 individuals to obtain GPS locations every 100 min, for 6 months. We evaluated the individual's spatial patterns by assessing site fidelity, home range changes, and habitat selection. Most members of the family group survived and established a home range whereas almost all members of the mixed group dispersed and did not survive. Using the Autocorrelated Kernel Density Estimator, the groups' home range was 8.9 +/- 1.7 km(2)for the entire study period. In addition, individuals showed high fidelity to release site and a stable home range a few months after release. At larger scales (second order of selection), peccaries selected forested habitat and proximity to release site while at a smaller scale (third order of selection), they avoided grasslands. We highlight the importance of familiarity of individuals prior to release and provide recommendations for future reintroductions. Three years later, by September 2019, nine groups were established in the Ibera National Park and the abundance was over 45 individuals. This is the first post-release assessment of the movement patterns of collared peccaries in South America."
Rewilding in the Garden: are garden hybrid plants (cultivars) less resilient to the effects of hydrological extremes than their parent species? A case study with Primula,"Urban green infrastructure, such as gardens, can mitigate some of the consequences of climate change, e.g. reducing flash-flooding or urban heat islands. Green infrastructure, however, may itself be vulnerable to a changing climate, and not all garden and landscape plant taxa will remain viable under weather scenarios predicted for the future. It has been suggested that cultivated forms of garden plants (hybrids and selected varieties) particularly, will be susceptible to enhanced stress associated with more frequent flooding, drought and rapid oscillations between these hydrological extremes; thus potentially limiting the range of taxa that can be used in gardens in the future. This research explored this concept by evaluating cultivated forms of the common garden plant - Primula, and testing whether these were less resilient to the effects of hydrological extremes than their progenitor species, Primula vulgaris. The results support this hypothesis and demonstrated that cultivated taxa were more susceptible to the hydrological stresses imposed than Primula vulgaris. Interestingly though, those cultivars that superficially resembled the parent species (Primula 'Cottage Cream') showed more stress tolerance than others with larger or more ornamental flowers, suggesting a 'gradient of susceptibility' within the hybrids. The notion that the most flamboyant cultivars are sacrificing stress tolerance for traits linked with aesthetics is discussed. The data, albeit on one genus only, has implications for the design of gardens/ornamental landscapes for the future and calls for more attention within breeding programmes to enhance abiotic stress tolerance within garden and landscape plants."
Using ecosystem engineers as tools in habitat restoration and rewilding: beaver and wetlands,"Potential for habitat restoration is increasingly used as an argument for reintroducing ecosystem engineers. Beaver have well known effects on hydromorphology through dam construction, but their scope to restore wetland biodiversity in areas degraded by agriculture is largely inferred. Our study presents the first formal monitoring of a planned beaver-assisted restoration, focussing on changes in vegetation over 12 years within an agriculturally-degraded fen following beaver release, based on repeated sampling of fixed plots. Effects are compared to ungrazed exclosures which allowed the wider influence of waterlogging to be separated from disturbance through tree felling and herbivory. After 12 years of beaver presence mean plant species richness had increased on average by 46% per plot, whilst the cumulative number of species recorded increased on average by 148%. Heterogeneity, measured by dissimilarity of plot composition, increased on average by 71%. Plants associated with high moisture and light conditions increased significantly in coverage, whereas species indicative of high nitrogen decreased. Areas exposed to both grazing and waterlogging generally showed the most pronounced change in composition, with effects of grazing seemingly additive, but secondary, to those of waterlogging. Our study illustrates that a well-known ecosystem engineer, the beaver, can with time transform agricultural land into a comparatively species-rich and heterogeneous wetland environment, thus meeting common restoration objectives. This offers a passive but innovative solution to the problems of wetland habitat loss that complements the value of beavers for water or sediment storage and flow attenuation. The role of larger herbivores has been significantly overlooked in our understanding of freshwater ecosystem function; the use of such species may yet emerge as the missing ingredient in successful restoration. (C) 2017 The Authors. Published by Elsevier B.V."
Revegetation rewilds the soil bacterial microbiome of an old field,"Ecological restoration is a globally important and well-financed management intervention used to combat biodiversity declines and land degradation. Most restoration aims to increase biodiversity towards a reference state, but there are concerns that intended outcomes are not reached due to unsuccessful interventions and land-use legacy issues. Monitoring biodiversity recovery is essential to measure success; however, most projects remain insufficiently monitored. Current field-based methods are hard to standardize and are limited in their ability to assess important components of ecosystems, such as bacteria. High-throughput amplicon sequencing of environmental DNA (metabarcoding of eDNA) has been proposed as a cost-effective, scalable and uniform ecological monitoring solution, but its application in restoration remains largely untested. Here we show that metabarcoding of soil eDNA is effective at demonstrating the return of the native bacterial community in an old field following native plant revegetation. Bacterial composition shifted significantly after 8years of revegetation, where younger sites were more similar to cleared sites and older sites were more similar to remnant stands. Revegetation of the native plant community strongly impacted on the belowground bacterial community, despite the revegetated sites having a long and dramatically altered land-use history (i.e. >100years grazing). We demonstrate that metabarcoding of eDNA provides an effective way of monitoring changes in bacterial communities that would otherwise go unchecked with conventional monitoring of restoration projects. With further development, awareness of microbial diversity in restoration has significant scope for improving the efficacy of restoration interventions more broadly."
"First characterisation and conservation needs of a large maternity colony of lesser horseshoe bats (Rhinolophus hipposideros) in Aljezur, Portugal","A new maternity colony of lesser horseshoe bats (Rhinolophus hipposideros) was found and described in an abandoned building in Aljezur, Portugal. Between June 25 and July 4, 2022, we conducted emergence and juvenile counts, took light intensity measurements during emergence times and evaluated microclimatic conditions inside the roost, namely temperature and relative humidity. Moreover, we took ultrasound recordings in the open and performed transects to locate foraging areas and commuting corridors. We found the colony amounted to at least 501 individuals (371 adults and 130 juveniles), currently the largest known in Portugal and one of the biggest in Europe. Sixteen matching echolocation calls were recorded away from the colony near a water reservoir, a probable foraging area together with the Vale da Telha valley connecting the roost to the water body, which may also serve as a commuting corridor. Considering the threatened conservation status of the lesser horseshoe bat, the large colony size and its lack of protection, we proposed several conservation measures aimed at preserving the colony. We hope our recommendations will be included in the management plan currently being prepared for the Natura 2000 site Costa Sudoeste. Following up on this research, a radio-tracking study would definitively confirm the bats' movements and foraging grounds."
Not waiting for the death knell: a pilot study to examine supplementation and survivorship in a declining population of Tasmanian eastern quoll (Dasyurus viverrinus),"Tasmanian populations of the eastern quoll (Dasyurus viverrinus) represent the last wild stronghold of this species after its extirpation from the Australian mainland, but they have experienced declines of more than 50% over the past three decades. We investigated the feasibility of supplementing wild populations with captive-bred individuals in attempts to halt and reverse observed declines in Tasmanian populations. We released 20 captive-bred eastern quolls into an extant wild population in the Tasmanian central plateau, and monitored their short-term survival, dispersal and body condition. We recorded high initial survival and low initial dispersal of captivebred individuals relative to previous release attempts in unfenced areas of mainland Australia. Further work to determine long-term survival of released individuals, and the genetic and population-level impacts on local populations is ongoing. Our preliminary results support the use of population supplementation as an effective conservation action, which allows for early intervention to address species declines while testing hypotheses about their underlying causes."
Evaluation of Taxonomic Characteristics of Matlo and Phala Bat Rabies-Related Lyssaviruses Identified in South Africa,"We report the genetic characterization of two potentially novel rabies-related lyssaviruses identified from bats in Limpopo province, South Africa. Matlo bat lyssavirus (MBLV) was identified in two Miniopterus natalensis (Natal long-fingered) bats in 2015 and 2016, and Phala bat lyssavirus (PBLV) was identified in a Nycticeinops schlieffeni (Schlieffen's) bat in 2021. The distribution of both of these bat species is largely confined to parts of Africa, with limited reports from the Arabian Peninsula. MBLV and PBLV were demonstrated to group with the unassigned and phylogroup I lyssaviruses, respectively. MBLV was most closely related to Lyssavirus caucasicus (WCBV), whereas PBLV was most closely related to Lyssavirus formosa (TWBLV-1) and Taiwan bat lyssavirus 2 (TWBLV-2), based on analysis of the N and G genes, the concatenated N + P + M + G + L coding sequence, and the complete genome sequence. Based on our analysis, MBLV and WCBV appeared to constitute a phylogroup separate from Lyssavirus lleida (LLEBV) and Lyssavirus ikoma (IKOV). Analysis of the antigenic sites suggests that PBLV will likely be serologically distinguishable from established lyssaviruses in virus-neutralization tests, whereas MBLV appeared to be antigenically highly similar to WCBV. Taken together, the findings suggested that, while PBLV is likely a new lyssavirus species, MBLV is likely related to WCBV."
An assessment of potential herbivory impacts of a reintroduced marsupial in a predator-free woodland sanctuary,"Fenced sanctuaries that exclude feral predators are critical for threatened species conservation. However, adaptive management of these sanctuaries requires careful consideration of the potential impact herbivore populations free from predation can have on the condition of native vegetation. The Mulligans Flat Woodland Sanctuary in the Australian Capital Territory comprises Critically Endangered box-gum grassy woodland, threatened orchids, abundant macropods, and a reintroduced population of the Eastern Bettong (Bettongia gaimardi, hereafter Ngaluda). To understand how Ngaluda, along with other herbivores, may be potentially impacting vegetation across the sanctuary, we undertook an assessment of indicator plant species. We monitored 106 plots for 13 indicator species (10 species with tuberous roots that the burrowing Ngaluda would be preferentially targeting and three non-tuberous species). We found that most floristic indicators we investigated - including richness of indicator species and the abundance of lilies - were higher in the Goorooyarroo area of the sanctuary (where Ngaluda are absent and wallabies are rare) compared to the Mulligans Flat area of the sanctuary (where Ngaluda are present and wallabies are abundant), suggesting a negative impact of the overall herbivore assemblage of Mulligans Flat. However, within just Mulligans Flat, some indicators, including the abundance of a common orchid, were significantly lower in areas associated with high Ngaluda activity irrespective of other herbivore densities. We found no instance of Ngaluda presence or higher activity being associated with higher values for any floristic indicator we investigated. These results are consistent with known impacts of abundant herbivores and reintroduced digging marsupials in other predator-free sanctuaries in Australia. Our results highlight that Ngaluda herbivory may be outweighing any positive effect of their diggings on native vegetation and indicate the need for careful risk mitigation when deciding how critically endangered animals and vegetation communities are managed together in sanctuaries."
How cougars and feral donkeys change desert wetlands: Novel interactions between native predators and non-native megaherbivores shape trophic cascades in the Anthropocene,"Despite being absent from most regions of the contemporary world, megafauna species dominated the dynamics of ecological communities until the late Pleistocene. Trophic rewilding is a promising approach to restoring megafauna interactions, their functional roles and the consequent trophic cascades. Unintentional rewilding with large non-native herbivores, such as equids, offers outstanding opportunities for ecologists to understand the outcomes of using replacement species to restore the ecological functions of extinct native megafauna. In this context, it is relevant to understand the extent to which extant native predators can impose top-down control on non-native megaherbivores and how trophic cascades arising from novel predator- prey interactions influences biodiversity and ecosystem functions. In Death Valley National Park (United States), Lundgren et al. depict a natural experiment showing compelling evidence of native cougars overcoming ecological naivet & eacute;& mdash; that is, the mismatches between predator and prey species that do not share a common evolutionary history & mdash; and are now successfully preying on younger individuals of feral donkeys. These non-native donkeys, whose growing wild populations threaten the native biota, became cougars' most frequent dietary item in that region. In areas with cougars, donkeys changed their spatiotemporal foraging patterns, becoming diurnal and less active. On the other hand, donkeys remain more active and forage throughout the day and night in areas without cougars. The cougar- donkey interaction triggered a behaviourally mediated trophic cascade emerging from a landscape of fear', that is, from the perception of spatial heterogeneity in predation risk by donkeys. Areas with cougars have less trampled ground, fewer donkey trails, and much more canopy cover and vegetation around water. Donkeys concentrate their activity mostly in topologically plain terrains lacking proper sites for the ambush behaviour of cougars and with more intense human presence, likely acting as a shield against the predators. Lundgren et al. present a promising model system for studying the effects of fearful grazers on community structure in the context of novel ecological interactions being established in the Anthropocene. Whether the emerging cascade is transient or persistent, the relative roles of consumptive and non-consumptive effects as underlying mechanisms, and their consequences for food web structure, functioning and stability, are questions of general interest. Addressing them can help us to elucidate the costs and benefits of using non-native megaherbivores in the functional restoration of permanently invaded ecosystems."
The effects of climate and land use on British bumblebees: Findings from a decade of citizen-science observations,"Bumblebees are important pollinators but are suffering from population declines due to land use intensification and climate change. In-depth knowledge of species' relationships with different land use and climate variables is invaluable to guide conservation efforts, as well as enable predictions to be made about the impacts of future changes in these variables. Here we use 10 years of bumblebee abundance data from the UK, collected by citizen scientists as part of the BeeWalk scheme, to investigate associations between 14 bumblebee species and various land use, habitat and climate variables. National-scale land cover and climate data were complemented with observer-collected habitat data. Bumblebee presence and abundance showed strong relationships with environmental variables. However, interspecific variation was far stronger than commonalities, which suggests that targeted conservation work is required to effectively safeguard particular species. Within species, we found evidence of different habitat associations between reproductive and worker castes. The results also showed that wetland and riparian habitats had consistently positive associations with a number of species, while semi-natural, arable and urban areas had strongly species-specific associations. Synthesis and applications. This study reveals strong effects of specific habitats occurring within broad land cover types on the presence and abundance of bumblebees, with several distinct habitats having importance for different species and castes. Consequently, conservation efforts need to be carefully tailored to particular species. Nevertheless, reversing the loss of semi-natural areas such as wetlands may be the single most generally effective action for bumblebee conservation while improving habitats in urban and arable areas could benefit particular (rare) species. Our results also suggest that the combination of long-term, detailed monitoring data of both species and habitats, here collected by citizen scientists, with remotely sensed landcover and climate data is essential to extend knowledge of species' habitat requirements and to support future research and conservation."
Long-term size and range changes of the Griffon Vulture Gyps fulvus population in the Balkans: a review,"The Eurasian Griffon Vulture Gyps fulvus is a large Palearctic, Indohimalayan and Afrotropical Old-World vulture. The species' range is vast, encompassing territories from the Pyrenees to the Himalayas. We reviewed and analysed a long-term data set for Griffon Vulture in the Balkans to estimate the change in its population size and range between 1980 and 2019. After a large historical decline, the Griffon Vulture population slightly increased in the last 39 years (lambda = 1.02) and reached 445-565 pairs in 2019. We recorded a gradual increase of Griffon Vulture subpopulations in Serbia (lambda = 1.08 +/- 0.003), Bulgaria (lambda = 1.08 +/- 0.003) and Croatia (lambda = 1.05 +/- 0.005) and steep to a moderate decline of the species subpopulations in Greece (lambda = 0.88 +/- 0.005) and North Macedonia (lambda = 0.94 +/- 0.01). However, species range contracted to half of its former range in the same period. It occurred in 42 UTM squares in the 1980-1990 period and only 20 UTM squares between 2011 and 2019 and concentrated into three source subpopulations in Bulgaria, Serbia, and Croatia. Following reintroductions of the Griffon Vulture in Bulgaria, new colonies were formed at three novel localities after 2010. Regular movements of individuals between the different subpopulations exist nowadays. Therefore, preservation of both current and former core areas used for breeding and roosting is essential for species conservation in the region. However, the Griffon Vulture still faces severe threats and risk of local extinction. Various hazards such as poisoning, collision with energy infrastructure, disturbance and habitat alteration are depleting the status of the Balkan population and its full recovery. Further studies should analyse age-specific survival and mortality, recruitment, genetic relatedness, spatial use to inform the viability of this population in the future."
"Introduction of giant tortoises as a replacement ecosystem engineer to facilitate restoration of Santa Fe Island, Galapagos","Re-establishment of ecosystem engineers via introduction of replacement species is increasingly being proposed to facilitate ecosystem restoration of island ecosystems around the world, yet attendant challenges and risks remain largely unknown. We evaluate the first phase (2015-2020) of a program to restore a population of giant tortoises, ecosystem engineers of terrestrial ecosystems of the Galapagos Islands, to Santa Fe Island during which a total of 551 juvenile and 31 subadult tortoises of the non-native Espanola Island species (Chelonoidis hoodensis) were translocated. After 5 years, most (85%) of tortoises released remain alive, exhibiting robust vital rates comparable to those of conspecifics in their native range, having colonized 10% of the island via gradual dispersal from the point-of-release. Populations of an arboreal cactus (Opuntia echios)-a keystone species for many organisms on the island and intended beneficiary of tortoise restoration-and pallid land iguanas (Conolophus pallidus)-an endemic, herbivorous reptile considered potentially at risk from the introduction of tortoises, both increased coincident with the arrival of tortoises. Herbivore exclosure experiments revealed that the island's plant community manifested a response to the arrival of tortoises; however, significant engineering of the island's vegetation will require many decades. These results highlight the first stage of what appears to be a successful conservation intervention that can serve as a proof of concept for introduction of ecological replacements to other islands in Galapagos, and potentially for other island ecosystems around the world."
Effects of phylogenetic associations on environmental and temporal niche partitioning among sympatric mammals,"Mammals have evolved to occupy spatial and temporal niches in order to optimize resource utilization and minimize predation risk or competition. Subsequently, niche partitioning may be influenced by phylogenetic associations, which could have substantial consequences for ecosystem structure and function. We use the output from occupancy models based on camera trapping data to construct a tri-partite network describing the environmental and temporal partitioning of activity among twelve sympatric mammals in the Apennine Mountains of central Italy. We further evaluate if there were any effects of phylogenetic associations on the contributions of species to the properties of this spatio-temporal network. The Apennines form a pristine region in central Italy with a relatively intact Mediterranean mammal fauna. The mammal community in our study consisted of species ranging in size from 300 gs to over 200 kg, and included herbivores, omnivores and predators. There was limited structuring of the network describing environmental and temporal niche use. Furthermore, we did not find any phylogenetic signal in species contributions to network structures, and phylogenetic relatedness among species was not associated with their similarities in environmental or spatial niche use. However, animals appeared to have partitioned environmental niches more than temporal ones, suggesting that spatial variation in resource availability may have been more important than temporal avoidance of predation risk or competition in shaping activity within this mammal community. Our study highlights the need to evaluate under which conditions evolutionary history is influencing contemporary ecological processes."
Grand challenges in ecosystem restoration,"Humanity has now breached six of the nine ‘planetary boundaries’ that define the safe operating space in which our civilization evolved (Richardson et al., 2023). As natural systems come under increasing anthropogenic pressure, it is imperative that we safeguard our ecosystems and the services they provide. Such efforts must extend beyond protection of the habitat that remains, and embrace the global restoration of areas that have been degraded through land use conversion, pollution, and over-exploitation. Governments worldwide have recognised the urgency of this mission, launching the ‘UN Decade on Ecosystem Restoration’ in 2021, and committing to large-scale restoration efforts through the Bonn Challenge, The Glasgow Leaders’ Declaration on Forests and Land Use, the Kunming-Montreal Global Biodiversity Framework, and more. Yet restoration efforts on the ground have lagged far behind targets set by these and pre-existing global initiatives. For example, the 2010 Aichi Biodiversity Target of restoring 15 percent of degraded ecosystems was not achieved by 2020 (Convention on Biological Diversity, 2020), and 10 million hectares of forest continued to be lost each year between 2015 and 2020 (FAO and UNEP, 2020). To accelerate ecosystem restoration and meet policy targets, two key obstacles must be overcome. The first challenge is to implement restoration innovations at the scales necessary to halt and even reverse net loss of forest, grassland, wetland, mangroves, and other habitats. The second challenge is to achieve this large-scale restoration in a way that involves the full participation of local stakeholders."
The effects of wild ungulates on small mammals: a systematic review and meta-analysis,"Wild ungulates are increasing in several regions of the world, recolonizing the empty niche left by previous livestock systems. Due to their important role as ecosystem engineers, wild ungulates can modify and change vegetation structure, as well as modulate soil ecological processes, affecting the remaining components of communities and posing new management challenges. Several studies have evaluated the effects of wild ungulates on other guilds, but the results are taxonomically biased. Thus, our goal is to synthesise the overall effects of wild ungulates on smaller mammals on a broad scale.Due to the complexity of assessing these impacts throughout the ecological network, we focused on mammals since they occupy different trophic levels and are key taxa in food webs. We conducted a review of the documented effects of wild ungulates on the guild's abundance of mammals with less than 10 kg, which revealed a gap in the literature regarding how higher trophic levels respond to wild ungulate disturbances. Using a hierarchical meta-analytic approach, we assessed, on a subset of articles, whether the presence of wild ungulates affects the guild of small mammals and whether these effects were associated with biome, wild ungulates' body mass and foraging strategy, and small mammals' body mass.A quantitative meta-analysis was possible only for small mammals (Rodentia/Soricomorpha/Macroscelidea <1 kg) and revealed that their abundance tended to decrease with increasing abundance of wild ungulates. The magnitude of this impact, however, was modulated by body mass, being greater for larger small mammals than for smaller ones.The impacts of wild ungulates might result in changes in the abundance of small mammals through direct and indirect pathways. Our results motivate a more holistic evaluation of rewilding projects and the correct assessment of the effects concerning wild ungulates' reintroductions."
How to Choose? Comparing Different Methods to Count Wolf Packs in a Protected Area of the Northern Apennines,"Despite a natural rewilding process that caused wolf populations in Europe to increase and expand in the last years, human-wolf conflicts still persist, threatening the long-term wolf presence in both anthropic and natural areas. Conservation management strategies should be carefully designed on updated population data and planned on a wide scale. Unfortunately, reliable ecological data are difficult and expensive to obtain and often hardly comparable through time or among different areas, especially because of different sampling designs. In order to assess the performance of different methods to estimate wolf (Canis lupus L.) abundance and distribution in southern Europe, we simultaneously applied three techniques: wolf howling, camera trapping and non-invasive genetic sampling in a protected area of the northern Apennines. We aimed at counting the minimum number of packs during a single wolf biological year and evaluating the pros and cons for each technique, comparing results obtained from different combinations of these three methods and testing how sampling effort may affect results. We found that packs' identifications could be hardly comparable if methods were separately used with a low sampling effort: wolf howling identified nine, camera trapping 12 and non-invasive genetic sampling eight packs. However, increased sampling efforts produced more consistent and comparable results across all used methods, although results from different sampling designs should be carefully compared. The integration of the three techniques yielded the highest number of detected packs, 13, although with the highest effort and cost. A common standardised sampling strategy should be a priority approach to studying elusive large carnivores, such as the wolf, allowing for the comparison of key population parameters and developing shared and effective conservation management plans."
Active versus passive restoration: Forests in the southern Carpathian Mountains as a case study,"Active and passive restoration are both increasingly considered as options for nature recovery, with potential to help address the current climate and biodiversity crises. So far, however, there is little practical information on how to gauge the benefits and limitations of each approach, in terms of their effects on large-scale ecosystem composition, structure, and functioning. To address this knowledge gap, this study used satellite remote sensing to investigate changes in land cover and primary productivity within the forests of the Fagaras Mountains in southern Romania, where large-scale restoration and land abandonment have simultaneously taken place across the past two decades. To our knowledge, this study is the first to contrast the impacts of active and passive restoration within a single landscape on components of ecosystem structure and functioning at such temporal and spatial scales. Results show active restoration activities to be very effective at facilitating the recovery of cleared forests in small parts of the landscapes; but they also highlight substantial areas of natural forest expansion following agricultural abandonment, in line with regional trends. Altogether, our approach clearly illustrates how freely available satellite data can (1) provide vital spatially explicit insights about large-scale and long-term transformations in ecosystem composition, structure and functioning; and (2) help contrast the impacts of restoration approaches on vegetation distribution and dynamics, in ways that complement existing ground-based studies."
Moving beyond defining animal personality traits: The importance of behavioural correlations and plasticity for conservation translocation success,"Translocations using captive-reared and wild-caught animals are important and widely used conservation tools to boost dwindling endangered populations and for maintaining biodiversity, but still suffer high failure rates. Animal personality, defined as consistent inter-individual differences in behaviour, can have a critical influence on individual fitness and population dynamics. Many conservation translocations could benefit by selecting individuals with certain personality traits, but the importance of personality of the 'founders' is often not considered. The link between behavioural assessments and improving translocation success therefore needs further investigation to demonstrate that adopting behavioural assays for translocations is worthwhile and feasible. Too few studies have considered the effect of captive-rearing or novel release-site conditions on changes to pre-release behavioural structural characteristics, including such as between-trait (i.e., behavioural syndromes) or within-trait correlations (i.e., personality plasticity correlations) among individuals. Considering that appropriate behavioural structures can usually serve as immediate adaptive responses to environmental uncertainty, we suggest that the loss of appropriate structures may give a partial explanation for why captive-reared or wild caught animals unfamiliar with the release-site environment suffer high post-release mortality rates. We call for more comprehensive personality trait assessments to evaluate the potential negative effects on behavioural structure induced by captive rearing and an unfamiliarity to the release-site environment in future conservation studies. We suggest several specific measures that may help to reform appropriate behavioural structures during captive rearing to form part of future feasibility and pre-release stages of conservation translocations."
Free-living colonies of native honey bees (Apis mellifera mellifera) in 19th and early 20th century Sweden,"Little information exists on the history and ecology of free-living colonies of European honey bees (Apis mellifera L.) in Europe, including its dark north-western subspecies (Apis mellifera mellifera). Our aim was to investigate the presence of colonies of free-living, native honey bees (A. m. mellifera) during the last two centuries in Sweden. For this we examined systematic interviews of beekeepers (176 answers from 158 questionnaires) performed in the years 1928-1981, with information dating back to the early 1800s. An overwhelming majority of answers (96%) confirmed the past presence of free-living colonies of honey bees in Sweden. While some stated that free-living colonies were simply absconded swarms from managed hives, the majority of interviewees (69%) believed that free-living colonies were of a truly wild origin. A decreasing trend in first-hand accounts of free-living colonies suggests that free-living populations underwent a dramatic decline at the end of the 19th century. This was also expressed in words by many interviewees, who in 14 cases stated that the loss of old forests and tree-cavity nest sites at the end of the 1800s was the primary cause of the decline. Direct accounts of perennial, free-living colonies, combined with detailed descriptions of the collection of large free-living colonies and/or wild honey, is strong evidence of free-living honey bees being well adapted to winter survival. These accounts contradict the officially supported view that the honey bee is a recently imported, domesticated, non-native species in Sweden. The results give a scientific underpinning and provide inspiration for the restoration of native forests which could facilitate populations of free-living colonies of A. m. mellifera exposed to natural selection. This could potentially lead to its return as a fully wild species. In an uncertain future, allowing for a natural lifestyle could increase resilience and reinstate characteristics that are otherwise lost in honey bees due to the increasing effects of artificial trait selection. Implications for insect conservationOur results present strong evidence for populations of free-living colonies of A. m. mellifera in the recent past, which calls for a revised look at its conservation status and management. Allowing and supporting free-living colonies of this subspecies should be evaluated as a method for conservation."
Assessing the use of natural colonization to create new forests within temperate agriculturally dominated landscapes,"There is a global drive to increase forest cover to protect biodiversity and help combat climate change. Tree planting is widely used to increase forest cover, although there is growing interest in using natural processes. However, predicting the outcome of natural colonization is challenging as it is a highly variable process and evidence is sparse, especially in temperate landscapes. Our study aims to evaluate the spatial and temporal scale over which natural colonization may be an effective approach to create new forests within temperate agriculturally dominated landscapes. We examine the spatial patterns in tree density and height across 90 sites in the United Kingdom that attempted to use natural colonization to create new forests between 1994 and 2004. Tree density and tree height were measured using light detecting and ranging point cloud data, an increasingly common technique for surveying forest characteristics. This research shows that natural colonization is a highly variable, relatively slow process in temperate agricultural landscapes, spatially restricted to a narrow fringe around existing forests and trees (105 m; 95% CI: 70-174 m, within approximately 19 years), although exact distances vary with former land use. This suggests that in some circumstances natural colonization will need to be assisted and supplemented with tree planting to increase forest cover, especially in areas away from a seed source. In reality, a blend of approaches will be needed to meet policy and land manager objectives, increase forest cover and tackle the biodiversity and climate crises."
Return to 1616: Multispecies Fauna Reconstruction Requires Thinking Outside the Box,"Conservation translocations have become increasingly popular for 'rewilding' areas that have lost their native fauna. These multispecies translocations are complex and need to consider the requirements of each individual species as well as the influence of likely interactions among them. The Dirk Hartog Island National Park Ecological Restoration Project, Return to 1616, aspires to restore ecological function to Western Australia's largest island. Since 2012, pest animals have been eradicated, and conservation translocations of seven fauna species have been undertaken, with a further six planned. Here, we present a synthesis of the innovative approaches undertaken in restoring the former faunal assemblage of Dirk Hartog Island and the key learnings gathered as the project has progressed."
Understanding anthropogenic impacts on zoogeochemistry is essential for ecological restoration,"Ecological restoration is critical for climate and biodiversity resilience over the coming century. Today, there is strong evidence that wildlife can significantly influence the distribution and stoichiometry of elements across landscapes, with subsequent impacts on the composition and functioning of ecosystems. Consequently, any anthropogenic activity that modifies this important aspect of zoogeochemistry, such as changes to animal community composition, diet, or movement patterns, may support or hinder restoration goals. It is therefore imperative that the zoogeochemical effects of such anthropogenic modifications are quantified and mapped at high spatiotemporal resolutions to help inform restoration strategies. Here, we first discuss pathways through which human activities shape wildlife-mediated elemental landscapes and outline why current frameworks are inadequate to characterize these processes. We then suggest improvements required to comprehensively model, validate, and monitor element recycling and redistribution by wildlife under differing wildlife management scenarios and discuss how this might be implemented in practice through a specific example in the southern Kalahari Desert. With robust ecological forecasting, zoogeochemical impacts of wildlife can thus be used to support ecological restoration and nature-based solutions to climate change. If ignored in the restoration process, the effects of wildlife on elemental landscapes may delay, or even prevent, restoration success."
Fallow deer foraging alone does not preserve the vegetation of traditionally sheep-grazed calcareous grasslands,"The goal of this study was to evaluate to what extent wild ungulates (fallow deer) can contribute to the maintenance of semi-natural calcareous grasslands, which are a threatened habitat type (natura 2000 code *6210). In a 10-year exclosure experiment, we tested the effects of ungulate foraging using three treatments: (A) control with combined foraging of herded sheep and wild fallow deer, (B) sheep exclosure with only deer foraging and (C) total exclosure with no foraging. Treatments not grazed by sheep (B, C) were characterized by significantly declining species numbers, litter accumulation and shrub encroachment. Despite high population densities, the effect of fallow deer alone (B) was weak: Succession of woody species was only partly inhibited, while annuals, short-growing and rosette-building plant species were strongly suppressed by litter accumulation. Only the combination of sheep and fallow deer foraging preserved vegetation structure and species richness and led to a promotion of target species. Synthesis and applications. We conclude that we need to continue the traditional land-use forms such as sheep grazing in order to maintain calcareous grasslands. However, we should also raise our awareness for wild animals and analyse more in depth their potential contribution to the conservation management of open habitats."
Moss cover and browsing scores as sustainability indicators of mountain ungulate populations in Mediterranean environments,"Here, we aimed to define ecological indicators of environmental change for monitoring the effect of a reintroduced species, the Iberian ibex (Capra pyrenaica), over the vegetation of a natural protected area with contrasting habitats. This species was reintroduced 30 years ago in the Sierra de Guadarrama National Park, Spain, and its population has since grown exponentially, reaching high densities in some areas. We tested the suitability of two complementary indicators: browsing damage on woody species and the percentage of moss cover loss on rocky outcrops. For this purpose, we used a mathematical approach to zone the natural protected area according to the historical presence of the species and established five different Iberian ibex pressure classes (Classes I-V). Our results showed a direct link between Iberian ibex pressure and vegetation status. Model predictions suggested 10% moss loss in the areas with low pressure (Class I) but 64% loss in the areas with high pressure (Class III), mostly due to ungulate trampling on rocks. Similarly, browsing damage increased with increasing pressure classes for different woody species. Low palatable plant species such as Pinus spp. showed little change in browsing damage for increasing ungulate pressure whereas more palatable plants (e.g., Erica arborea) showed significantly greater browsing damage variation across pressure classes (i.e., high sensitive to herbivory pressure). Both, moss cover on rocks and widely distributed palatable woody plants proved useful ecological indicators for monitoring ungulate populations in mountainous areas with a diverse array of habitats (e.g., rocky vs. woody). This methodology may help select the most suitable indicators for each type of ecosystem or dominant habitat in ungulate-dominated ecosystems."
Preventing a series of unfortunate events: Using qualitative models to improve conservation,"Biological organisms are increasingly being introduced and eradicated in an effort to maintain biodiversity and ecosystem function in the face of anthropogenic threats. However, these conservation actions can have unintended consequences to non-target species. Careful vetting of these actions using ecological modelling tools could help predict and avoid unintended consequences. Qualitative modelling tools, such as fuzzy interaction webs (FIWs), allow for qualitative rankings of community properties (e.g. interaction strength = high, medium, low) in combination with quantitative information to predict management outcomes. These tools have lower data requirements than strictly quantitative models, facilitating their use for communities lacking comprehensive parameterization. However, no studies have evaluated the efficacy of FIWs for predicting unintended consequences against empirically documented outcomes. Moreover, there is no process for systematically identifying which species to incorporate in community-level conservation assessments to overcome model structure uncertainty. Finally, there is a need to make qualitative modelling tools more accessible for conservation practitioners. We applied FIWs to the case study of lake trout introduction into Yellowstone Lake, Yellowstone National Park, to assess its ability to predict documented community-level outcomes from an intentional species introduction. Next, we used the case study of the intentional red squirrel introduction to Newfoundland to show how a community assessment framework can help define the community interaction web needed for applying a FIW. Lastly, we introduced a user-friendly web interface () for applying FIWs to conservation questions. We found that the FIW predicted previously documented directional changes in the abundance of community components relatively well in the Yellowstone Lake case study, even with minimal knowledge of the system. The community assessment framework provided a formal process for identifying community components for the Newfoundland case study, and the resulting FIW predicted documented unintended consequences. The user interface predicts realistic outcomes in our study system and allows managers to build and apply FIWs for conservation planning. Synthesis and applications. Our community assessment framework and user interface can be used to apply FIWs to identify and avert potential unintended outcomes of species introductions and eradications for improved conservation management."
Learning from the past: opportunities for advancing ecological research and practice using palaeoecological data,"Palaeoecology involves analysis of fossil and sub-fossil evidence preserved within sediments to understand past species distributions, habitats and ecosystems. However, while palaeoecological research is sometimes made relevant to contemporary ecology, especially to advance understanding of biogeographical theory or inform habitat-based conservation at specific sites, most ecologists do not routinely incorporate palaeoecological evidence into their work. Thus most cross-discipline links are palaeoecology -> ecology rather than ecology -> palaeoecology. This is likely due to lack of awareness and/or the misnomer that palaeoecology invariably relates to the distant past (thousands of years) rather than being applicable to the recent past (last similar to 100-200 years). Here, we highlight opportunities for greater integration of palaeoecology within contemporary ecological research, policy, and practice. We identify situations where palaeoecology has been, or could be, used to (1) quantify recent temporal change (e.g. population dynamics; predator-prey cycles); (2) rewind to a particular point in ecological time (e.g. setting restoration/rewilding targets; classifying cryptogenic species); (3) understand current ecological processes that are hard to study real-time (e.g. identifying keystone species; detecting ecological tipping points); (4) complement primary data and historical records to bridge knowledge gaps (e.g. informing reintroductions and bioindicator frameworks); (5) disentangle natural and anthropogenic processes (e.g. climate change); and (6) draw palaeoecological analogues (e.g. impacts of pests). We conclude that the possibilities for better uniting ecology and palaeoecology to form an emerging cross-boundary paradigm are as extensive as they are exciting: we urge ecologists to learn from the past and seek opportunities to extend, improve, and strengthen their work using palaeoecological data."
"Urban restoration of common species: population genetics of reintroduced native bush rats Rattus fuscipes in Sydney, Australia","Common species play a disproportionate role in shaping ecosystem structure and function, but are currently under-represented in conservation translocation initiatives. This represents a missed opportunity because common species are typically easier to source for restoration projects, and larger numbers of common species can feasibly be translocated without substantially impacting source populations. Reintroduction of common species is an important first step in the faunal restoration of severely impacted habitats, such as urban spaces. Common species typically retain higher genetic diversity than threatened species, but this also means that they may have more to lose via population bottlenecks that can occur from translocation. To inform efforts to translocate common species, we assessed genetic impacts of a reintroduction of the common native bush rat Rattus fuscipes to an urban reserve at North Head, Sydney (Australia). Using single-nucleotide polymorphism diversity, we found that differentiation between source populations was low. Nevertheless, admixture during reintroduction and follow-up translocations initially increased standardized observed heterozygosity of North Head-born bush rats and population N-E, with a subtle corresponding decrease in within-population kinship. For 3 years following the last translocation, we detected a small decline in genetic diversity in the North Head population, although final statistics remained similar to the source populations. Our results indicate that no short-term interventions are necessary to further promote bush rat genetic diversity at North Head, but that continued genetic monitoring will be important to determine whether a trend in declining diversity continues as the population stabilizes. We conclude that translocation of a large number of individuals from multiple sources presents a suitable option for restoring an extirpated small mammal population whilst minimizing genetic effects typically associated with such management actions. Common species present viable candidates for translocations aiming to return biodiversity to disturbed or fragmented urban ecosystems."
"Conservation value of semi-open habitats for ground beetles (Coleoptera: Carabidae, Cicindelidae) in Central Europe","Reintroduction of grazing to counteract insect decline will lead to an increase of semi-open habitats. Semi-open habitats are highly heterogeneous, consisting of a mosaic of patches of trees or shrubs embedded in a matrix dominated by dwarf shrubs or grasses. Despite a lack of evidence, structural heterogeneity is expected to allow many species to co-occur, making semi-open habitats appear highly valuable for invertebrate conservation. We studied ground beetles in eight sites in two landscapes of Central Europe each encompassing semi-open, open, and forest habitats. Rapid response to environmental change and limited dispersal abilities make ground beetles an excellent model taxon to evaluate the effectiveness of such conservations measures. In both studied landscapes, ground beetle assemblages in semi-open habitats tended to be distinct and intermediate between those from the forest and open habitats. Species richness and functional diversity in semi-open habitats were similar to open habitats at site level. The majority of species entered the semi-open habitats, except for most threatened species, yet, few species were exclusively associated with semi-open habitats. We conclude that the continuous presence of many species in semi-open habitats likely results from mass effects rather than habitat heterogeneity per se. Our findings underline the conservation value of the existing forest, heathland, and grassland habitats over semi-open habitats which can, however, function as dispersal habitats and increase landscape connectivity. Strategies aiming at promoting semi-open habitats to counteract insect decline should target enhancing connectivity rather than the creation of habitats only."
Successful predatory-avoidance behaviour to lion auditory cues during soft-release from captivity in cheetah,"Due to global biodiversity declines, conservation programmes have increasingly had to consider reintroducing captive animals into the wild. However, reintroductions often fail as captive individuals may be naive to predators and do not recognise or respond appropriately to predatory cues, contributing to high mortality rates soon after release. This study evaluates differences in predator-response behaviours between individuals from three experimental groups, a captive population (n = 13), a semi-wild population (i.e. raised in captivity and successfully released; n = 6) and a wild population (n = 2) of cheetah (Acinonyx jubatus) to an artificially simulated auditory threat of lions (Panthera leo), a larger, natural predator in South Africa. Such comparisons improve our understanding of differences between captive and wild behaviours and provide an aspect to evaluating the relative success of reintroduction programmes. Changes in the proximal distance, the latency of approach and hesitation towards both control (African bush cricket, Acanthoplus discoidalis) and treatment (lion) auditory cues were observed for 29 cheetah from captive, semi-wild and wild populations in at least three trial replicates each. Overall, captive individuals consistently displayed poor predatory-response behaviours, approaching the treatment as often as the control, as well as spending more time near the stimulus (<10 m) and hesitating more often than semi-wild cheetah, which could distinguish between the control and treatment, consistently fleeing from the latter with little hesitation. Repeatability analyses indicated that these behavioural responses to predatory cues could not be explained by individual personality and between-trial learning comparisons showed no evidence of habituation. Our findings demonstrate how a priori testing for predator naivety could inform future introductory decisions and thereby increase post-release survival rates, significantly improving the efficacy of reintroduction strategies. We, therefore, emphasise the importance of such research and screening in highly threatened species, such as cheetah, where reintroduction from captivity has become a necessary consideration."
Time to integrate global climate change and biodiversity science-policy agendas,"There is an increasing recognition that, although the climate change and biodiversity crises are fundamentally connected, they have been primarily addressed independently and a more integrated global approach is essential to tackle these two global challenges. Nature-based Solutions (NbS) are hailed as a pathway for promoting synergies between the climate change and biodiversity agendas. There are, however, uncertainties and difficulties associated with the implementation of NbS, while the evidence regarding their benefits for biodiversity remains limited. We identify five key research areas where incomplete or poor information hinders the development of integrated biodiversity and climate solutions. These relate to refining our understanding of how climate change mitigation and adaptation approaches benefit biodiversity conservation; enhancing our ability to track and predict ecosystems on the move and/or facing collapse; improving our capacity to predict the impacts of climate change on the effectiveness of NbS; developing solutions that match the temporal, spatial and functional scale of the challenges; and developing a comprehensive and practical framework for assessing, and mitigating against, the risks posed by the implementation of NbS. Policy implications. The Conference of the Parties (COP) for the United Nations Framework Convention on Climate Change (COP26) and the Convention on Biological Diversity (COP15) present a clear policy window for developing coherent policy frameworks that align targets across the nexus of biodiversity and climate change. This window should (a) address the substantial and chronic underfunding of global biodiversity conservation, (b) remove financial incentives that negatively impact biodiversity and/or climate change, (c) develop higher levels of integration between the biodiversity and climate change agendas, (d) agree on a monitoring framework that enables the standardised quantification and comparison of biodiversity gains associated with NbS across ecosystems and over time and (e) rethink environmental legislation to better support biodiversity conservation in times of rapid climatic change."
Reintroducing species when threats still exist: assessing the suitability of contemporary landscapes for island endemics,"Reintroducing species into landscapes with persistent threats is a conservation challenge. Although historic threats may not be eliminated, they should be understood in the context of contemporary landscapes. Regenerating landscapes often contain newly emergent habitat, creating opportunities for reintroductions. The Endangered St Croix ground lizard Pholidoscelis polops was extirpated from the main island of St Croix, U.S. Virgin Islands, as a result of habitat conversion to agriculture and predation by the small Indian mongoose Herpestes auropunctatus. The species survived on two small cays and was later translocated to two islands. Since the 1950s, new land-cover types have emerged on St Croix, creating a matrix of suitable habitat throughout the island. Here we examined whether the new habitat is sufficient for a successful reintroduction of the St Croix ground lizard, utilizing three complementary approaches. Firstly, we compared a map from 1750 to the current landscape of St Croix and found statistical similarity of land-cover types. Secondly, we determined habitat suitability based on a binomial mixture population model developed as part of the programme monitoring the largest extant population of the St Croix ground lizard. We estimated the habitat to be sufficient for > 142,000 lizards to inhabit St Croix. Thirdly, we prioritized potential reintroduction sites and planned for reintroductions to take place during 2020-2023. Our case study demonstrates how changing landscapes alter the spatial configuration of threats to species, which can create opportunities for reintroduction. Presuming that areas of degraded habitat may never again be habitable could fail to consider how regenerating landscapes can support species recovery. When contemporary landscapes are taken into account, opportunities for reintroducing threatened species can emerge."
How are nature based solutions helping in the greening of cities in the context of crises such as climate change and pandemics? A comprehensive review,"Urban areas are expanding due to rural-urban migration and due to population increases. Their resilience is being challenged due to socio-political consequences of increasingly frequent and severe storms, due to climate changes, influx of human and animal refugees and as a consequence of the COVID-19 pandemic. The authors prepared a systematic literature of ways cities can be transformed into more resilient, and sustainable regions by creatively enhancing the quality and quantity of blue and green areas in and around them. The literature review was conducted to provide holistic insights into selection, implementation monitoring, assessment, and valuation of Nature-based Solutions in diverse urban regions. The authors reviewed no fewer than 298 articles from 109 academic journals and related sources, published within 1997-2020. The focus of the articles was upon 'nature-based' changes that are being implemented in urban areas, globally to enhance their resilience and the 'quality-of-life' of humans and other species. By implementing nature-based solutions, and complimentary 'urban wilding' approaches, urban areas and their hinterlands are expanding their 'blue' and 'green' areas and are thereby decreasing the 'heat-island' effects, while improving human health by surrounding them with rich bio-diversities of locally adapted, aquatic and terrestrial plants and animals. Although, many NBS options have been documented to be beneficial, their environmental, economic and social/psychological dimensions have not been adequately quantified, especially in the context of climate changes, and with regard to COVID-19. It is essential that the benefits of NBS are quantified with easily measurable outcomes, that are readily understood by practitioners, city policy-makers and members of community organizations, based upon specific geographical and climatological contexts. This will help them accelerate implementation of NBS and wilding into their urban systems. The reviewers found that more research is needed on anticipatory learning, backcasting and community participation to help to effectively implement the appropriate NBS for improving the sustainability of urban systems. The reviewers provide guidance for urban leaders to incorporate NBS into their policies and strategies to improve urban resilience and equity and to more effectively reduce impacts of climate change, population growth and pandemics. (C) 2020 Elsevier Ltd. All rights reserved."
"Green bridges in a re-colonizing landscape: Wolves (Canis lupus) in Brandenburg, Germany","Gray wolves (Canis lupus) are recolonizing many parts of central Europe and are a key part of international conservation directives. However, roads may hinder the reestablishment of gray wolves throughout their historic range by reducing landscape connectivity and increasing mortality from wildlife-vehicle collisions. The impact of roads on wolves might be mitigated by the construction of green bridges (i.e., large vegetated overpasses, designed to accommodate the movement of wildlife over transportation corridors). In this study, we investigated the seasonal and diurnal use of a green bridge by wolves and three of their main prey species: red deer (Cervus elaphus), roe deer (Capreolus capreolus), and wild boar (Sus scrofa). We found that all four species used the green bridge. Wolves were most active in winter, whereas prey species were most active in spring and summer. All species were more active at dusk and during the night than at dawn and during the day. We found no evidence that wolf presence influenced bridge-use by prey species, consistent with other tests of the prey-trap hypothesis. Our results suggest that green bridges are used by wolves and prey species alike, and may foster connectivity and recolonization for these species in rewilding landscapes."
Conservation decision-making under uncertainty: Identifying when to reintroduce tigerPanthera tigristo Cambodia,"Conservationists need to present biological monitoring data to decision makers in a way which clearly represents uncertainty. Providing results in terms of the probability of a hypothesis being true may have greater utility for decision-making than traditionally used frequentist statistical approaches. Here, we demonstrate such an approach with regard to assessing the suitability of the Cardamom Rainforest Landscape, Cambodia forPanthera tigris(tiger) reintroduction. We estimated the density of tiger prey in the core of the landscape using the Random Encounter Model from camera-trap data and used Monte Carlo simulation to prorogate uncertainty around our model parameter estimates. This suggests there is currently a low probability that the core area of the landscape supports sufficient prey for a population of 25 adult tigers and that significant prey recovery is thus required prior to any reintroduction into the landscape. The Random Encounter Model contains a number of assumptions and we stress our main purpose is to illustrate an approach to incorporating uncertainty into conservation decision-making rather than providing robust estimation of current tiger prey densities in the Cardamom Rainforest Landscape. Our approach has wide utility for conveying species monitoring information to conservation planners in a simple to understand fashion."
Territoriality drives preemptive habitat selection in recovering wolves: Implications for carnivore conservation,"According to the ideal-free distribution (IFD), individuals within a population are free to select habitats that maximize their chances of success. Assuming knowledge of habitat quality, the IFD predicts that average fitness will be approximately equal among individuals and between habitats, while density varies, implying that habitat selection will be density dependent. Populations are often assumed to follow an IFD, although this assumption is rarely tested with empirical data, and may be incorrect when territoriality indicates habitat selection tactics that deviate from the IFD (e.g. ideal-despotic distribution or ideal-preemptive distribution). When territoriality influences habitat selection, species' density will not directly reflect components of fitness such as reproductive success or survival. In such cases, assuming an IFD can lead to false conclusions about habitat quality. We tested theoretical models of density-dependent habitat selection on a species known to exhibit territorial behaviour in order to determine whether commonly applied habitat models are appropriate under these circumstances. We combined long-term radiotelemetry and census data from grey wolves Canis lupus in the Upper Peninsula of Michigan, USA to relate spatiotemporal variability in wolf density to underlying classifications of habitat within a hierarchical state-space modelling framework. We then iteratively applied isodar analysis to evaluate which distribution of habitat selection best described this recolonizing wolf population. The wolf population in our study expanded by >1,000% during our study (similar to 50 to >600 individuals), and density-dependent habitat selection was most consistent with the ideal-preemptive distribution, as opposed to the ideal-free or ideal-despotic alternatives. Population density of terrestrial carnivores may not be positively correlated with the fitness value of their habitats, and density-dependent habitat selection patterns may help to explain complex predator-prey dynamics and cascading indirect effects. Source-sink population dynamics appear likely when species exhibit rapid growth and occupy interspersed habitats of contrasting quality. These conditions are likely and have implications for large carnivores in many systems, such as areas in North America and Europe where large predator species are currently recolonizing their former ranges."
Ensemble ecosystem modeling for predicting ecosystem response to predator reintroduction,"Introducing a new or extirpated species to an ecosystem is risky, and managers need quantitative methods that can predict the consequences for the recipient ecosystem. Proponents of keystone predator reintroductions commonly argue that the presence of the predator will restore ecosystem function, but this has not always been the case, and mathematical modeling has an important role to play in predicting how reintroductions will likely play out. We devised an ensemble modeling method that integrates species interaction networks and dynamic community simulations and used it to describe the range of plausible consequences of 2 keystone-predator reintroductions: wolves (Canis lupus) to Yellowstone National Park and dingoes (Canis dingo) to a national park in Australia. Although previous methods for predicting ecosystem responses to such interventions focused on predicting changes around a given equilibrium, we used Lotka-Volterra equations to predict changing abundances through time. We applied our method to interaction networks for wolves in Yellowstone National Park and for dingoes in Australia. Our model replicated the observed dynamics in Yellowstone National Park and produced a larger range of potential outcomes for the dingo network. However, we also found that changes in small vertebrates or invertebrates gave a good indication about the potential future state of the system. Our method allowed us to predict when the systems were far from equilibrium. Our results showed that the method can also be used to predict which species may increase or decrease following a reintroduction and can identify species that are important to monitor (i.e., species whose changes in abundance give extra insight into broad changes in the system). Ensemble ecosystem modeling can also be applied to assess the ecosystem-wide implications of other types of interventions including assisted migration, biocontrol, and invasive species eradication."
Refaunation and the reinstatement of the seed-dispersal function in Gorongosa National Park,"Large animals are important seed dispersers; however, they tend to be under a high extinction risk worldwide. There is compelling evidence that the global biodiversity crisis is leading to the deterioration of several ecosystem functions, but there is virtually no information on how large-scale refaunation efforts can reinstate seed dispersal. We evaluated the effectiveness of a 62-km(2) wildlife sanctuary, which was established to recover populations of large mammals in Gorongosa National Park (Mozambique), in restoring seed dispersal. We collected animal scats during the dry season of 2014 (June-August) along 5 transects inside and 5 transects outside the sanctuary fence (50 km total) with the same type of plant community, identified animal and plant species in the transects, and quantified the number of seeds in each scat. Based on these data, we built bipartite networks and calculated network and species-level descriptor values, and we compared data collected inside and outside the sanctuary. There were more scats (268 vs. 207) and more scats containing seeds (132 vs. 94) inside than outside the sanctuary. The number of mammal dispersers was also higher inside (17) than outside the sanctuary (11). Similarly, more seeds (2413 vs. 2124) and plant species (33 vs. 26) were dispersed inside than outside the sanctuary. Overall, the seed-dispersal network was less specialized (0.38 vs. 0.44) and there was a greater overlap (0.16 vs. 0.07) inside than outside the sanctuary. Both networks were significantly modular and antinested. The high number and richness of seeds dispersed inside the sanctuary was explained mostly by a higher abundance of dispersers rather than by disperser identity. Our results suggest conservation efforts aimed at recovering populations of large mammals are helping to reestablish not only target mammal species but also their functional roles as seed dispersers in the ecosystem."
"Reintroduction of the scarlet macaw (Ara macao cyanoptera) in the tropical rainforests of Palenque, Mexico: project design and first year progress","There are 17 extant species of macaws in the Neotropics, most of them found in South America. Two subspecies of scarlet macaw (Ara macao) are distinguished in Mesoamerica: Ara macao cyanoptera, from Mexico to central Nicaragua, and Ara macao macao, from southern Nicaragua to South America. Habitat loss, hunting, and in particular illegal traffic have resulted in the local and regional extinction of this macaw within its historical range. In Mexico, the scarlet macaw has disappeared from about 98% of its indigenous range; it is extinct in El Salvador and occurs in very low numbers in Guatemala, Belize, Honduras, and Nicaragua. The IUCN recommends two tactics for population restoration: Reintroduction and Reinforcement. In this paper we report the design and first-year progress of a project to reintroduce the scarlet macaw (A. macao cyanoptera) in the tropical rainforests of Palenque, Mexico, where this macaw has been extinct for more than 70 years. The project is spearheaded by Aluxes Ecopark Palenque, bringing together Xcaret Ecopark (as donor of captive-bred scarlet macaws) and the Institute of Biology of Universidad Nacional Autonoma de Mexico (UNAM; provider of the scientific platform for the project). The design of the project adheres to the IUCN/SSC guidelines for reintroductions. A soft-release protocol was developed as a major axis of the reintroduction of the scarlet macaw. This includes a preparation phase to enhance survival in the wild and a long-term post-release monitoring program. Broad social support was considered essential for the success of the project, and a program was implemented to include the local inhabitants as partners in this initiative. Between April 2013 and June 2014, we conducted six successful releases of a total of 92 macaws. Survival to August 2014 was 92%. The reintroduction of the scarlet macaw in the tropical rainforests of Palenque will restore a seed-and fruit-eating avian species with important consequences for ecosystem functions and processes, in a project that reconnects people with their natural heritage."
Assessing the Potential to Restore Historic Grazing Ecosystems with Tortoise Ecological Replacements,"The extinction of large herbivores, often keystone species, can dramatically modify plant communities and impose key biotic thresholds that may prevent an ecosystem returning to its previous state and threaten native biodiversity. A potentially innovative, yet controversial, landscape-based long-term restoration approach is to replace missing plant-herbivore interactions with non-native herbivores. Aldabran giant (Aldabrachelys gigantea) and Madagascan radiated (Astrochelys radiata) tortoises, taxonomically and functionally similar to the extinct Mauritian giant tortoises (Cylindraspis spp.), were introduced to Round Island, Mauritius, in 2007 to control the non-native plants that were threatening persistence of native species. We monitored the response of the plant community to tortoise grazing for 11 months in enclosures before the tortoises were released and, compared the cost of using tortoises as weeders with the cost of using manual labor. At the end of this period, plant biomass; vegetation height and cover; and adult, seedling, flower, and seed abundance were 3-136 times greater in adjacent control plots than in the tortoise enclosures. After their release, the free-roaming tortoises grazed on most non-native plants and significantly reduced vegetation cover, height, and seed production, reflecting findings from the enclosure study. The tortoises generally did not eat native species, although they consumed those native species that increased in abundance following the eradication of mammalian herbivores. Our results suggest that introduced non-native tortoises are a more cost-effective approach to control non-native vegetation than manual weeding. Numerous long-term outcomes (e.g., change in species composition and soil seed bank) are possible following tortoise releases. Monitoring and adaptive management are needed to ensure that the replacement herbivores promote the recovery of native plants."
Modelling the surprising recolonisation of an understudied aquatic mammal in a highly urbanised area: fortune favoured the smooth-coated otter in Singapore,"Ever-growing human activities present an active and continuing threat to many species throughout the world. Nevertheless, concerted conservation efforts in some regions have balanced these threats and allowed endangered species to recolonise former parts of their original ranges and reverse their decline. This is notably the case of the smooth-coated otter Lutrogale perspicillata. In 1998, individuals returned to Singapore after more than a 20-year absence. In 2017, 79 otters were counted throughout the heavily urbanized city. Despite this comeback, the future of the species in Singapore is unclear. By collating information on the species' life history traits, we implemented a spatially explicit individual based model with the aim of first replicating the original recolonisation of the species in Singapore and secondly, trying to predict its future population trend. The model demonstrated that successful establishment of Singapore population from the initial immigrants was highly uncertain. In 43% of cases, stochastic extinction occurred. From the 9% of model replicates that closely reproduced the observed colonisation history, projections showed that the population would reach close to 200 individuals in 50 years. This study successfully demonstrates the use of individual-based modelling to simulate the inherently stochastic recolonisation dynamics of an endangered species and predict its longer-term future. We discuss emerging issues that may arise from increasing negative interactions between otters and humans and the general challenges associated with rewilding highly urbanized environments. We stress the importance of long-term monitoring surveys and education campaigns to mitigate human-wildlife conflicts. With species and natural habitats increasingly threatened by our ever-growing human expansion, understanding the factors that allow human-dominated landscapes to be compatible with biodiversity is of the utmost importance."
Effects of large mammal exclusion on seedling communities depend on plant species traits and landscape protection in human-modified Costa Rican forests,"Large terrestrial herbivorous mammals (LTH-mammals) influence plant community structure by affecting seedling establishment in mature tropical forests. Many of these LTH-mammals frequent secondary forests, but their effects on seedling establishment in them are understudied, hindering our understanding of how LTH-mammals influence forest regeneration in human-modified landscapes.We tested the hypothesis that the strength of LTH-mammals' effects on seedling establishment depends on landscape protection, forest successional stage and plant species' traits using a manipulative field experiment in six 1-ha sites with varying successional age and landscape protection. In each site, we established 40 seedling plot-pairs, with one plot excluding LTH-mammals and one not, and monitored seedlings of 116 woody species for 26 months.We found significant effects of LTH-mammal exclusion on seedling survival contingent upon the protection of forests at the landscape level and forest stage. After 26 months, survival differences between LTH-mammal exclusion and non-exclusion treatments were greater in protected than unprotected landscapes. Additionally, plant species' traits were related to the LTH-mammals' differential effects, as LTH-mammals reduced the survival of seedlings of larger-seeded species the most. Overall, LTH-mammals' effects translated into significant shifts in community composition as seedling communities inside and outside the exclosures diverged. Moreover, lower density and higher species diversity were found as early as 12 and 18 months outside than inside exclosures.Synthesis and applications. Insight into the interactions between LTH-mammals and seedling communities in forest regeneration can be instrumental in planning effective restoration efforts. We highlight the importance of landscape protection in seedling survival and the role of LTH-mammals in promoting seedling diversity in mature forests but also in secondary successional forests. The findings suggest that conservation efforts and possibly trophic rewilding can be important approaches for preserving diversity and influencing the trajectory of secondary tropical forest succession. However, we also caution that an overabundance of LTH-mammals may adversely impact the pace of forest succession due to their preference for large-seeded species. Therefore, a comprehensive wildlife management plan is indispensable. Additionally, longer term studies on LTH-mammals are necessary to understand the effects of temporal fluctuations that are undetected in short-term studies."
Scientific evidence does not support the translocation of guanacos in Argentina,"The Argentinian Ministry of Environment has approved the translocation of 45 guanacos from Southern Patagonia to the Pampas region, a distance of 1500 km, as the initial phase toward future translocations into a National Park located in the Chaco region, another 1600 km further North. This decision raises concerns about the technical and ethical aspects of the translocation. Firstly, there is a lack of proper evaluation and scientific evidence to support the need, opportunity, and feasibility of this translocation. The guanaco population is currently over one million and is increasing, and genetic differences exist among local populations. The translocation could produce anthropogenic-driven admixed populations, leading to genetic swamping and disrupting evolutionary processes. Second, there are ethical conflicts around managing wild species populations that prioritize private objectives and disregard local, publicly funded science. Rewilding projects require a deep understanding of interacting ecosystem processes, and of the socio-economic context. This management decision violates guiding principles for rewilding and should have followed proper scientific evaluation and transparent local consultation."
Stakeholder Challenges and Opportunities of GPS Shock Collars to Achieve Optimum Welfare in a Conservation or Farm Setting,"Simple Summary This study aims to understand how virtual livestock fences (VFs), introduced to the UK in 2020, were being used and to identify the animal welfare opportunities and challenges of VF systems. VF systems work by training livestock to respect a virtual fence line by pairing an audible warning tone with an electric shock. Semistructured interviews were conducted with key stakeholders (n = 8), including policymakers, leading conservation managers, and regenerative farmers. We found VF systems were utilised in three main settings: 1. Extensive grassland, where physical fences were prohibited or uneconomical, such as national parks or mountains; 2. Conservation grazing, where livestock grazing is primarily used to manage habitat for biodiversity, such as nature reserves; 3. In mob, strip, or rotational grazing systems, where VFs replace physical electric fencing to reduce workload. This study finds that, in extensive settings, VFs can help safeguard livestock from dangers and aid stockpersons to locate and care for animals. However, in restricted settings, VFs are less predictable and controllable for livestock than physical fences, resulting in livestock (cattle) receiving a greater number of electric shocks than experienced with physical electric fences. The use of VFs in a restricted setting poses a significant risk to livestock welfare. Protocols are needed to encourage best practices and help prevent the misuse of VF systems.Abstract Virtual fences for livestock facilitated by a GPS shock collar (GPS-SC) and phone app were introduced to the UK in cattle herd trials in 2020. Technology which uses aversive shocks to control livestock movement on farms and in other settings poses a significant risk to livestock welfare. There are currently no welfare protocols in place in the UK to ensure the ethical use of GPS-SCs. The objective of this study was to understand how GPS-SCs were being used in practice in the UK and gather data to assist researchers and policymakers in the future research and development of a welfare protocol for the UK. We studied how the technology performs in terms of welfare challenges and opportunities, covering extensive livestock production, conservation settings, rewilding, and regenerative farming practices, where the technology is currently being applied. Semistructured interviews were conducted with key stakeholders. In-depth interviews (n = 8) supported the previous literature that the use of GPS-SCs in restricted grazing settings poses a risk to animal welfare. This is due to the wavering virtual fence boundary line (which is affected by satellite movements), a lack of visual markers, and, in some rewilding and conservation settings, livestock keepers, which require training and support to enable optimal welfare in practice and prevent misuse of the technology. Results also indicated that there are opportunities for enhancing livestock welfare with GPS-SCs in very extensive farm settings, where targeted care can be facilitated by using the data to monitor and track livestock using GPS-SCs, and which can also prevent cattle injury or fatality through virtual pastures designed to protect livestock from hazards such as roads or bogs. Future research is needed to focus on minimising shocks in the training period and to better understand the value of visual electric fences in the training process."
"Assessment of the Conservation Value of Abandoned Land on Gogland Island, Baltic Sea","Gogland Island, located in the Gulf of Finland in the Baltic Sea, was densely populated in the past but has been nearly abandoned since the Second World War. The self-restoration of wildlife takes place there. Recent research on the island aimed to evaluate the conservation value of this process. It was expected that the island would demonstrate a standard for the perfect state of protected areas of the boreal zone of Europe. The island has been overgrown with forests; open areas occupy insignificant parts and tend to shrink. Picturesque landscapes have been formed, but the conservation value of these areas are questionable as the biodiversity is rather low there. They contain empty forest that is partly impassable. The island demonstrates that to achieve the maximum effect for biodiversity conservation, the abandonment of land without any management would be insufficient. The fate of the island partly supports the concept of Pleistocene rewilding: a mosaic of forests and meadows, maintained by ungulates, should be considered a normal state of environments."
Recolonizing native wildlife facilitates exotic plant invasion into Singapore's rain forests,"Halting biological invasions and rewilding extirpated native fauna are conservation interventions to bolster biodiversity, species interactions, and ecosystems. These actions are often considered separately and the potential for reintroduced wildlife to facilitate invasive plants has been largely overlooked. Here, we investigated the role of Singapore's recolonizing native wild pigs (Sus scrofa) in facilitating an invasive weed Miconia crenata into tropical rainforests, which are normally highly resistant to invasion. We conducted line-transect surveys in 11 Singaporean rain forests and used generalized linear mixed models to consider the contribution of pigs' soil disturbances, human forest paths, and other environmental covariates, on the density of M. crenata. We found that M. crenata was more abundant at forest edges and invasion into forest interior was facilitated by pigs, paths, and canopy gaps, but that these effects were all additive, not synergistic (i.e., not multiplicative). These results highlight how modern invasions are driven by multiple disturbances as well as propagule pressure (e.g., urban birds dispersing seeds at forest edges where they establish in pig soil disturbances). Singapore's extensive native forest restoration efforts may have provided plentiful edge and secondary forests that are well suited to pigs and M. crenata, which in turn undermine the aims of fostering later-successional native plant communities. To prevent negative externalities, we suggest that plant restoration and rewilding projects consider the potential role of wildlife in facilitating non-native plants, and couple these actions with preliminary screening of unintended consequences and continued monitoring, as well as limiting human-mediated weed invasion to minimize propagule sources."
The breakdown of ecosystem functionality driven by deforestation in a global biodiversity hotspot,"The pace of deforestation in tropical forests has achieved unprecedented rates, requiring effective and achievable conservation mitigations that are also easily understood by society and policy makers. In this context, we report the outcomes from a large-scale project located in the threatened Atlantic Forest (SISBIOTA network) to understand how deforestation affects ecological patterns and processes in human-modified landscapes. In particular, we compiled data from 28 studies that evaluated habitat quality, biodiversity maintenance or ecological processes and scrutinised their responses along the gradient of forest loss. After a decade of research effort, we provide evidence of key changes in forest quality, species diversity and ecological processes that are ultimately affecting forest functioning of the remaining patches. As deforestation progresses, we unveiled a clear retraction of local vegetation structure, in which forests become similar to secondary forests, as are characterised by retaining shorter and thinner trees, higher foliage density and increased canopy openness. Besides being hotter, patches embedded within deforested landscapes present reduced quality, evidenced by low fruit production and quality. Such changes cascade to disruptions in biodiversity maintenance and ecological processes. Specifically, forest-specialist species exhibit reduced diversity (e.g., juvenile and adult trees, birds and mammals) and for some groups, are compensated by the increase in habitat-generalist species. Furthermore, forest patches immersed in deforested landscapes experience strong alterations in nutrient cycling and carbon stocks, increase of leaf herbivory, reduction of frugivory, and finally, a simplification in bird-plant interactions. Preventing deforestation is imperative, but restoration and rewilding are also required to safeguard forest-dweller species and, consequently, enable ecological functionality."
"Niche models as a tool to inform restoration and conservation strategies: the case of Jubaea chilensis (palm, Arecaceae) and its seed disperser Octodon degus (rodent, Octodontidae)","IntroductionBiotic interactions are a crucial component of the plant regeneration process, which has been traditionally studied at more local scales, providing the tools for planning and decision-making. Studies showing the signature of species interactions at coarser spatial scales contrasting with animal-plant interactions at fine scales have been scarce. This study aimed at integrating an approach, over both biogeographic and local scales, by testing two endemic species of Mediterranean central Chile: the relict and southernmost threatened Chilean palm Jubaea chilensis (Chilean palm; Molina; Baillon) and the caviomorph scatter-hoarding rodent Octodon degus (Degu; Molina), on which this palm currently relies for seed dispersal. MethodsIntegrating Geographic Information Systems and Ecological Niche Modeling, the intensity of seed-rodent interactions from a territorial perspective was evaluated in the range of the palm, at a biogeographic scale, identifying areas with greater or lesser potential for seed-rodent interactions; and in local populations, incorporating a variety of environmental factors that might affect palm regeneration. ResultsThe present results show that the rodent (Octodon degus) may play a role in Chilean palm (Jubaea chilensis) seed dispersal and seed establishment, since; Chilean palm regeneration is higher in areas where both species co-occur. At a local scale, a prominent overlap between palm seedlings and degu burrows was also found, which, allied with other abiotic variables such as altitude and topographic humidity, are crucial for successful palm regeneration. DiscussionUnderstanding the full extent of animal-plant interactions and how they are affected by habitat perturbation in a wide range will provide essential information for the design of effective conservation and management strategies, such as rewilding based on plant species."
Genome-resolving metagenomics reveals wild western capercaillies (Tetrao urogallus) as avian hosts for antibiotic-resistance bacteria and their interactions with the gut-virome community,"The gut microbiome is a critical component of avian health, influencing nutrient uptake and immune functions. While the gut microbiomes of agriculturally important birds have been studied, the microbiomes of wild birds still need to be explored. Filling this knowledge gap could have implications for the microbial rewilding of captive birds and managing avian hosts for antibiotic-resistant bacteria (ARB). Using genome-resolved meta-genomics, we recovered 112 metagenome-assembled genomes (MAGs) from the faeces of wild and captive western capercaillies (Tetrao urogallus) (n = 8). Comparisons of bacterial diversity between the wild and captive capercaillies suggest that the reduced diversity in the captive individual could be due to differences in diet. This was further substantiated through the analyses of 517,657 clusters of orthologous groups (COGs), which revealed that gene functions related to amino acids and carbohydrate metabolisms were more abundant in wild caper-caillies. Metagenomics mining of resistome identified 751 antibiotic resistance genes (ARGs), of which 40.7 % were specific to wild capercaillies suggesting that capercaillies could be potential reservoirs for hosting ARG-associated bacteria. Additionally, the core resistome shared between wild and captive capercaillies indicates that birds can acquire these ARG-associated bacteria naturally from the environment (43.1 % of ARGs). The association of 26 MAGs with 120 ARGs and 378 virus operational taxonomic units (vOTUs) also suggests a possible interplay between these elements, where putative phages could have roles in modulating the gut microbiota of avian hosts. These findings can have important implications for conservation and human health, such as avian gut microbiota rewilding, identifying the emerging threats or opportunities due to phage-microbe interactions, and monitoring the potential spread of ARG-associated bacteria from wild avian populations."
"Prospects, challenges and perspectives in harnessing natural selection to solve the 'varroa problem' of honey bees","Honey bees, Apis mellifera, of European origin are major pollinators of crops and wild flora. Their endemic and exported populations are threatened by a variety of abiotic and biotic factors. Among the latter, the ectoparasitic mite Varroa destructor is the most important single cause behind colony mortality. The selection of mite resistance in honey bee populations has been deemed a more sustainable solution to its control than varroacidal treatments. Because natural selection has led to the survival of some European and African honey bee populations to V. destructor infestations, harnessing its principles has recently been highlighted as a more efficient way to provide honey bee lineages that survive infestations when compared with conventional selection on resistance traits against the parasite. However, the challenges and drawbacks of harnessing natural selection to solve the varroa problem have only been minimally addressed. We argue that failing to consider these issues could lead to counterproductive results, such as increased mite virulence, loss of genetic diversity reducing host resilience, population collapses or poor acceptance by beekeepers. Therefore, it appears timely to evaluate the prospects for the success of such programmes and the qualities of the populations obtained. After reviewing the approaches proposed in the literature and their outcomes, we consider their advantages and drawbacks and propose perspectives to overcome their limitations. In these considerations, we not only reflect on the theoretical aspects of host-parasite relationships but also on the currently largely neglected practical constraints, that is, the requirements for productive beekeeping, conservation or rewilding objectives. To optimize natural selection-based programmes towards these objectives, we suggest designs based on a combination of nature-driven phenotypic differentiation and human-directed selection of traits. Such a dual strategy aims at allowing field-realistic evolutionary approaches towards the survival of V. destructor infestations and the improvement of honey bee health."
Wildness and habitat quality drive spatial patterns of urban biodiversity,"Urban green and blue spaces (UGBS) are key for biodiversity conservation. Many studies focus on UGBS benefits for well-being, but how UGBS ecological and quality influence urban biodiversity is still poorly understood. We analysed the predictive accuracy of urban wildness (UW) and habitat quality (HQ) spatial patterns to biodiversity in the city of Vitoria-Gasteiz, Basque Country. Using GIS techniques, we mapped relative UW as a landscape quality, considering remoteness, challenging terrain, and perceived naturalness. We further evaluated HQ using the InVEST habitat quality module, including data on habitat sensitivity to threats (e.g. population density, light and noise pollution, accessibility) and suitability for biodiversity support, based on a parametrization by expert consultation. We compared UW and HQ to observed species richness obtained from crowd-sourced databases as a biodiversity proxy. UW and HQ models predicted general biodiversity urban patterns, being particularly adequate in UGBS. Peripheral UGBS were associated with higher UW and HQ and positively correlated to biodiversity, as opposed to the smaller-sized centrally located UGBS, more exposed to threats. Both predictors significantly explained biodiversity, and HQ better accounted for threat susceptibility in UGBS. Our findings suggest that small-sized UGBS, such as parks and squares, fail to effectively support urban biodiversity, due to their high exposure and vulnerability to threats, particularly in centric areas. Emphasizing efforts in larger centric UGBS with rewilding strategies (e.g. lowering management frequency) and reducing exposure to threats is essential to increase the habitat quality of UGBS and thus support urban biodiversity."
Interpreting spatially explicit variation in dietary proxies through species distribution modeling reveals foraging preferences of mammoth (Mammuthus) and American mastodon (Mammut americanum),"IntroductionThe end Pleistocene was a time of considerable ecological upheaval. Recent work has explored the megafauna extinction's role in altering ecosystem processes. Analyses of functional traits withing communities reveal hidden consequences of the megafauna extinction beyond declines in taxonomic diversity. Functional diversity analyses offer new insight into our understanding of past ecosystems and may even inform future rewilding efforts. However, the utility of functional diversity may be hampered by the use of discrete, taxon-level functional traits, such as dietary categories, that mask variation in functional diversity over space and time. MethodsWe present an approach in which species distribution modeling, in Maxent, provides context for interpreting variation in two widely used proxies for diet among fossil taxa: stable isotope analysis and dental microwear texture analysis. We apply this approach to two ecologically distinct taxa, the American mastodon (Mammut americanum) and mammoths (Mammuthus) and investigate their resource use over space and time from the last glacial maximum to the end Pleistocene (25-11.7 thousand years before present). ResultsMammoth dietary behavior varies by context across their geographic distribution, despite possessing evolutionary adaptations that facilitate grazing. Mammoths exhibit a preference for grazing where species distribution modeling predicts the highest likelihood of occurrence but engage in more mixed-feeding outside of core likelihood areas. In contrast, dietary preferences for mastodon are less resolved and our analyses were unable to identify significant differences in diet across their distribution. DiscussionThe ecological roles of some species are context specific and need to be critically evaluated when planning for management of reintroductions or introducing novel species to restore lost ecological function."
Dominant carnivore loss benefits native avian and invasive mammalian scavengers,"Scavenging by large carnivores is integral for ecosystem functioning by limiting the build-up of carrion and facilitating widespread energy flows. However, top carnivores have declined across the world, triggering trophic shifts within ecosystems. Here, we compare findings from previous work on predator decline against areas with recent native mammalian carnivore loss. Specifically, we investigate top-down control on utilization of experimentally placed carcasses by two mesoscavengers-the invasive feral cat and native forest raven. Ravens profited most from carnivore loss, scavenging for five times longer in the absence of native mammalian carnivores. Cats scavenged on half of all carcasses in the region without dominant native carnivores. This was eight times more than in areas where other carnivores were at high densities. All carcasses persisted longer than the three-week monitoring period in the absence of native mammalian carnivores, while in areas with high carnivore abundance, all carcasses were fully consumed. Our results reveal that top-carnivore loss amplifies impacts associated with carnivore decline-increased carcass persistence and carrion access for smaller scavengers. This suggests that even at low densities, native mammalian carnivores can fulfil their ecological functions, demonstrating the significance of global carnivore conservation and supporting management approaches, such as trophic rewilding."
"Assessment of Adaptation Status of Reintroduced Equus Przewalskii Based on Comparative Analysis of Fecal Bacteria with Those of Captive E. Przewalskii, Domestic Horse and Mongolian Wild Ass","Simple Summary Reintroduced Przewalski's horse (RPH) has been released into the wild for 20 years, but their viability is still far away from that of sympatric wild animals. At present, RPHs cannot easily cope with climatic change, diseases and disturbance of other animals and need to be captured in the winters to be dewormed to increase their survival rate. Intestinal microbiota have been studied and are considered to be an important indicator to reflect the health status of the host. Thus, the differences in intestinal bacterial community composition and structure among RPHs, captive Przewalski's horses, sympatric domestic horses and sympatric Mongolian wild asses were analyzed in this study, which can help to evaluate the adaptability of RPH and provide important reference information for further development of protection strategies. Intestinal microbiota play an important role in the survival of the host. However, no study to date has elucidated the adjustment of intestinal microbiota of the host during rewilding. Thus, this study aims to describe the intestinal bacterial community of reintroduced Przewalski's horse (RPH) after being released into their original habitat for approximately 20 years in comparison with that of captive Przewalski's horse (CPH), sympatric domestic horse (DH) and Mongolian wild ass (MWA) by sequencing the 16S rRNA gene. The results showed that the prevalent bacterial communities were different among CPHs, RPHs, DHs and MWAs at the family level. NMDS and ANOSIM analysis showed that the pattern of bacterial community composition in captive equines was distinct from that in the wild groups. It is shown that some bacteria had significant differences among different taxa (p < 0.001), such as Firmicutes, Bacteroidetes, Armatimonadetes, Clostrida, Bacteroidia, Clostridiales, Bacteroidales, Rikenellaceae and Bacteroidales_UCG-001. These bacteria were associated with the transition from in captive to in the wild (CPH and RPH), which reflected the change of environmental conditions. Meanwhile, Proteobacteria, Clostridia, Bacilli, Negativicutes, Gammaproteobacteria, Clostridiales, Bacillales, Selenomonadales, Pseudomonadales and Planococcaceae were the changed groups among RPHs, MWAs and DHs, which are related to feeding habits and diseases. Our results clearly showed the differences between intestinal microbiota in reintroduced animals and wild animals and led us to understand the survival state of reintroduced animals in the wild."
Effect of forest landscapes composition and configuration on bird community and its functional traits in a hotspot of biodiversity of Chile,"Understanding the effect of landscape configuration on the bird species richness and their functional traits (dietary preferences) is important to link the conservation and restoration plans to the production of the crops. Our aims were: 1) to study the influence of forest types (native, mixed and plantations) on the bird species richness in two agroforestry landscapes (heterogeneous/ homogeneous); 2) to assess the effect of size/density of forest patches in the birds' functional traits; 3) to evaluate the effect of isolated trees on them, and 4) to discuss conservation and restoration measures for the birds' functional traits in agroforestry landscapes. We used hierarchical occupancy models to evaluate the effect of different landscape metrics and detectability measures on bird communities. We recorded a total of 64 bird species. The estimated species richness was considerable higher in homogeneous landscape (31.7 +/- 2.7) than heterogeneous (27.3 +/- 2.5). Our results showed the bird assemblage had a positive trend with native forests, negative with mixed forests and neutral trend for plantations. The granivores and insectivore's species showed significant preferences for homogeneous landscape, while omnivores had significant preferences for heterogeneous landscape. Carnivores/Piscivores and herbivores/frugivores species did not show preferences by any landscape type. The response of functional traits depended on different forests attributes. The isolated trees had a significant effect on the birds' functional traits. In conclusion, it is necessary a deep knowledge about the relationship between the landscape configuration and the bird species richness/functional traits. These findings could help in the future with the conservation, restoration, and rewilding policies in this important hotspot of biodiversity, avoiding alterations in the ecosystem services."
Climate regulation ecosystem services and biodiversity conservation are enhanced differently by climate- and fire-smart landscape management,"The implementation of climate-smart policies to enhance carbon sequestration and reduce emissions is being encouraged worldwide to fight climate change. Afforestation practices and rewilding initiatives are climate-smart examples suggested to tackle these issues. In contrast, fire-smart approaches, by stimulating traditional farmland activities or agroforestry practices, could also assist climate regulation while protecting biodiversity. However, there is scarce information concerning the potential impacts of these alternative land management strategies on climate regulation ecosystem services and biodiversity conservation. As such, this work simulates future effects of different land management strategies in the Transboundary Biosphere Reserve of Meseta Iberica (Portugal-Spain). Climate-smart ('Afforestation', 'Rewilding') and fire-smart ('Farmland recovery', 'Agroforestry recovery') scenarios were modelled over a period of 60 years (1990-2050), and their impacts on climate regulation services were evaluated. Species distribution models for 207 vertebrates were built and future gains/losses in climate-habitat suitability were quantified. Results suggest climate-smart policies as the best for climate regulation (0.98 Mg C ha(-1) yr(-1) of mean carbon sequestration increase and 6801.5 Meuro of avoided economic losses in 2020-2050 under Afforestation scenarios), while providing the largest habitat gains for threatened species (around 50% for endangered and critically endangered species under Rewilding scenarios). Fire-smart scenarios also benefit carbon regulation services (0.82 Mg C ha(-1) yr(-1) of mean carbon sequestration increase and 3476.3 Meuro of avoided economic losses in 2020-2050 under Agroforestry scenarios), benefiting the majority of open-habitat species. This study highlights the main challenges concerning management policies in European rural mountains, while informing decision-makers regarding landscape planning under global change."
Carbon Sequestration Potential in the Restoration of Highly Eutrophic Shallow Lakes,"The primary goal of the study was to determine the quantity of carbon accumulated in shallow fertile water bodies that were restored after a long period of drainage. Massive drainage of mid-field water bodies took place in north-eastern Poland in the 19th century. Of 143 identified drained lakes (each of more than 1 ha before drying) in the Olsztyn Lakeland, 27 have been restored to their original state through natural rewilding processes or recovery projects. From among the variety of drained water bodies, 8 which have been naturally or artificially restored to their original condition 13 to 47 years ago, were the subject of a detailed study on carbon sequestration. The studied water bodies had high productivity, and they were classified as moderately eutrophic to extremely hypertrophic. An analysis of bottom sediments revealed that, after restoration, the examined water bodies have accumulated 275.5 g C m(-2) a(-1) on average, which is equivalent to 10.1 Mg ha(-1) a(-1) of carbon dioxide (CO2) removed from the atmosphere. Results showed that the evaluated water bodies are effective carbon sinks. Most of the lakes drained in the 19th century are wastelands today, and they can be relatively easily restored to their original condition to create additional carbon sequestration sites. Lake restoration seems to be a cost-effective method both for carbon capture (as additional potential capacity as part of carbon dioxide removal (CDR) methods) and to support the sustainable use of agricultural areas. However, this second goal may be limited by the poor ecological status of such facilities."
Large-Scale Quantification and Correlates of Ungulate Carrion Production in the Anthropocene,"Carrion production is one of the most crucial yet neglected and understudied processes in food webs and ecosystems. In this study, we performed a large-scale estimation of the maximum potential production and spatial distribution of ungulate carrion biomass from five major sources in peninsular Spain, both anthropogenic (livestock, big game hunting, roadkills) and natural (predation, natural mortality). Using standardized ungulate carrion biomass (kg/year/100km(2)) estimates, we evaluated the relationship between ungulate carrion production and two ecosystem-level factors: global human modification (GHM) and primary productivity (NDVI). We found that anthropogenic carrion sources supplied about 60 times more ungulate carrion biomass than natural sources (mean = 90,172 vs. 1533 kg/year/100km(2), respectively). Within anthropogenic carrion sources, livestock was by far the major carrion provider (91.1% of the annual production), followed by big game hunting (7.86%) and roadkills (0.05%). Within natural carrion sources, predation of ungulates provided more carrion (0.81%) than natural mortality (0.13%). Likewise, we found that the spatial distribution of carrion differed among carrion sources, with anthropogenic carrion being more aggregated in space than natural carrion. Our models showed that GHM was positively related to carrion production from livestock and roadkills, and that wild ungulate carrion supplied by natural sources and big game hunting was more frequently generated in more productive areas (higher NDVI). These findings indicate a disconnection between the main ungulate carrion source (livestock) and primary productivity. Ongoing socio-economic changes in developed countries (for example increase of intensive livestock husbandry and rewilding processes) could lead to additional alteration of carrion production processes, with potential negative impacts at the community and ecosystem levels. Overall, we highlight that carrion biomass quantification should be considered a crucial tool in evaluating ecosystem health and delineating efficient ecosystem management guidelines in the Anthropocene."
What is valued in conservation? A framework to compare ethical perspectives,"Perspectives in conservation are based on a variety of value systems. Such differences in how people value nature and its components lead to different evaluations of the morality of conservation goals and approaches, and often underlie disagreements in the formulation and implementation of environmental management policies. Specifically, whether a conservation action (e.g. killing feral cats to reduce predation on bird species threatened with extinction) is viewed as appropriate or not can vary among people with different value systems. Here, we present a conceptual, mathematical framework intended as a tool to systematically explore and clarify core value statements in conservation approaches. Its purpose is to highlight how fundamental differences between these value systems can lead to different prioritizations of available management options and offer a common ground for discourse. The proposed equations decompose the question underlying many controversies around management decisions in conservation: what or who is valued, how, and to what extent? We compare how management decisions would likely be viewed under three idealised value systems: ecocentric conservation, which aims to preserve biodiversity; new conservation, which considers that biodiversity can only be preserved if it benefits humans; and sentientist conservation, which aims at minimising suffering for sentient beings. We illustrate the utility of the framework by applying it to case studies involving invasive alien species, rewilding, and trophy hunting. By making value systems and their consequences in practice explicit, the framework facilitates debates on contested conservation issues, and complements philosophical discursive approaches about moral reasoning. We believe dissecting the core value statements on which conservation decisions are based will provide an additional tool to understand and address conservation conflicts."
Apex scavengers from different European populations converge at threatened savannah landscapes,"Over millennia, human intervention has transformed European habitats mainly through extensive livestock grazing. Dehesas/Montados are an Iberian savannah-like ecosystem dominated by oak-trees, bushes and grass species that are subject to agricultural and extensive livestock uses. They are a good example of how large-scale, low intensive transformations can maintain high biodiversity levels as well as socio-economic and cultural values. However, the role that these human-modified habitats can play for individuals or species living beyond their borders is unknown. Here, using a dataset of 106 adult GPS-tagged Eurasian griffon vultures (Gyps fulvus) monitored over seven years, we show how individuals breeding in western European populations from Northern, Central, and Southern Spain, and Southern France made long-range forays (LRFs) of up to 800 km to converge in the threatened Iberian dehesas to forage. There, extensive livestock and wild ungulates provide large amounts of carcasses, which are available to scavengers from traditional exploitations and rewilding processes. Our results highlight that maintaining Iberian dehesas is critical not only for local biodiversity but also for long-term conservation and the ecosystem services provided by avian scavengers across the continent."
"An Exploration of Environmentally Sustainable Practices Associated with Alternative Grazing Management System Use for Horses, Ponies, Donkeys and Mules in the UK","Simple Summary Equestrian land could be a potentially important environmental resource, given that pastureland can help to sequester carbon from the atmosphere, prevent soil erosion and provide diverse ecosystems for native plant and wildlife species. However, equestrian land has been overlooked in environmental research and policy. This study reports on the ways which horse, pony, donkey and mule keepers in the UK described environmental practices as part of their equid care. Through an analysis of survey responses (N = 758) from equid keepers using alternative grazing systems, we report on three very different management approaches which resulted in keepers aiming to promote healthy pastures and healthy animals. This study provides the basis for future research exploring attitudes to sustainability in equid keepers, as well as evaluating the impact of their efforts. Equestrian grazing management is a poorly researched area, despite potentially significant environmental impacts. This study explored keepers' use of alternative grazing systems in the care of UK horses, donkeys and mules through an internet survey. The survey was available during the summer of 2020 and comprised closed and open questions, which were analysed with descriptive statistics and iterative thematic analysis, respectively. A total of 758 responses was incorporated into the analysis; the most popular system used were tracks (56.5%), Equicentral (19%), other (e.g., non-grass turnout) (12.5%), rewilding (7.5%) and turnout on either moorland (0.7%) or woodland (2.5%). The thematic analysis highlighted that equid keepers across the systems were highly engaged in exploring sustainable practices. Their approaches varied according to each system, yet all aimed to fulfil practices in three major categories, i.e., supporting diverse plant life (usually through restricting equid access to certain areas), supporting wildlife (through the creation of biodiverse environments) and sustainably managing droppings and helminths. Additionally, proponents of the Equicentral systems declared to be aiming to support soil health. These data provide a promising insight into equid keepers' behaviour and attitudes to sustainability."
Relics of beavers past: time and population density drive scale-dependent patterns of ecosystem engineering,"Like many ecological processes, natural disturbances exhibit scale-dependent dynamics that are largely a function of the magnitude, frequency and scale at which they are assessed. Ecosystem engineers create patch-scale disturbances that affect ecological processes, yet we know little about how these effects scale across space or vary through time. Here, we investigate how patch disturbances by beavers Castor canadensis, ecosystem engineers renowned for their pond-creation behavior, affect ecological processes across space and time. We evaluated how beaver population recovery influenced surface water dynamics in relation to population density over 70 years across multiple spatial scales (pond, watershed and regional) in northern Minnesota. Surface water area was positively related to population density at the watershed scale; however, despite variation in beaver densities (and therefore surface water area) at the watershed scale, regional-scale surface water area was stable through time. This stability appears to have been driven by asynchronous beaver density fluctuations among watersheds, combined with the increasing importance of abandoned ponds. Beavers initially created and occupied larger ponds with greater surface water area, but through time shifted towards occupying smaller ponds. As ponds accumulated on the landscape proportionally more surface water was stored within abandoned ponds, which offset the smaller size of occupied ponds. Beaver engineering - driven by density-dependent mechanisms and the legacy effects from abandoned ponds - not only follows general patterns of patch disturbance dynamics by creating a spatial mosaic of patches, but the organism-created mosaic also appears to generate ecological stability at greater spatial scales. We suggest restoring beavers to landscapes is a viable method for increasing surface water storage and will ultimately help advance numerous conservation and rewilding objectives. Our study demonstrates that ecosystem engineering effects can be scale-dependent, indicating researchers should evaluate the ecological impact of engineers across diverse spatiotemporal scales to fully understand their functional roles in ecosystems."
"Humans, megafauna and landscape structure - Rock engravings from Namibia encourage a comparative approach to central Europe and southern Africa","This paper deals with reflections that arose after observing prehistoric rock engravings at different locations in Namibia. These observations stimulated comparative considerations with focus on southern Africa and central Europe. Similar to the Aurignacian rock art of European origin, the most common motifs in the Namibian rock engravings are large animals. While in Europe, the species that served as a blueprint for the illustration of Aurignacian rock art have mostly disappeared, the megafauna illustrated on the rock engravings in Namibia can still be found in the immediate vicinity of the rock art. Against this background, we discuss and further develop a comparative regional approach. We reconstruct and evaluate the suitability of African savannas and still-existing mega fauna communities as an appropriate reference-frame for natural European grassland systems and extinct associated warm-adapted megafauna (Eemian Interglacial megafauna). Special attention is laid on the unique situation in Africa in the light of a global extinction wave of megafauna following increasing human activity in the Late Quaternary. This leads us to discuss the use of domesticated ungulates as surrogate taxa to fulfill ecosystem functions in Europe as part of concepts termed rewilding or naturalistic grazing. After critically examining these concepts, we conclude that using domesticated forms as representatives of extinct or locally disappeared species in Europe has its justification to some extent. If, however, the naturally occurring megaherbivore community still exists (Africa), these naturally occurring species should be given priority due to their organismic abilities and limitations adapted to the harsh conditions in their specific environment. Finally, we discuss the application of (transboundary) protected areas as effective instruments to mitigate human-wildlife conflicts. A holistic approach, including nature conservation and preservation of cultural achievements (domesticated forms, grazing systems), appears promising for the effective protection of the natural African savanna ecosystems with their unique fauna elements, as illustrated in rock engravings that inspired us to write this paper."
South Africa's private wildlife ranches protect globally significant populations of wild ungulates,"Reversing biodiversity loss is a global imperative that requires setting aside sufficient space for species. In South Africa, an estimated area of 20 million ha is under wildlife ranching, a form of private land enterprise that adopts wildlife-based land uses for commercial gain. This land has potential to contribute towards biodiversity conservation, but the extent to which this occurs has not been evaluated. Using structured questionnaires of 226 wildlife ranchers, we assessed how the sector contributes towards the conservation of ungulates and elephants (hereafter herbivores). Overall, 40 herbivore species were present across the sample, where individual ranches had a mean of 15.0 (+/- 4.8) species, 1.9 (+/- 1.5) threatened species, and 3.6 (+/- 3.1) extralimital species per property. In comparison to 54 state PAs, wildlife ranches had significantly higher species richness, more threatened species but more extralimital species when property/reserve size was controlled for. Ranches conducting trophy hunting had similar species richness and numbers of extralimital species per ha, but fewer threatened species when compared to ranches conducting ecotourism. We estimate that 4.66-7.25 million herbivores occur on ranches nationally, representing one of the few examples on earth where indigenous mammal populations are thriving and demonstrating how sustainable use can lead to rewilding. We discuss the potential negative impacts of widespread game fencing on landscape fragmentation and gene flow, as well as how the widespread occurrence of extralimital species may lead to hybridisation, biotic homogenisation, and changes to vegetation dynamics. Despite these challenges, commercial wildlife ranching offers a viable option for conserving large mammalian herbivore biodiversity."
Wildfires in the Chornobyl exclusion zone-Risks and consequences,"Following the 1986 Chornobyl accident, an area approaching 5000 km(2) surrounding the nuclear plant was abandoned, creating the Chornobyl exclusion zone (CEZ). Although this area likely contains the most radioactive terrestrial ecosystem on earth, the absence of humans and associated activities for nearly 35 years since the accident has resulted in increases in wildlife numbers. Both the Belarussian and Ukrainian components of the CEZ are now designated as nature reserves; together they form one of Europe's largest protected areas and have been described as an iconic example of rewilding. Forests and former agricultural land (now scrub) dominate the CEZ and wildfires are an annual event. In April 2020, the CEZ suffered its most widespread fires to date when greater than 800 km(2) of the 2600 km(2) Ukrainian portion of the CEZ was burnt. Large-scale fires in the CEZ have implications for wildlife, as they do elsewhere, but they also pose additional radioecological and radiological protection questions. We discuss the implications of wildfires in the CEZ, considering effects on wildlife and changes in radionuclide mobility. We also demonstrate that the risk to firefighters and the wider public from the inhalation of radionuclides in smoke resulting from fires in the CEZ is likely to be low. However, further experimental and modeling work to evaluate potential doses to firefighters from inhaled radioactive particles would be valuable, not least for reassurance purposes. Integr Environ Assess Manag 2021;00:1-10 (c) 2021 The Authors. Integrated Environmental Assessment and Management published by Wiley Periodicals LLC on behalf of Society of Environmental Toxicology & Chemistry (SETAC)."
"Rapid colonisation, breeding and successful recruitment of eastern barn owls (Tyto alba delicatula) using a customised wooden nest box in remnant mallee cropping areas of southern Yorke Peninsula, South Australia","Context. The introduced house mouse (Mus domesticus) causes significant economic damage to Australia's agricultural enterprises. As part of the Marna Banggara Rewilding Project on the southern Yorke Peninsula (SYP), the present study focused on the eastern barn owl (Tyto alba delicatula) as a potential bio-controller of mice, by providing nesting spaces where natural hollows are limited. Aims. To design an appropriate pole-mounted wooden nest box, and to enhance barn-owl-breeding and house-mousehunting capacity on farmland adjacent to remnant native vegetation. Methods. A prototype nest box was collaboratively designed with a nest box manufacturer using data from previous barn owl studies and anecdotal reports. Eleven pole-mounted wooden boxes with platforms were installed at distances.1.4 km apart on properties near Warooka, southern Yorke Peninsula (SYP), and monitored over a 6-month period using external trail cameras. Key results. Of the 11 nest boxes installed, 55 percent were colonised within a month after establishment, and 82 percent were colonised within 7 months. Occupied nest boxes were actively used by paired owls for mating, breeding and rearing of chicks, which resulted in up to 35 fledgling owlets. Conclusions. The nest box design successfully supported eastern barn owl colonisation and reproduction on the SYP. The inclusion of the platform not only provided easy, minimally invasive monitoring of barn owl activity and prey intake by researchers, but also increased usable space for barn owl behaviours, such as copulation and wing flapping. Implications. The important nest box design elements featured in this paper, such as the platform, high entrance hole, predator-proof pole and rear door access, can be implemented in barn owl conservation, research and on farms where alternative nesting sites are limited."
"Choice, Control and Computers: Empowering Wildlife in Human Care","The purpose of this perspective paper and technology overview is to encourage collaboration between designers and animal carers in zoological institutions, sanctuaries, research facilities, and in soft-release scenarios for the benefit of all stakeholders, including animals, carers, managers, researchers, and visitors. We discuss the evolution of animal-centered technology (ACT), including more recent animal-centered computing to increase animal wellbeing by providing increased opportunities for choice and control for animals to gain greater self-regulation and independence. We believe this will increase animal welfare and relative freedom, while potentially improving conservation outcomes. Concurrent with the benefits to the animals, this technology may benefit human carers by increasing workplace efficiency and improving research data collection using automated animal monitoring systems. These benefits are balanced against cultural resistance to change, the imposition of greater staff training, a potential reduction in valuable animal-carer interaction, and the financial costs for technology design, acquisition, obsolescence, and maintenance. Successful applications will be discussed to demonstrate how animal-centered technology has evolved and, in some cases, to suggest future opportunities. We suggest that creative uses of animal-centered technology, based upon solid animal welfare science, has the potential for greatly increasing managed animal welfare, eventually growing from individual animal enrichment features to facility-wide integrated animal movement systems and transitions to wildlife release and rewilding strategies."
"Changes in plasma oestradiol, testosterone and progesterone concentrations during an annual reproductive cycle in wild Aldabra giant tortoises (Aldabrachelys gigantea)","Aldabra giant tortoises (Aldabrachelys gigantea) are currently listed as Vulnerable on the IUCN Red List of Threatened Species. However, negative impacts of sea-level rise are predicted to result in an overall population decline of 40-65 % over the next 100 years, rendering the species Endangered. Captive propagation is an important tool for in- and ex-situ species conservation, but breeding success outside the tortoises' native island habitats has been very limited. Until now, the reproductive cycle of Aldabra tortoises has only been described in anatomic and behavioural studies. During a one-year period, plasma of four female and four male wild tortoises on Aldabra Atoll were examined monthly for levels of gonadal steroid hormones (oestradiol, testosterone, progesterone). Plasma oestradiol and testosterone values as well as meteorological data of the sampling period corresponded to previously published reports on seasonal changes in anatomy, behaviour and climate on the Aldabra Atoll. Seasonal changes in plasma testosterone were evident in males, with high values from January through April, reflecting previously described testicular growth and breeding season, followed by a nadir in August and September. In females, plasma oestradiol levels displayed seasonal changes, coinciding with reported ovarian growth from January to May. The obtained data provide prerequisite knowledge for endocrinological monitoring of reproductive processes and management of breeding programs, both ex-situ as in-situ, to establish reserve- and rewilded populations."
Ungulates Attenuate the Response of Mediterranean Mountain Vegetation to Climate Oscillations,"In regions with a long-standing history of grazing pressure, vegetation has co-evolved with herbivores by developing intrinsic functional dynamics. Although this type of trophic interaction has been recognised as being important for shaping how vegetation responds to climate, better knowledge about how this process occurs on the landscape scale and over a long time range is necessary. Here, we evaluated the potential roles of herbivores in modulating the response of mountainous Mediterranean vegetation to seasonal and long-term climate oscillations. To understand the relations among climate, plants and animal population, we fitted a Bayesian model to a combination of long-term (1995-2014) climate datasets, satellite greenness maps (NASA Landsat NDVI) and exotic Barbary sheep census data (breeding success and abundance of Ammotragus lervia). We also used the intrinsic mode function and Hilbert spectrum transformations to decompose NDVI time series and to evaluate their periodic oscillations. We found remarkable dissimilarities as to how climate affects the temporal oscillation of vegetation greenness between landscapes both with and without ungulates, albeit their similarities under environmental conditions. Vegetation responses to climate are particularly attenuated in landscapes with ungulates, an effect that depends on ungulate population abundance. In a world where extreme climate events are becoming frequent and intense, our results indicate that ungulates can strongly modulate how grasslands and scrublands respond to climate change. Increasing our knowledge as to how this type of trophic interaction affects vegetation responses to climate variability is of much importance for managing ungulate rewilding strategies."
Modeling the frugivory of a plant with inconstant productivity and solid interaction with relictual vertebrate biota,"Universal features of ecological processes have mathematical properties that are naturally nonlinear and intricate, hitherto oftentimes approximated only by mathematical equations. We aimed to evaluate via mathematical modeling different scenarios of productivity and frugivory of Acca sellowiana (Feijoa) by vertebrates in the highlands of the subtropical Atlantic Forest. In doing so, based on an empirical baseline of mutualistic interactions, we simulated defaunation, species reintroduction and variations in resource production to understand the spatiotemporal dynamics of interactions within the network. We utilized empirical data of interactions obtained via camera traps from 2015 to 2016. We performed frugivory simulations based on the use of predator-prey models with the addition of exponential, logistical and structured growth. We evaluated 13 deterministic and stochastic models of frugivory and numerically compared the fruits removal rates among the models and empirical data. We conducted a weighted network formality analysis evaluating the general topology of networks, and a niche overlaps analysis of each scenario, to understand the variation in resource-sharing dynamics. Our results showed that vertebrates underexploited the potential of Feijoa as a subjacent resource, showing that the available fruits exceed the demand of local biota. The network robustness can be significantly changed by species loss or by rewilding. However, in all scenarios, resource-sharing is less than expected. The hypothetical removal by frugivores promote non-random negative effects in the potential seed dispersal process, whereas the increase of frugivores that may improve the reproductive success of Feijoa. Our insights allowed us to evaluate the magnitude of different scenarios of frugivory and to provide contributions to increase understanding of the relationship between fruit-eating and fleshy-fruited plants. Our results can be used as a proxy for conservation and management plans to predict ecological dynamics applying a species interaction perspective. Moreover, can be used to resources and landscapes management, especially in a region under an overwhelming contemporary defaunation process."
Drivers of support: The case of species reintroductions with an ill-informed public,"Successful rewilding of large carnivores depends on public acceptance, but the public frequently has little awareness about wildlife and specific reintroduction proposals. This article evaluated the determinants of public support for grizzly bear reintroduction in California to understand how value orientations, political ideology, and demographics predict attitudes when the public has little species-specific knowledge. We surveyed 980 Californians, showing that value orientations, awareness, and perceptions of costs and benefits shaped attitudes toward grizzly reintroduction, even when only one-quarter of the respondents knew that grizzly bears were extirpated from California. Almost two-thirds of respondents were supportive of reintroduction, rationalizing their support with assessments of societal and ecological costs and benefits. Lack of public awareness, perceptions of personal threats, and willingness to rationalize stated preferences provide cautionary notes to managers. Our results suggest that managers should offer early articulation of costs, benefits, and threats before reintroductions become politicized and opposition becomes entrenched."
The overkill model and its impact on environmental research,"Research on human-environment interactions that informs ecological practices and guides conservation and restoration has become increasingly interdisciplinary over the last few decades. Fueled in part by the debate over defining a start date for the Anthropocene, historical disciplines like archeology, paleontology, geology, and history are playing an important role in understanding long-term anthropogenic impacts on the planet. Pleistocene overkill, the notion that humans overhunted megafauna near the end of the Pleistocene in the Americas, Australia, and beyond, is used as prime example of the impact that humans can have on the planet. However, the importance of the overkill model for explaining human-environment interactions and anthropogenic impacts appears to differ across disciplines. There is still considerable debate, particularly within archeology, about the extent to which people may have been the cause of these extinctions. To evaluate how different disciplines interpret and use the overkill model, we conducted a citation analysis of selected works of the main proponent of the overkill model, Paul Martin. We examined the ideas and arguments for which Martin's overkill publications were cited and how they differed between archeologists and ecologists. Archeologists cite overkill as one in a combination of causal mechanisms for the extinctions. In contrast, ecologists are more likely to accept that humans caused the extinctions. Aspects of the overkill argument are also treated as established ecological processes. For some ecologists, overkill provides an analog for modern-day human impacts and supports the argument that humans have always been somewhat selfish overconsumers. The Pleistocene rewilding and de-extinction movements are built upon these perspectives. The use of overkill in ecological publications suggests that despite increasing interdisciplinarity, communication with disciplines outside of ecology is not always reciprocal or even."
The presence of the brown bear Ursus arctos in Holocene Britain: a review of the evidence,"The brown bear Ursus arctos was Holocene Britain's largest carnivoran and has appeared in recent rewilding discussions. Despite widespread interest, we know very little about the species in Holocene Britain, as few studies have been undertaken. This paper draws together information on the brown bear to examine its presence and extinction through evaluation of the archaeological and palaeontological evidence. Data were collected from published literature and museum catalogues. Information on the chronological date of archaeological sites, the number of bear specimens, and the body parts present were particularly sought. A total of 85 sites were identified, 57 are well-dated, 25 are of uncertain date but are likely to be Holocene, and three have uncertain species identifications. Very few specimens from non-anthropogenic sites (e.g. fens and caves) are well-dated, skewing the data towards anthropogenic sites such as settlements and graves. Analysis of body part representation shows that the bear bones found in the Bronze Age, Iron Age, and most of the early medieval period are largely phalanges or metapodials, which are likely to be derived from skins. Other body parts are present during the Romano-British, medieval, and post-medieval period, indicating that live bears were present and were probably imported for entertainment. It seems that the brown bear was rare in Britain throughout the Holocene, and, based on current evidence, two extinction scenarios can be put forward: extinction in the late Neolithic/early Bronze Age, or extinction in the early medieval period."
The superior effect of nature based solutions in land management for enhancing ecosystem services,"The rehabilitation and restoration of land is a key strategy to recover services - goods and resources-ecosystems offer to the humankind. This paper reviews key examples to understand the superior effect of nature based solutions to enhance the sustainability of catchment systems by promoting desirable soil and landscape functions. The use of concepts such as connectivity and the theory of system thinking framework allowed to review coastal and river management as a guide to evaluate other strategies to achieve sustainability. In land management NBSs are not mainstream management. Through a set of case studies: organic farming in Spain; rewilding in Slovenia; land restoration in Iceland, sediment trapping in Ethiopia and wetland construction in Sweden, we show the potential of Nature based solutions (NBSs) as a cost-effective long term solution for hydrological risks and land degradation. NBSs can be divided into two main groups of strategies: soil solutions and landscape solutions. Soil solutions aim to enhance the soil health and soil functions through which local eco-system services will bemaintained or restored. Landscape solutions mainly focus on the concept of connectivity. Making the landscape less connected, facilitating less rainfall to be transformed into runoff and therefore reducing flood risk, increasing soilmoisture and reducing droughts and soil erosionwe can achieve the sustainability. The enhanced eco-system services directly feed into the realization of the Sustainable Development Goals of the United Nations. (C) 2017 Elsevier B.V. All rights reserved."
Severe Hypoxemia in Muskoxen (Ovibos moschatus) Immobilized with Etorphine and Xylazine Corrected with Supplemental Nasal Oxygen,"Twenty-three muskoxen (Ovibos moschatus) housed in a captive facility for rewilding in Sweden were chemically immobilized for annual health evaluations and hoof trimming. The muskoxen were darted in May to September (2012-15) in their holding pen with etorphine (0.015 mg/kg) and xylazine (0.1 mg/kg) intramuscularly. Twenty-two of the 23 animals were immobilized with a single dart injection. The mean (SD) induction time was 4 (2) min. Arterial blood gases were collected from 18 animals. All animals were severely hypoxemic with varying degrees of respiratory acidosis. The hypoxemia resolved in 17 of 18 animals with intranasal oxygen supplementation at 1 L/min per 100 kg. Relative arterial oxygen saturation (SpO(2)) measured by pulse oximetry was significantly higher than the arterial oxygen saturation calculated from the partial pressure of arterial oxygen (SaO(2)) obtained by a blood gas analyzer. Based on these findings, muskox can be immobilized successfully with etorphine (0.015 mg/kg) and xylazine (0.1 mg/kg) but should receive supplemental oxygen."
Winners and losers in a long-term study of vegetation change at Moor House NNR: Effects of sheep-grazing and its removal on British upland vegetation,"We analysed data collected between 1954 and 2000 from nine long-term experiments designed to assess the effects of sheep-grazing versus no-sheep-grazing at Moor House NNR, an Environmental Change Network site. The experiments were set up between 1954 and 1972 across a range of vegetation types typical of much of upland Britain. Data from this type of experiment are often difficult to analyse and we describe the procedures undertaken to prepare the data for analysis. We fitted the resultant data to the British National Vegetation Classification and used ordination techniques to assess the relative positions of the experiments to each other. Finally, we used Generalized Linear Mixed-effects Modelling within a Bayesian framework to model change of species taxonomic/physiognomic groups through time in both sheep-grazed and ungrazed treatments across all nine experiments; variables included species diversity, Shannon-Weiner index and derived data on occurrence and abundance of species groups based on taxonomy and physiognomy. Hurdle analysis was used to model the species groups; this analysis separated the change through time in both probability of occurrence (binomial distribution) and abundance (Poisson distribution). In the sheep-grazed plots (the business-as-usual treatment hence here designated the control) there was a reduction in species diversity and a decrease in abundance of vascular plants, grasses, lichens, liverworts and mosses; whereas herbs, sedges and shrubs increased. When probability of occurrence was considered, there was a reduction in number of presences of both lichens and liverworts. Thus, the status quo management of continuous sheep-grazing, even though reduced since 1972, has resulted in a marked change in species composition of these plant communities, with some winners and some losers, but overall they support the concept of biotic homogenization. It is likely that some of these changes were driven by external factors such as elevated atmospheric nutrient deposition. Removal of sheep grazing had some positive benefits; with the herbs, mosses, sedges and shrubs increasing, but faster reductions in grasses and liverworts. Sedges + rushes were stable. It suggested that future monitoring schemes might use either the probability of occurrence of liverworts and lichens, or the abundance of lichens, liverworts, grasses and mosses as sensitive indicators of change in upland Britain. Moreover, during the period that Moor House has been protected as a nature reserve some key plant species groups have declined in spite of reductions in grazing pressure. To reverse this trend requires some form of interventionist management. In order to increase the diversity of vascular plants some form of disturbance will probably be needed, but for bryophytes and lichens this remains a research question. If the results from these small-scale experiments are replicated at the landscape scale a reduction of sheep grazing pressure, for example in rewilding schemes, will have little effect on species composition over a 28-44 year period. (C) 2015 The Authors. Published by Elsevier Ltd."
"Habitat management alternatives for conservation forests in the temperate zone: Review, synthesis, and implications","Temperate forests with high values for biological conservation, including old-growth and mid-aged (>50 years) semi-natural forests, cover large areas. Many of the forests are protected, and the protected area is expected to increase. The protection efforts need to be supported by research about habitat management. I reviewed >2000 studies of such forests, selecting 150 studies dealing with trees, bushes and forest structure. Of these, 59% gave no recommendation for management; the forest was used as ecological baseline. Minimal intervention was recommended in 8% of the studies. In the remaining studies (33%), active management of many types was proposed. Based on the review and the literature, I suggest four habitat management alternatives: (1) Minimal intervention, the most common form of management, usually allows continued succession and disturbances in the forests. They should develop as old-growth and act as ecological baselines. (2) Traditional management, based on historical reference, is used to create other forest structures that favour biodiversity (e.g. red-listed taxa) related to past cultural landscapes. (3) Non-traditional management is an action to produce old-growth characteristics or specific forest composition, or to favour one or a few tree species which may or may not have been abundant in the past. (4) Species management, for threatened, indicator and other species, and rewilding, is based on one or a small set of species that is valuable or can shape the forest (rewilding may be included in alternative 1, but emphasizes large predators). Depending on forest size and objectives, combinations of these management types may be used. If the concept of ecological restoration is used, which assumes one best forest habitat, researchers risk overlooking the importance of evaluating all the alternatives 1-4. There is often not only one correct habitat option for conservation forests. Many more studies of the management alternatives are needed, particularly long-term experiments. In addition, management plans, decisions, and actions in practical management of conservation forests need to be studied, to clarify choices and present conditions. (C) 2013 Elsevier B.V. All rights reserved."
BEHAVIOURAL AND PHYSIOLOGICAL STRESS RESPONSES TO TRANSPORTATION IN A GROUP OF PRZEWALSKI'S HORSES (EQUUS FERUS PREZWALSKII),"A variety of stimuli such as transportation can cause stress to animal. Stress is expressed differently by free-ranging, captive wildlife and domestic animals, and the response can be characteristic of the species. Via observation of behaviour and measurement of faecal glucocorticoid metabolites (FGM), our research focused on the capture and reintroduction of Przewalski's horses (Equus ferus prezwalskii). The results showed that: (1) compared to pre-transportation behavior, one stallion and 5 females moved significantly more and significantly decreased the time spent standing, stand resting, and drinking. The stallion mark excretion decreased significantly; and other behaviors showed no significant change. (2) The average FGM for female horses rose significantly from 22 hr pre-transportation to 24 hr posttransportation; the average FGM of the stallion also rose at respective times, and then declined. Seventy-two hours following transportation, all values returned to their respective baseline levels. In light of these results, we advise that the animal should be attentively cared for that the day of and the day following transportation. The recovering period length of FGM level was more similar to domestic animals than to other wildlife, which might be caused by nearly one hundred years of captive breeding of these horses. We believe that our results could be the basic data set, which can be used to compare with future monitoring data. Stress response of the Przewalski's horse to transportation, as an artificial stimulus, can be used as a monitoring rewilding process method, which is also an indicator of the ultimately rewilding."
A Comparison of Dung Beetle (Coleoptera: Scarabaeidae) Attraction to Native and Exotic Mammal Dung,"Although the preference of dung beetles (Coleoptera: Scarabaeidae) for specific types and conditions of dung has been given substantial attention, little has been done to investigate the potential effects of exotic mammal introduction for game farms or rewilding projects. We used pitfall traps baited with various native and exotic herbivore, carnivore, and omnivore dung to evaluate dung beetle preference in the Great Plains of North America. Additionally, we analyzed of the nutrient quality of each dung type. In total, 9,089 dung beetles from 15 species were captured in 2 yr of sampling. We found significant differences (P < 0.05) in mean dung beetle capture among omnivore, herbivore, and carnivore dung, as well as differences in individual species preference for dung type. Omnivore dung was the most attractive with chimpanzee and human dung having the highest mean capture (291.1 +/- 27.6 and 287.5 +/- 28.5 respectively). Carrion also was highly attractive with a mean of 231.9 +/- 20.6 beetles per trap (N = 8). Our results suggest definitive local preference of carrion in Phanaeus vindex Macleay and Onthophagus hecate (Panzer), while the congener, O. pennsylvanicus (Harold), was rarely captured in carrion and highly preferred omnivore dung. Preference for a specific bait type does not appear to be correlated with dung quality, mammalian diet, or origin of mammal. Results suggest niche segregation by dung type among dung beetle species."
Ecological history and latent conservation potential: large and giant tortoises as a model for taxon substitutions,"Starting in the late 1970s, ecologists began unraveling the role of recently extinct large vertebrates in evolutionary ecology and ecosystem dynamics. Three decades later, practitioners are now considering the role of ecological history in conservation practice, and some have called for restoring missing ecological functions and evolutionary potential using taxon substitutes - extant, functionally similar taxa - to replace extinct species. This pro-active approach to biodiversity conservation has proved controversial. Yet, rewilding with taxon substitutes, or ecological analogues, is now being integrated into conservation and restoration programmes around the world. Empirical evidence is emerging that illustrates how taxon substitutions can restore missing ecological functions and evolutionary potential. However, a major roadblock to a broader evaluation and application of taxon substitution is the lack of practical guidelines within which they should be conducted. While the International Union for Conservation of Nature's reintroduction guidelines are an obvious choice, they are unsuitable in their current form. We recommend necessary amendments to these guidelines to explicitly address taxon substitutions. A second impediment to empirical evaluations of rewilding with taxon substitutions is the sheer scale of some proposed projects; the majority involves large mammals over large areas. We present and discuss evidence that large and giant tortoises (family Testudinidae) are a useful model to rapidly provide empirical assessments of the use of taxon substitutes on a comparatively smaller scale. Worldwide, at least 36 species of large and giant tortoises went extinct since the late Pleistocene, leaving 32 extant species. We examine the latent conservation potential, benefits, and risks of using tortoise taxon substitutes as a strategy for restoring dysfunctional ecosystems. We highlight how, especially on islands, conservation practitioners are starting to employ extant large tortoises in ecosystems to replace extinct tortoises that once played keystone roles."
A checklist for wildlands network designs,"Systematic conservation planning requires rigorous methods. Methodological rigor and scientific defensibility are enhanced by conceptual frameworks, standards, and criteria for guiding and evaluating individual plans. The Wildlands Project is developing wildlands network designs in various regions across North America, based on the goals of rewilding-restoration of wilderness qualities and intact food webs and biodiversity conservation. The project employs such modern conservation planning tools as spatially explicit habitat and population models and site-selection algorithms. I created a checklist to assist staff, contractors, and cooperators with the Wildlands Project in the development of regional conservation assessments and wildlands network designs that are consistent with currently accepted standards for science-based conservation planning. The checklist also has proven useful in the peer review of plans. The checklist consists of eight general standards, each of which includes several specific criteria that relate to the qualifications of staff, choice of biodiversity surrogates and goals, methodological comprehensiveness and rigor, replicability, analytic rigor, peer review, and overall quality of scholarship. Application of the checklist is meant to be flexible and to encourage creativity and innovation. Nevertheless, every plan must be scientifically defensible and must make the best use of available data, staff, and resources. Moreover, some degree of consistency is required to link individual plans together into a continental-scale network. The checklist may provide a template that other conservation organizations, agencies, scientists, and activists can adapt to their programs."
"Ten Years of Positive Impact of a Conservation Education Program on Children's Knowledge and Behaviour Toward Crested Macaques (Macaca nigra) in the Greater Tangkoko Area, North Sulawesi, Indonesia","In areas where primates are threatened, environmental education interventions are a key way to increase the local population's knowledge of their environment and encourage positive attitudes and habits to preserve the environment and wildlife on a local and global scale. This study assesses the impact of Tangkoko Conservation Education (TCE), the Macaca Nigra Project's conservation education programme, running since 2011 in North Sulawesi for school children, teachers, and the local population. TCE's goal is to help people increase their knowledge of their environment and develop more positive habits and behaviours towards their local environment, especially the Critically Endangered and endemic crested macaques (Macaca nigra). We measured the efficacy of TCE's programme for pupils using questionnaires provided one month before and one month after a year-long conservation education programme at school. Pupils' knowledge and behaviour scores increased significantly after their participation in the programme. Their habits score also increased but this increase was not statistically significant. Girls scored significantly higher than boys in terms of positive behaviour towards wildlife. Children participating in the programme more than once seemed to obtain higher scores in their second participation, although the sample size was too small for formal analysis. Despite some limitations, this study demonstrates the positive impact of our programme on young people living in an area where primates are threatened. We hope that this research will inspire similar programmes in Sulawesi and elsewhere by providing methods and activities to help prevent primate extinction."
Forest recovery through applied nucleation: Effects of tree islet size and disperser mobility on tree recruitment in a temperate landscape,"The plantation of tree islets within deforested areas (applied nucleation) has been proposed as a restoration strategy able to catalyze tree colonization in the matrix with reasonable costs and labor compared to traditional restoration methods such as extensive plantations. However, recent work has questioned its effectiveness in comparison to natural forest regeneration, and observational studies have eventually reported a limited expansion of tree islets after years of planting. To infer the processes affecting the effectiveness of applied nucleation, we used a stochastic model able to predict avian movement and fruit consumption, tree seed dispersal and seedling establishment in a fragmented temperate forest landscape of northern Spain. First, we simulated scenarios of natural regeneration and compared them to applied nucleation in terms of tree colonization in the remaining deforested matrix. Subsequently, in applied nucleation scenarios we assessed the effects of islet size and matrix area recovered on tree recruitment into the matrix. Also, we evaluated if such effects were mediated by the scale of movement of frugivores. Our results showed that applied nucleation triggers matrix colonization by trees at higher rates than natural regeneration because it avoids frugivore entrapment within forest edges. Also, that large tree islets can hamper matrix colonization despite being visited more frequently. If large tree islets offer abundant resources, animals do not need to leave their boundaries, concentrating seed deposition within islets. As expected, such effects depended on the scale of movement of frugivores. Our work highlights that in nucleated landscapes, islets harboring fruit-producing trees should attract animal dispersers, and also foster animal inter-islet movement. Both conditions should be met to ensure seed deposition and seedling establishment in the deforested matrix, promoting forest recovery independent of islet expansion through vegetative growth. To achieve these restoration goals, we propose establishing islets whose size and inter-islet distances matches the scale of movement of main seed dispersers present in the area."
Ongoing declines for the world's amphibians in the face of emerging threats,"Systematic assessments of species extinction risk at regular intervals are necessary for informing conservation action1,2. Ongoing developments in taxonomy, threatening processes and research further underscore the need for reassessment3,4. Here we report the findings of the second Global Amphibian Assessment, evaluating 8,011 species for the International Union for Conservation of Nature Red List of Threatened Species. We find that amphibians are the most threatened vertebrate class (40.7% of species are globally threatened). The updated Red List Index shows that the status of amphibians is deteriorating globally, particularly for salamanders and in the Neotropics. Disease and habitat loss drove 91% of status deteriorations between 1980 and 2004. Ongoing and projected climate change effects are now of increasing concern, driving 39% of status deteriorations since 2004, followed by habitat loss (37%). Although signs of species recoveries incentivize immediate conservation action, scaled-up investment is urgently needed to reverse the current trends. The second Global Amphibian Assessment finds that the status of amphibians is continuing to deteriorate globally, driven predominantly by climate change, disease and habitat loss."
Four in One: Cryptic Diversity in Geoffroy's Side-Necked Turtle Phrynops geoffroanus (Schweigger 1812) (Testudines: Pleurodira: Chelidae) in Brazil,"Turtles are one of the most threatened groups of vertebrates, with about 60% of species classified at some level of extinction risk. Compounding this extinction crisis are cryptic species and species complexes that are evaluated under a single species epithet but harbor multiple species, each of which needs to be evaluated independently. The Phrynops geoffroanus species group is a classic example. Described first in 1812, it is currently thought to harbor multiple species. To test this hypothesis, we collected mitochondrial and nuclear genomic data, morphometric data, and distribution and associated biome information. We applied statistically rigorous species delimitation analyses, taxonomic hypotheses tests, and fully coalescent phylogenetic reconstruction methods, concluding that the Phrynops geoffroanus species complex comprises four geographically structured species/lineages that diverged during the Pleistocene and are currently geographically structured along the main South American river basins and biomes. These species/lineages show subtle and largely non-significant differences in shape but are characterized by differences in coloration and patterns of marks on the head and plastron. Our results contribute to the understanding of species diversity and diversification of biodiversity in South America and provide an important basis for the conservation of freshwater turtles."
Expert range maps of global mammal distributions harmonised to three taxonomic authorities,"Aim: Comprehensive, global information on species' occurrences is an essential biodiversity variable and central to a range of applications in ecology, evolution, biogeography and conservation. Expert range maps often represent a species' only available distributional information and play an increasing role in conservation assessments and macroecology. We provide global range maps for the native ranges of all extant mammal species harmonised to the taxonomy of the Mammal Diversity Database (MDD) mobilised from two sources, the Handbook of the Mammals of the World (HMW) and the Illustrated Checklist of the Mammals of the World (CMW). Location: Global. Taxon: All extant mammal species. Methods: Range maps were digitally interpreted, georeferenced, error-checked and subsequently taxonomically aligned between the HMW (6253 species), the CMW (6431 species) and the MDD taxonomies (6362 species). Results: Range maps can be evaluated and visualised in an online map browser at Map of Life (mol.org) and accessed for individual or batch download for non-commercial use. Main conclusion: Expert maps of species' global distributions are limited in their spatial detail and temporal specificity, but form a useful basis for broad-scale characterizations and model-based integration with other data. We provide georeferenced range maps for the native ranges of all extant mammal species as shapefiles, with species-level metadata and source information packaged together in geodatabase format. Across the three taxonomic sources our maps entail, there are 1784 taxonomic name differences compared to the maps currently available on the IUCN Red List website. The expert maps provided here are harmonised to the MDD taxonomic authority and linked to a community of online tools that will enable transparent future updates and version control."
New Records of the Andean Cat (Leopardus jacobita) in the Central Andes of Chile: Filling Gaps in the Distribution Range through Private-Social Partnerships,"Simple Summary The Andean cat is an endangered medium-sized felid with grey fur and a characteristic long tail with black rings. It is found only in cold and arid regions of the high Andes of Argentina, Bolivia, Chile, and Peru. As part of a collaboration between the Andean Cat Alliance (AGA) and Parque Andino Juncal (PAJ), we conducted a monitoring program from December 2020 to May 2021 using eight trail cameras in PAJ in the central Andes of Chile, an area where few records of the species have been described. We obtained records of Andean cats which fill a gap on the species distribution map, specifically in the area located between two previously identified evolutionary significant units (ESU) which are populations with different evolutionary histories that should be monitored, managed, and protected separately. Based on this new information, a comprehensive ESU reassessment across the range is currently being conducted by AGA. This will allow for a better understanding of the number of distinct populations across the range and the connectivity (i.e., current gene flow) among them, enabling the prioritization of small and isolated populations or units (i.e., higher extinction risk) and recommendations for evidence-based conservation strategies across the distribution. The Andean cat (Leopardus jacobita) is one of the most endangered and least known wild cat species in the Americas and the world in general. We describe new records of the Andean cat in the central Andes of Chile, in Parque Andino Juncal, obtained as part of a monitoring program conducted from December 2020 to May 2021 using eight trail cameras. The cameras were active for 135 days (sampling effort 1080 camera-trap days). We recorded Andean cats in two different cameras, corresponding to two independent events in January and March 2021, respectively (0.19% capture success). Our new records are relevant since they fill a gap on the species distribution map, specifically in the area located between the two previously identified evolutionarily significant units (ESU) (26-35 degrees S) which has been prioritized by the Andean Cat Alliance (AGA). We highlight the relevance of private protected areas in ecosystems of high biodiversity and fragility such as Parque Andino Juncal and also of strategic private-social partnerships for successful collaborative efforts to monitor the presence of rare, elusive, and endangered species. Our next steps will be to collect scats from this newly identified site and conduct genetic analyses to determine whether these animals are part of previously identified ESUs or a yet unidentified potentially distinct ESU or MU requiring special conservation measures."
"Can evolutionary theories of dispersal and senescence predict postrelease survival, dispersal, and body condition of a reintroduced threatened mammal?","Theories of dispersal and senescence (or aging) predict that dispersal, and ongoing survival and body condition, are influenced by evolutionary drivers, along with intrinsic and extrinsic factors. Such theories are relevant to translocations of animals where high mortality, loss of body condition, and dispersal beyond the area of release are commonly reported. However, these theories have rarely been tested using data from translocations. We explore whether theories of dispersal and senescence, together with biological knowledge and management interventions, can predict rates of postrelease dispersal, survival and change in body condition of a translocated endangered meso-predator, the eastern quoll Dasyurus viverrinus. Captive-bred quolls (n = 60) from three sanctuaries were translocated to an unfenced, predator-managed reserve (Booderee National Park) over 2 years (2018, 2019). Survival, dispersal and body mass were monitored via GPS/VHF tracking and targeted trapping for 45 days postrelease. We found support for the social subordinate hypothesis, with smaller quolls dispersing further. Consistent with theories of senescence and the biology of our species, survival was marginally greater for females, and females regained losses in body mass in both years following release. In contrast, males recovered body condition in the first but not the second release as this coincided with breeding. Quolls that originated from the mainland sanctuary were on average heavier at release and, after accounting for weight, dispersed further. Synthesis and applications. Using theory to test outcomes of wildlife translocations can provide insights into patterns across taxa and under different conditions, enabling useful improvements to future fauna translocations. This allows for better predictions to be made about the likelihood of success from proposed translocations, changes to planning to improve outcomes (e.g., modifying sex ratios, individual selection and release cohort), and improved animal welfare as fewer animals are subjected to trials."
"Finding food in a novel environment: The diet of a reintroduced endangered meso-predator to mainland Australia, with notes on foraging behaviour","Translocated captive-bred predators are less skilled at hunting than wild-born predators and more prone to starvation post-release. Foraging in an unfamiliar environment presents many further risks to translocated animals. Knowledge of the diet and foraging behaviour of translocated animals is therefore an important consideration of reintroductions. We investigated the diet of the endangered meso-predator, the eastern quoll Dasyurus viverrinus. We also opportunistically observed foraging behaviour, enabling us to examine risks associated with foraging. Sixty captive-bred eastern quolls were reintroduced to an unfenced reserve on mainland Australia (where introduced predators are managed) over a two year period (2018, 2019). Quolls were supplementary fed macropod meat but were also able to forage freely. Dietary analysis of scats (n = 56) revealed that quolls ate macropods, small mammals, birds, invertebrates, fish, reptiles and frogs, with some between-year differences in the frequency of different diet categories. We also observed quolls hunting live prey. Quolls utilised supplementary feeding stations, indicating that this may be an important strategy during the establishment phase. Our study demonstrated that, in a novel environment, captive-bred quolls were able to locate food and hunt live prey. However, foraging was not without risks; with the ingestion of toxic substances and foraging in dangerous environments found to be potentially harmful. Knowledge of the diet of reintroduced fauna in natural landscapes is important for understanding foraging behaviour and evaluating habitat suitability for future translocations and management."
Where and when to hunt? Decomposing predation success of an ambush carnivore,"Predator-prey games emerge when predators and prey dynamically respond to the behavior of one another, driving the outcomes of predator-prey interactions. Predation success is a function of the combined probabilities of encountering and capturing prey, which are influenced by both prey behavior and environmental features. While the relative importance of encounter and capture probabilities have been evaluated in a spatial framework, temporal variation in prey behavior and intrinsic catchability are likely to also affect the distribution of predation events. Using a single-predator-single-prey (puma-vicuna) system, we evaluated which factors predict predation events across both temporal and spatial dimensions of the components of predation by testing theprey-abundance hypothesis(predators select for high encounter probability) and theprey-catchability hypothesis(predators select for high relative capture probability) in time and space. We found that for both temporal and spatial analyses, neither the prey-abundance hypothesis nor the prey-catchability hypothesis alone predicted kill frequency or distribution; puma kill frequency was static throughout the diel cycle and pumas consistently selected a single habitat type when hunting, despite temporal and spatial variation in encounter rates and intrinsic catchability. Our integrated spatiotemporal analysis revealed that an interaction between time of day and habitat influences kill probability, suggesting that trade-offs in the temporal and spatial components of predation drive the probability of predation events. These findings reinforce the importance of examining both the temporal and spatial patterns of the components of predation, rather than unidimensional measures of predator or prey behavior, to comprehensively describe the feedbacks between predator and prey in the predator-prey game."
Influence of Solvents on Steroid Extraction from Animal Feces and Quantification Using Enzyme Immunoassay,"Organic solvents, such as methanol (MeOH) and ethanol (EtOH), are commonly used to extract and preserve steroids from animal excreta (feces, urine). As a result, the target substances are often in the solvent when they are subsequently analyzed using enzyme immunoassay (EIA). We examined steroid extraction from the feces of forest musk deer (Moschus berezovskii; collected in Sichuan Province, China, during 2017) using different concentrations of MeOH or EtOH (60%, 80%, 90%, or 100%). We also tested the effects of EtOH solvent on the accuracy of the EIA used to determine steroid concentration. Our results show that 100% MeOH and 90% EtOH resulted in the extraction of greater cortisol content from the feces of female forest musk deer compared with 90% MeOH and 100% EtOH (P < 0.05). Greater estradiol content was extracted with 100% and 90% EtOH compared with other EtOH concentrations or MeOH. The largest testosterone amount was extracted using 90% EtOH. In our evaluation of the effects of EtOH concentration on the accuracy of the EIA test, we found that inaccurate results appeared when the sample EtOH concentration was >7%. (c) 2020 The Wildlife Society."
The Effectiveness of Surrogate Taxa for the Representation of Biodiversity,"Biodiversity is too complex to measure directly, so conservation planning must rely on surrogates to estimate the biodiversity of sites. The species richness of selected taxa is often used as a surrogate for the richness of other taxa. Surrogacy values of taxa have been evaluated in diverse contexts, yet broad trends in their effectiveness remain unclear. We reviewed published studies testing the ability of species richness of surrogate taxa to capture the richness of other (target) taxa. We stratified studies into two groups based on whether a complementarity approach (surrogates used to select a combination of sites that together maximize total species richness for the taxon) or a richness-hotspot approach (surrogates used to select sites containing the highest species richness for the taxon) was used. For each comparison of one surrogate taxon with one target, we used the following predictor variables: biome, spatial extent of study area, surrogate taxon, and target taxon. We developed a binary response variable based on whether the surrogate taxon provided better than random representation of the target taxon. For studies that used an evaluation approach that was not based on better than random representation of target taxa, we based the response variable on the interpretation of results in the original study. We performed a categorical regression to elucidate trends in the effectiveness of surrogate taxa with regard to each of the predictor variables. A surrogate was 25% more likely to be effective with a complementarity approach than with a hotspot approach. For hotspot-based approaches, biome, extent of study, surrogate taxon, and target taxon significantly influenced effectiveness of the surrogate. For complementarity-based approaches, biome, extent, and surrogate taxon significantly influenced effectiveness of the surrogate. For all surrogate evaluations, biome explained the greatest amount of variation in surrogate effectiveness. From most to least, extent, surrogate taxon, and target taxon explained the most variation after biome. Surrogate taxa were most effective in grasslands and in some cases boreal zones, deserts, and tropical forests; surrogate taxa also were more effective in studies examining larger areas. Herpetofauna were the most effective taxon as both surrogate and target when a richness-hotspot approach was used; however, herpetofauna were analyzed in fewer studies, so this result is tentative. For complementarity approaches, taxa that are easy to measure and tend to have a large number of habitat specialists distributed collectively across broad environmental gradients (e.g., plants, birds, and mammals) were the most effective surrogates."
Resident and migrant birds use livestock dung pats for foraging,"Low intensity grazing is an increasingly used tool in conservation. It creates beneficial conditions for biodiversity by shaping structural diverse habitats. An important resource provided by grazing are dung pats because many species are associated with those, especially arthropods. Because most birds depend on arthropods as a food source, dung pats may improve food availability. To investigate the role of dung pats as food-providing resources for birds, we conceived a camera trap study in the Black Forest National Park (Germany). Up to eight camera traps were simultaneously placed at dung pats of Heck cattle (Bos taurus) and Konik horses (Equus caballus) on low intensity grazing pastures. They recorded 229 foraging events of 26 different bird species between June 2021 and January 2022. Common Blackbirds (Turdus merula) were the most common foraging birds, typically breaking up dung pats in search of food and foraging up to 21 minutes at a single dung pat. Most other birds mainly picked up food items from the surface of dung pats. Birds used dung pats for foraging during the whole study period, even if they were covered with snow. Our study shows that dung pats can provide food for many bird species and highlights the importance of permanent low intensity grazing in conservation."
Habitat use by semi-feral Konik horses on wetlands-three-year GPS study,"Free-ranging grazers are increasingly being introduced to areas of high natural value, such as wetlands. There is also growing attention that has been paid to the historical role of herbivores in shaping ecosystems and landscapes. Even though studies on the grazing of free-range horses were carried out in different regions and climates, still little is known about their habitat selection on heterogeneous marshy areas in the temperate region of Europe. The aim of this study was to investigate the habitat use by contemporary Konik horses during the growing season on the basis of three-year GPS data for a semi-feral herd kept on wetlands. Almost 68% of the occurrence of Konik horses were in open habitats. The assessment of habitat selection by the horses confirmed their strong preferences for grasslands on mid-forest dunes and forest avoidance. Konik horses somewhat preferred mowed fen meadows, but the animals displayed differences in the selection of habitat, probably depending on its humidity and weather conditions in a given year which may limit the role of grazing in protecting these communities. Horses need different habitats in wetlands such as fen meadows, forest, and grasslands on the mineral hills. This should be taken into consideration for landscape management in areas where the introduction of wild or semi-wild horse populations is planned."
"Widespread habitat for Europe's largest herbivores, but poor connectivity limits recolonization","Aim: Several large-mammal species in Europe have recovered and recolonized parts of their historical ranges. Knowing where suitable habitat exists, and thus where range expansions are possible, is important for proactively promoting coexistence between people and large mammals in shared landscapes. We aimed to assess the opportunities and limitations for range expansions of Europe's two largest herbivores, the European bison (Bison bonasus) and moose (Alces alces).Location: Central Europe.Methods: We used large occurrence datasets from multiple populations and species distribution models to map environmentally suitable habitats for European bison and moose across Central Europe, and to assess human pressure inside the potential habitat. We then used circuit theory modeling to identify potential recolonization corridors.Results: We found widespread suitable habitats for both European bison (> 120,000 km(2)) and moose (> 244,000 km(2)), suggesting substantial potential for range expansions. However, much habitat was associated with high human pressure (37% and 43% for European bison and moose, respectively), particularly in the west of Central Europe. We identified a strong east-west gradient of decreasing connectivity, with major barriers likely limiting natural recolonization in many areas.Main conclusions: We identify major potential for restoring large herbivores and their functional roles in Europe's landscapes. However, we also highlight considerable challenges for conservation planning and wildlife management, including areas where recolonization likely leads to human-wildlife conflict and where barriers to movement prevent natural range expansion. Conservation measures restoring broad-scale connectivity are needed in order to allow European bison and moose to recolonize their historical ranges. Finally, our analyses and maps indicate suitable but isolated habitat patches that are unlikely to be colonized but are candidate locations for reintroductions to establish reservoir populations. More generally, our work emphasizes that transboundary cooperation is needed for restoring large herbivores and their ecological roles, and to foster coexistence with people in Europe's landscapes."
Simulated genetic efficacy of metapopulation management and conservation value of captive reintroductions in a rapidly declining felid,"In South Africa, cheetah (Acinonyx jubatus) occur as a relictual, unmanaged population of 'free-roamers', a managed metapopulation across fenced reserves, and in various captive facilities. To ensure that the Cheetah Metapopulation Project (CMP) is not at risk of losing overall genetic variation to drift or inbreeding, we propose various interventions, including exchanges between free-roamers and the metapopulation or supplementation with unrelated individuals from captivity. Simulated trajectories of genetic diversity under such intervention strategies over time could directly inform conservation action and policy towards securing the long-term genetic integrity of the CMP. Single Nucleotide Polymorphisms (SNPs) were genotyped for 172 adult cheetahs across the free-roamer population, the metapopulation, and three major captive facilities. Management intervention trajectory models were tested including, (1) no intervention, (2) genetic exchange between free-roamers and the metapopulation, (3) translocation from a single captive facility and (4) translocation from several captive facilities into the metapopulation. Discriminant Analysis of Principal Components (DAPC) showed that two captive populations are highly differentiated from the metapopulation and each other, whilst the third captive and free-roamer populations are genetically more similar to the metapopulation. Simulated genetic variation over 25 generations indicated that models 1 and 2 show significant losses of heterozygosity due to genetic drift and present a proportional increase in the frequencies of 1st- and 2nd-degree relatives, whilst this variation and pairwise relatedness remain relatively constant under models 3 and 4. We emphasise the potential importance of captive facilities as reservoirs of genetic diversity in metapopulation management and threatened species recovery."
An ecoregion-based approach to restoring the world's intact large mammal assemblages,"Assemblages of large mammal species play a disproportionate role in the structure and composition of natural habitats. Loss of these assemblages destabilizes natural systems, while their recovery can restore ecological integrity. Here we take an ecoregion-based approach to identify landscapes that retain their historically present large mammal assemblages, and map ecoregions where reintroduction of 1-3 species could restore intact assemblages. Intact mammal assemblages occur across more than one-third of the 730 terrestrial ecoregions where large mammals were historically present, and 22% of these ecoregions retain complete assemblages across > 20% of the ecoregion area. Twenty species, if reintroduced or allowed to recolonize through improved connectivity, can trigger restoration of complete assemblages over 54% of the terrestrial realm (11 116 000 km(2)). Each of these species have at least two large, intact habitat areas (> 10 000 km(2)) in a given ecoregion. Timely integration of recovery efforts for large mammals strengthens area-based targets being considered under the Convention on Biological Diversity."
"Rediscovery of two critically endangered species of freshwater crabs, Afrithelphusa afzelii (Colosi, 1924) and A. leonensis (Cumberlidge, 1987) (Brachyura: Potamoidea: Deckeniidae) from the rainforests of Sierra Leone: implications for conservation","The current status of two Sierra Leone Afrithelphusa freshwater crabs is unknown. Only two specimens of Afrithelphusa afzelii were collected ca. 1796 and given to Adam Afzelius from a single unknown Sierra Leone locality and the species is considered to possibly be extinct. The second species, A. leonensis, was described from three specimens: one from Sherboro Island and two presented to the Natural History Museum, London ca. 1955 from Sugar Loaf Mountain. This species, too, has not been reported since. Between January and February 2021, a survey of the rivers, streams, wetlands and nearby lowland humid rainforests of Sierra Leone collected fresh material from both these species. They were collected terrestrially in humid lowland forests, photographed live, details of their habitats are provided for the first time, and their conservation status is discussed. Immediate threats to these rare and critically endangered freshwater crabs and to the rainforest ecosystem upon which they depend include deforestation, agricultural encroachment, pollution, human predation and firewood gathering."
Herbivore exclusion and active planting stimulate reed marsh development on a newly constructed archipelago,"Wetlands provide vital services on which human societies depend. As they have been rapidly degrading due to anthropogenic impacts worldwide, wetland restoration is increasingly applied. When a return to the original state of a wetland is constrained, forward-looking restoration can provide a new way to enhance an ecosystem's ecological integrity. However, the direction in which new ecosystems will develop is strongly coupled to the initial environmental conditions and may benefit from active decisions on (future) management. To improve the natural values of a degrading freshwater lake in the Netherlands, a forward-looking restoration project was initiated in lake Markermeer in 2016, involving the construction of a 700-ha archipelago called the Marker Wadden. This archipelago should provide new habitat to higher trophic levels in the lake's food web through the development of currently missing Common reed (Phragmites australis) dominated marshlands with gradual land-water transitions. However, the restoration project faces strong grazing pressure by Greylag geese (Anser anser) that possibly inhibit reed establishment. Here, we aimed to unravel the effect of herbivory by Greylag geese (using exclosures) and the introduction of reed rhizomes on early vegetation development and carbon dynamics on the bare soils of this new ecosystem in a manipulative field experiment. Our results showed that excluding herbivores strongly increased reed-vegetation cover, density and maximum height, but only when reed rhizomes were actively introduced. Spontaneous vegetation development on bare soils was limited, and colonization by Broadleaf cattail (Typha latifolia) dominated over reed. Net ecosystem exchange of carbon and ecosystem respiration were strongly linked to vegetation development, with highest methane emissions in the most densely vegetated plots. We conclude that the establishment of reed marshes can strongly benefit from excluding herbivores and the introduction of reed, and that otherwise other vegetation types may establish more slowly in newly created wetlands. This illustrates how active management of vegetation development has the potential to benefit novel ecosystems."
Large carnivore expansion in Europe is associated with human population density and land cover changes,"Aim: The recent recovery of large carnivores in Europe has been explained as resulting from a decrease in human persecution driven by widespread rural land abandonment, paralleled by forest cover increase and the consequent increase in availability of shelter and prey. We investigated whether land cover and human population density changes are related to the relative probability of occurrence of three European large carnivores: the grey wolf (Canis lupus), the Eurasian lynx (Lynx lynx) and the brown bear (Ursus arctos). Location: Europe, west of 64 degrees longitude. Methods: We fitted multi-temporal species distribution models using >50,000 occurrence points with time series of land cover, landscape configuration, protected areas, hunting regulations and human population density covering a 24-year period (1992-2015). Within the temporal window considered, we then predicted changes in habitat suitability for large carnivores throughout Europe. Results: Between 1992 and 2015, the habitat suitability for the three species increased in Eastern Europe, the Balkans, North-West Iberian Peninsula and Northern Scandinavia, but showed mixed trends in Western and Southern Europe. These trends were primarily associated with increases in forest cover and decreases in human population density, and, additionally, with decreases in the cover of mosaics of cropland and natural vegetation. Main conclusions: Recent land cover and human population changes appear to have altered the habitat suitability pattern for large carnivores in Europe, whereas protection level did not play a role. While projected changes largely match the observed recovery of large carnivore populations, we found mismatches with the recent expansion of wolves in Central and Southern Europe, where factors not included in our models may have played a dominant role. This suggests that large carnivores' co-existence with humans in European landscapes is not limited by habitat availability, but other factors such as favourable human tolerance and policy."
The rise of an apex predator following deglaciation,"Aim Sea otters (Enhydra lutris) are an apex predator of the nearshore marine community and nearly went extinct at the turn of the 20th century. Reintroductions and legal protection allowed sea otters to re-colonize much of their former range. Our objective was to chronicle the colonization of this apex predator in Glacier Bay, Alaska, to help understand the mechanisms that governed their successful colonization. Location Glacier Bay is a tidewater glacier fjord in southeastern Alaska that was entirely covered by glaciers in the mid-18th century. Since then, it has endured the fastest tidewater glacier retreat in recorded history. Methods We collected and analysed several data sets, spanning 20 years, to document the spatio-temporal dynamics of an apex predator expanding into an area where they were formerly absent. We used novel quantitative tools to model the occupancy, abundance and colonization dynamics of sea otters, while accounting for uncertainty in the data collection process, the ecological process and model parameters. Results Twenty years after sea otters were first observed colonizing Glacier Bay, they became one of the most abundant and widely distributed marine mammal. The population grew exponentially at a rate of 20% per year. They colonized Glacier Bay at a maximum rate of 6 km per year, with faster colonization rates occurring early in the colonization process. During colonization, sea otters selected shallow areas, close to shore, with a steep bottom slope, and a relatively simple shoreline complexity index. Main conclusions The growth and expansion of sea otters in Glacier Bay demonstrate how legal protection and translocation of apex predators can facilitate their successful establishment into a community in which they were formerly absent. The success of sea otters was, in part, a consequence of habitat that was left largely unperturbed by humans for the past 250 years. Further, sea otters and other marine predators, whose distribution is limited by ice, have the potential to expand in distribution and abundance, reshaping future marine communities in the wake of deglaciation and global loss of sea ice."
Understanding unexpected reintroduction outcomes: Why aren't European bison colonizing suitable habitat in the Carpathians?,"Reintroductions are an important tool for re-establishing or reinforcing populations of threatened species, and thus to restore ecosystems. However, predicting how reintroduced populations will spread is difficult, and past reintroductions often lacked a thorough assessment of habitat availability and connectivity. Using the case of reintroduced European bison (Bison bonasus L.) in the northern Carpathians, we show how habitat suitability models in combination with connectivity assessments based on circuit theory can remedy such shortcomings, and identify potential habitat patches and corridors between these. European bison were reintroduced in our study area in the 1960s, and against prior expectation, have not spread along the Carpathian ridge, but instead expanded their range towards human settlements. Our analyses provide an explanation for this pattern. Although we identified a network of suitable habitat patches along the Carpathian ridge, the functional connections between them were limited due to a number of major barriers to movement. To avoid future conflicts between European bison and people, and to achieve the long-term goal of a viable bison metapopulation in this region, conservation action should focus on establishing connectivity between habitat patches through the creation and legal protection of corridors and wildlife passages, which would benefit Carpathian wildlife in general. Our study emphasizes the importance of landscape-scale connectivity analyses to guide restoration efforts, and of adaptive management to ensure the success of reintroduction projects. (C) 2015 Elsevier Ltd. All rights reserved."
Predation and Biophysical Context Control Long-Term Carcass Nutrient Inputs in an Andean Ecosystem,"Animal carcass decomposition is an often-overlooked component of nutrient cycles. The importance of carcass decomposition for increasing nutrient availability has been demonstrated in several ecosystems, but impacts in arid lands are poorly understood. In a protected high desert landscape in Argentina, puma predation of vicunas is a main driver of carcass distribution. Here, we sampled puma kill sites across three habitats (plains, canyons, and meadows) to evaluate the impacts of vicuna carcass and stomach decomposition on soil and plant nutrients up to 5 years after carcass deposition. Soil beneath both carcasses and stomachs had significantly higher soil nutrient content than adjacent reference sites in arid, nutrient-poor plains and canyons, but not in moist, nutrient-rich meadows. Stomachs had greater effects on soil nutrients than carcasses. However, we did not detect higher plant N concentrations at kill sites. The biogeochemical effects of puma kills persisted for several years and increased over time, indicating that kills do not create ephemeral nutrient pulses, but can have lasting effects on the distribution of soil nutrients. Comparison to broader spatial patterns of predation risk reveals that puma predation of vicunas is more likely in nutrient-rich sites, but carcasses have the greatest effects on soil nutrients in nutrient-poor environments, such that carcasses increase localized heterogeneity by generating nutrient hotspots in less productive environments. Predation and carcass decomposition may thus be important overlooked factors influencing ecosystem functioning in arid environments."
Mapping soil corrosivity potential to exclusion fencing using pedotransfer functions and open-source soil data,"Soil corrosivity is a term used to describe the corroding susceptibility (risk) of metal infrastructure in different soil environments. Soil corrosivity mapping is a crucial step in identifying potentially problematic, high-maintenance fence lines and can help improve fence longevity by identifying soil environments where the use of more expensive, corrosion-resistant materials would be more cost-effective in the long term. Soil corrosion damage sustained on exclusion fences can be a serious management issue for conservation programs and initiatives, as it weakens the fence netting and provides opportunities for invasive animal migration and occupation (e.g. feral cats and foxes) into areas of high conservation value. The increasing accessibility of geospatial analysis software and the availability of open-source soil data provide land managers with the opportunity to implement digital soil databases and pedotransfer functions to produce fence corrosion risk maps using commonly measured soil attributes. This paper uses open-source government agency soil data (shapefiles) to map fence corrosion risk in the southern part of the Yorke Peninsula in South Australia, with the intention to assist with the installation of a new barrier (exclusion) fence as part of the Marna Banggara rewilding project. The risk classifications (low, moderate and high risk) made by this map were compared with rates of zinc corrosion (mu m/year zinc loss) observed at field sites and correctly predicted the amount of fence damage sustained at five of the eight sites. The mapping approach outlined in this study can be implemented by environmental managers in other areas to inform strategies for enhancing fence longevity."
Dog in sheep's clothing: livestock depredation by free-ranging dogs may pose new challenges to wolf conservation,"Livestock depredation is a common cause of human-carnivore conflicts. In Portugal, free-ranging dogs are increasingly abundant and overlap endangered Iberian wolf territories, with reports of livestock depredation. However, the lack of awareness about dogs' possible role as predators leads to bias against wolves in cases of damages. Our goal was to assess and compare wolf and free-ranging dog's diet composition at southern wolf range in Portugal, to offer insights on dogs' predatory role on livestock and its implications for the conservation of an endangered wolf subpopulation. We assessed diet composition from 107 to 95 genetically confirmed wolf and dog scats, respectively, and complemented the analysis with data from 40 attacks on livestock with successful genetic predator assignment. Scat analysis highlighted goats as the most consumed dog prey in all analysed regions, with lagomorphs, small mammals, and wild boars as second most consumed in each region, respectively. Wolves mainly relied on goats and wild boars in the west, whereas in the central region they mostly fed on birds. The dietary overlap between both canids was very high (Pianka's index O = 0.93), showing potential for competition. Additionally, we found that dogs were the sole predators detected in most attacks (62%). Our findings highlight dogs' role as predators of livestock, and possibly also wild species, posing a further challenge to wolf conservation. Alongside adequate husbandry practices, we emphasise the need for a stronger enforcement of the legislation on dog ownership and an effective management of the stray population to reduce human-wolf conflict."
Narratives of land abandonment in a biocultural landscape of Spain,"Rural abandonment is a significant process in the Mediterranean region, posing sustainability challenges for rural and urban areas. Although there is an increase in studies focusing on the ecological implications and impacts of land abandonment and the role of rewilding, there is a knowledge gap in the study of the socio-cultural dimension of abandonment from the local perspective, even though it is crucial for land management decision. This study focuses on a case study in Western Spain, where a social survey was used to assess the perceptions of local communities regarding land abandonment and their implication on nature's contributions to people and quality of life. A survey campaign was administered in the case study region during the summer of 2020, collecting 205 face-to-face surveys. The results show that local communities overall have a negative reaction toward rural abandonment. In addition, local respondents recognize how traditional agriculture is the main source for maintaining nature's contributions to human well- being. Additionally, four groups of narratives toward rural abandonment were identified representing clusters of respondents with different motivations and interpretations of rural abandonment. This paper calls for understanding better the perceptions, values, and motivations toward rural abandonment and how their outcomes can be used as input for landscape management. Our results indicate that the local population perceives that the loss of rural livelihoods may entail serious environmental and societal problems, as locals are forced to abandon their rural-associated ways of life and migrate to urban areas."
Molecular Detection and Distribution of Giardia duodenalis and Cryptosporidium spp. Infections in Wild and Domestic Animals in Portugal,"Enteric protozoan parasites Giardia duodenalis, Cryptosporidium spp., and, to a lesser extent, the ciliate Balantioides coli are responsible for severe human and animal intestinal disorders globally. However, limited information is available on the occurrence and epidemiology of these parasites in domestic, but especially wild species in Portugal. To fill this gap of knowledge, we have investigated G. duodenalis, Cryptosporidium spp., and B. coli occurrence, distribution, genetic diversity, and zoonotic potential by analyzing 756 fecal samples from several wild carnivores (n = 288), wild ungulates (n = 242), and domestic species (n = 226) collected across different areas of mainland Portugal. Overall, infection rates were 16.1% (122/756; 95% CI: 13.59-18.96) for G. duodenalis and 2.7% (20/756; CI: 1.62-4.06) for Cryptosporidium spp., while no ungulate sample analyzed yielded positive results for B. coli. Giardia duodenalis was found across a wide range of hosts and sampling areas, being most prevalent in the Iberian lynx (26.7%), the Iberian wolf (24.0%), and the domestic dog (23.9%). Cryptosporidium spp. was only identified in wild boar (8.4%), red fox (3.4%), Iberian lynx (3.3%), red deer (3.1%), and Iberian wolf (2.5%). Sequence analysis of G. duodenalis determined zoonotic assemblage A (subassemblage AI) in one roe deer sample, canine-specific assemblages C and D in Iberian wolf, red fox, and domestic dog, and ungulate-specific assemblage E in wild boar, sheep, cattle, and horse. Six Cryptosporidium species were identified: C. scrofarum in wild boar, C. canis in the Iberian wolf and red fox, C. ubiquitum in red deer and wild boar, C. felis in the Iberian lynx, and both C. ryanae and C. occultus in red deer. Giardia duodenalis and Cryptosporidium spp. coinfections were observed in 0.7% (5/756) of the samples. This is the first, most comprehensive, and largest molecular-based epidemiology study of its kind carried out in Portugal, covering a wide range of wild and domestic hosts and sampling areas. The detection of zoonotic Cryptosporidium spp. and G. duodenalis subassemblage AI demonstrates the role of wild and domestic host species in the transmission of these agents while representing a potential source of environmental contamination for other animals and humans."
"Food limitation reduces risk avoidance by prey, but does not increase kill rates in a simple predator-prey system","Prey often induce antipredator behaviors when balancing food acquisition against safety. The starvation-predation hypothesis (SPH) posits that, during food shortages, the risk of starvation requires prey to forego antipredator behavior to increase feeding rates. Such shifts in antipredator behavior may further increase the risk of predation and therefore kill rates by predators. We tested the SPH and its consequences for kill rates in a single large prey, single large predator system. In the Argentine Andes, we evaluated whether risk avoidance by vicunas (Vicugna vicugna) decreased during periods of food scarcity. From three years of GPS relocations collected simultaneously from vicunas and pumas (Puma concolor), resource selection functions revealed that vicunas increased their exposure to pumas during nongrowing seasons by reducing the avoidance of canyons and increasing selection for meadows, both of which offer more food of higher quality than relatively safe plains. However, and despite vicunas becoming more risk-prone during nongrowing seasons, kill rates by pumas did not change between growing and nongrowing seasons. Contrary to evidence from mesocosm experiments, relaxation of antipredator behavior by prey did not translate into increased kill rates by predators. Our results enhance understanding of the interplay between food limitation and predator-prey interactions within ecosystems and may improve ecologists' ability to predict when and where behaviorally mediated trophic cascades are more likely to occur."
"Performance of European oysters (Ostrea edulis L.) in the Dutch North Sea, across five restoration pilots","Introduction: The European flat oyster (Ostrea edulis) is a biogenic reef former, internationally recognised as threatened and declining in the NE Atlantic by OSPAR and one of the focal species in nature inclusive designs in offshore windfarms in The Netherlands. Oyster reefs offer habitat to many other benthic hard substrate and fish species and provide ecosystem functions such as shelter and feeding grounds. European flat oyster reefs have disappeared from the Dutch North Sea in the early 1900s due to overfishing and diseases but are now subject of nature restoration under the Dutch Marine Strategy.Method: Since 2018, pilot projects have started in the Dutch North Sea to restore European flat oysters at suitable locations, such as offshore windfarms or natural reefs, which are protected from bottom trawling. We compared European flat oyster performance in five pilot projects, using translocated adult oysters sourced from Ireland, Norway, and the Netherlands. The aim of this research was to assess the performance of translocated oysters between pilots, to assess the installation and monitoring techniques, and to come forward with recommendations for future pilot projects.Results: We found that translocation of both foreign sourced flat oyster populations (Ireland and Norway in nearshore and offshore areas) and local oysters (in nearshore areas) result in good oyster performance. Oysters were able to grow (max 3.67 mm/month) and reproduce (larvae present) in their new environment. We found that growth rate was explained by origin and average water temperature, to a lesser extent by number of months, location and salinity and not to other environmental factors such as pH and O2. Correlations between growth and environmental conditions need to be considered with caution, since not all pilots were sampled just before and after the growing season. Oysters were Bonamia-negative at the start and end of the pilots, indicating that the offshore Dutch North Sea is still Bonamia-free.Discussion, conclusions, recommendations: By the year 2050 more than ten new offshore farms will be constructed in the Dutch North Sea and some sites will be suitable for oyster restoration. We conclude that local and foreign sourced oysters performed well at all locations. Based on the success and failure of the different outplacement and monitoring techniques, we provide recommendations on good practice for the future, including developing standardized monitoring protocols. This will enable better inter-site comparisons in upcoming oyster restoration pilots."
Landscape-level determinants of butterfly species richness in northern Europe: A country-wide survey reveals the paramount importance of forest land,"Human-induced changes in habitat amount and quality constitute the key driver behind negative trends in global biodiversity. Conservation actions must be based on solid knowledge of the factors affecting species richness in the remaining habitat fragments. Besides local characteristics, it is critical to consider a broader spatial context when evaluating habitat quality. Here we present an analysis of landscape-level determinants of butterfly species richness based on a country-wide survey in Estonia, representing the northern European forest zone. This study compares favourably to previous research in its scope (over 1200 systematically selected sites), and provides a relatively 'natural' reference point for the analyses based on areas with higher human population density. The number of butterfly species locally recorded was sought to be explained by variables describing the surroundings of the study sites at four spatial scales. The proportion of forest land was by far the strongest factor (positively) affecting the number of butterfly species recorded, followed by soil alkalinity. Notably, the effects of forest land area at the smallest (in a radius of 250 m) and largest (2000 m) spatial scales were partly independent of each other. The former likely reflects immediate habitat quality while the latter should be related to the colonisation-extinction balance in the metapopulation context. The correlates of anthropogenic pressure (e.g., urbanization, roads, agriculture) had little effect. The results highlight the key role of designing responsible forestry practices in the regional context of nature conservation."
"Capybara density and climatic factors as modulators of Ehrlichia prevalence in questing ticks in the Ibera wetlands, Argentina","We evaluated the presence of Ehrlichia spp. in unfed capybara ticks, Amblyomma dubitatum, and explored its association with capybaras density, ticks density and environmental variables. We observed that in the Ibera wetlands ecoregion A. dubitatum is infected by Candidatus Ehrlichia hydrochoerus and in a lesser extent with an Ehrlichia species closely related to Ehrlichia chaffeensis. The frequency of Ca. Ehrlichia hydrochoerus presence in A. dubitatum was not associated with vector abundance, but the probability of finding Ca. Ehrlichia hydrochoerus-infected ticks increased when the density of capybaras was low two months before. We hypothesize that when the density of capybaras decreases, A. dubitatum immature stages may seek out alternative hosts one of which could exhibit high realized reservoir competence for Ca. Ehrlichia hydrochoerus, leading to an increased prevalence of this ehrlichiae in questing A. dubitatum. High minimum temperatures and high cumulative rainfall in the time period previous to tick collection (15 to 60 days) were positively correlated with the prevalence of Ca. Ehrlichia hydrochoerus infection in A. dubitatum. Our results suggest that a combination of factors (both biological and abiotic) could raise the risk of human exposure to tick-borne Ehrlichia in the Ibera wetlands ecoregion."
Large herbivore diversity slows sea ice-associated decline in arctic tundra diversity,"Biodiversity is declining globally in response to multiple human stressors, including climate forcing. Nonetheless, local diversity trends are inconsistent in some taxa, obscuring contributions of local processes to global patterns. Arctic tundra diversity, including plants, fungi, and lichens, declined during a 15-year experiment that combined warming with exclusion of large herbivores known to influence tundra vegetation composition. Tundra diversity declined regardless of experimental treatment, as background growing season temperatures rose with sea ice loss. However, diversity declined slower with large herbivores than without them. This difference was associated with an increase in effective diversity of large herbivores as formerly abundant caribou declined and muskoxen increased. Efforts that promote herbivore diversity, such as rewilding, may help mitigate impacts of warming on tundra diversity."
Occurrence and molecular characterization of Enterocytozoon bieneusi in wild and domestic animal species in Portugal,"Lay Summary The identification of human-pathogenic genotypes of fungi-related Enterocytozoon bieneusi in wild carnivores and ungulates in Portugal suggests cross-species infection events and overlapping of the sylvatic and domestic transmission cycles, demonstrating a potential transmission risk to humans. The phylum Microsporidia encompasses a diverse group of obligate, intracellular, and spore-forming organisms able to infect a wide range of animal hosts. Among them, Enterocytozoon bieneusi is the most frequently reported species in humans and animals. Little is known about the presence and epidemiology of E. bieneusi in wildlife. We investigated E. bieneusi occurrence and genetic diversity in wild and domestic mammals, through molecular-detection methods, from different regions across Portugal. A total of 756 samples were collected from 288, 242, and 226 wild carnivores, wild ungulates, and domestic animals, respectively. Overall, eight specimens were E. bieneusi-positive (1.1%, 8/756) obtained from five wild (Iberian lynx, Iberian wolf, red fox, stone marten, and wild boar) and one domestic (sheep) host. Nucleotide sequence analysis identified four genotypes of E. bieneusi, Type IV, Wildboar3, BEB6, and PtEbIX. Three of those genotypes belong to Groups 1 (Type IV and Wildboar3) and 2 (BEB6), which are known to contain genotypes capable of infecting a variety of hosts, including humans, highlighting their public health importance. PtEbIX belongs to the dog-specific Group 11. This study represents the first, largest, and most comprehensive molecular-based epidemiology survey carried out in Portugal in wild and domestic animals to date and the first worldwide identification of E. bieneusi in wolf species. Our study showed that wild carnivores and ungulates may act as reservoirs of zoonotic genotypes of E. bieneusi, establishing their role in maintaining the sylvatic cycle of this parasite while representing a potential source of infection for humans and domestic animals."
Risk effects cascade up to an obligate scavenger,"The effects of predation risk on prey populations have been studied extensively; yet, how risk is manifested in a trophically linked guild-scavengers-has been overlooked. Risk could be particularly consequential for obligate scavengers that are vulnerable while foraging and rely on carrion provisioned by, and shared with, apex predators. We investigated whether Andean condors (Vultur gryphus) respond to predation risk in a landscape where the main source of carrion are camelids killed by pumas (Puma concolor). We hypothesized that condors would exhibit different behavioral responses to predation risk while they search, encounter, and exploit carrion. We explored condor habitat selection while flying by tracking nine birds with satellite transmitters and monitored via camera traps 41 natural carcasses and 25 experimental carrion stations. We found that condors searched for carrion in areas with a high probability of occurrence of puma kills. However, condors avoided exploiting carrion in areas featuring tall vegetation and steep slopes-selected by pumas to stalk prey-suggesting that condors manage risk primarily through the identification of safe foraging sites prior to landing. Our finding that condors avoided foraging near stalking cover for pumas highlights the importance of risk effects beyond predator-prey interactions, particularly for obligate scavengers."
Analysis of differences and commonalities in wildlife hunting across the Africa-Europe South-North gradient,"Hunting and its impacts on wildlife are typically studied regionally, with a particular focus on the Global South. Hunting can, however, also undermine rewilding efforts or threaten wildlife in the Global North. Little is known about how hunting manifests under varying socioeconomic and ecological contexts across the Global South and North. Herein, we examined differences and commonalities in hunting characteristics across an exemplary Global South-North gradient approximated by the Human Development Index (HDI) using face-to-face interviews with 114 protected area (PA) managers in 25 African and European countries. Generally, we observed that hunting ranges from the illegal, economically motivated, and unsustainable hunting of herbivores in the South to the legal, socially and ecologically motivated hunting of ungulates within parks and the illegal hunting of mainly predators outside parks in the North. Commonalities across this Africa-Europe South-North gradient included increased conflict-related killings in human-dominated landscapes and decreased illegal hunting with beneficial community conditions, such as mutual trust resulting from community involvement in PA management. Nevertheless, local conditions cannot outweigh the strong effect of the HDI on unsustainable hunting. Our findings highlight regional challenges that require collaborative, integrative efforts in wildlife conservation across actors, while identified commonalities may outline universal mechanisms for achieving this goal."
More than just meat: Carcass decomposition shapes trophic identities in a terrestrial vertebrate,"Most food web models fail to account for the full complexity of interactions within a community, particularly where microbes are involved. Carcasses are microbe-rich resources and may represent a common nexus for the macrobiome and microbiome, effectively uniting autotrophs, consumers, predators and microbiota. We evaluated the role of carcasses as multitrophic resources and explored dietary partitioning for a sexually dimorphic obligate scavenger known for its hierarchical social system. This study was set in a well-studied community of camelids Vicugna, Lama guanicoe, pumas Puma concolor and Andean condors Vultur gryphus in the Andes. We hypothesized that condors, by feeding on trophically distinct dietary substrates within any given carcass, would have highly variable trophic position (TP) values. Furthermore, we expected that the microbial consumers within the carcass would inflate TP values in both, the carrion and the condors. Thus, we expected that the trophic heterogeneity within a carcass could facilitate sex-based dietary partitioning in condors. We used a multifaceted approach to assess the foraging of Andean condors, using regurgitated pellet and bulk isotopic analyses, and also quantified the TP of the entire community of graminoids, camelids, camelid carrion, pumas, and female and male condors employing compound-specific stable isotopes analysis of amino acids. Our analysis of condor pellets and bulk isotopes revealed non-trivial plant consumption, close to 10% of condor diet. Isotope analysis of amino acids revealed that condors had highly variable TPs (2.9 +/- 0.3) compared to pumas (3.0 +/- 0.0) and camelids (2.0 +/- 0.1), likely representing 'trophic omnivory', wherein the condors consume plants (TP = 1.0 +/- 0.1) and microbe-colonized carrion (2.3 +/- 0.1). Female condors exhibited a TP (2.8 +/- 0.2) lower than strict carnivory, suggesting that they consume more plant biomass in a carcass, while males (TP = 3.1 +/- 0.3) are likely consuming more of the microbe-rich animal tissue. Our study highlights that carcasses represent a trophically heterogeneous resource and that vertebrate scavengers can feed across trophic groups within the carcass, from autotrophs to secondary consumers, and from both the macrobiome and microbiome. Thus, integration of microbes in macroecological contexts can help to resolve trophic identity, and better characterize the importance of microbes in detritivorous and omnivorous species."
Effects of land abandonment on nature contributions to people and good quality of life components in the Mediterranean region: A review,"Land abandonment is a process widespread in many regions of the world as a consequence of socio-economic conditions and changes on the use of land. Research has shown that land abandonment can have both posi-tive and negative effects, depending on the local context, location and scale. Research has framed land aban-donment either as an opportunity for rewilding these landscapes or as a loss of cultural values. Here, we present a literature review of the effects of land abandonment on social and ecological dimensions in the Mediterranean region, an area where is a common phenomenon. The results show that land abandonment is widely studied throughout the Northern Mediterranean, in particular in Spain, Italy and France, while no studies has been performed in the Southern part, such as in Morocco or Tunisia. Most of the land abandonment outcomes iden-tified were negative, followed by mixed outcomes (being partly positive and negative). Abandonment studies focused more often on outcomes on nature's contributions to people (such as biodiversity and habitat for spe-cies), while studies on the effects on the social dimension through the consideration of good quality of life components are scarce. The results highlight the high diversity of effects and outcomes derived from land abandonment. We call for research focusing on how the comprehensive process of land abandonment can impact and promote key changes in the future. Further research should pay greater attention to North African and Middle East countries in the Mediterranean region, where multiple pathways of abandonment are currently emerging, as well as the consideration of the social dimension of the effects of land abandonment to capture the full complexity of this land use change."
Diet composition of reintroduced Red-and-Green Macaws reflects gradual adaptation to life in the wild,"Over the last two centuries, the Red-and-Green Macaw (Ara chloropterus) has become locally extinct in Argentina. In an attempt to restore its key ecosystem functions as both disperser and regulator of large-seeded plants, a reintroduction project was initiated at the Ibera National Park in northeastern Argentina. The ability of released individuals to find food is crucial, especially when working with captive-bred animals, as long-term establishment of a self-sustaining population depends on their short-term ability to exploit wild food sources. Monitoring of feeding habits is usually conducted through behavioral observation, but in recent years DNA metabarcoding has emerged as an alternative for obtaining highly resolved data on diet composition. In this study, we use a combination of both techniques to characterize the breadth and composition of the reintroduced macaws' diet. In addition, we compare the efficiency of both observational and molecular techniques to assess diet composition in a frugivorous bird. Individuals fed on a variety of plant species (n = 49) belonging to a broad phylogenetic spectrum (28 families). Dietary richness estimated by direct observation and DNA metabarcoding was similar, though smaller than the combination of the two datasets as both techniques detected at least 15 species not recorded by the other method. While the total number of detected species was higher for observational data, the rate of species-detection per sampling day was higher for DNA metabarcoding. These results suggest that a combination of both methods is required in order to obtain the most accurate account of the total diversity of the diet of a bird species. The ability of reintroduced macaws to successfully exploit local food resources throughout the year indicates a good level of adjustment to the release site, an important step towards the creation of a stable, self-sustaining population of Red-and-Green Macaws in Northern Argentina. Lay Summary center dot The Red-and-Green Macaw reintroduction project aims to restore this species to Argentina, where it is locally extinct. To assess if reintroduced macaws are successfully adapting to life in the wild, we studied their foraging habits at the Ibera National Park. We observed what birds ate and analyzed their feces with a molecular tool to detect traces of the plants they had consumed. center dot Macaws fed from a large diversity of food items, exhibiting a flexible diet that varied with fruit availability in different months. A combination of both methods was required to obtain the most accurate account of the total diversity of the diet of a species. center dot The reintroduced macaws were able to successfully locate and exploit food resources throughout the year in the wild, indicating a good level of adjustment to the release site."
Combining phylogenetic and demographic inferences to assess the origin of the genetic diversity in an isolated wolf population,"The survival of isolated small populations is threatened by both demographic and genetic factors. Large carnivores declined for centuries in most of Europe due to habitat changes, overhunting of their natural prey and direct persecution. However, the current rewilding trends are driving many carnivore populations to expand again, possibly reverting the erosion of their genetic diversity. In this study we reassessed the extent and origin of the genetic variation of the Italian wolf population, which is expanding after centuries of decline and isolation. We genotyped wolves from Italy and other nine populations at four mtDNA regions (control-region, ATP6, COIII and ND4) and 39 autosomal microsatellites. Results of phylogenetic analyses and assignment procedures confirmed in the Italian wolves a second private mtDNA haplotype, which belongs to a haplogroup distributed mostly in southern Europe. Coalescent analyses showed that the unique mtDNA haplotypes in the Italian wolves likely originated during the late Pleistocene. ABC simulations concordantly showed that the extant wolf populations in Italy and in south-western Europe started to be isolated and declined right after the last glacial maximum. Thus, the standing genetic variation in the Italian wolves principally results from the historical isolation south of the Alps."
Integrating animal tracking datasets at a continental scale for mapping Eurasian lynx habitat,"Aim The increasing availability of animal tracking datasets collected across many sites provides new opportunities to move beyond local assessments to enable detailed and consistent habitat mapping at biogeographical scales. However, integrating wildlife datasets across large areas and study sites is challenging, as species' varying responses to different environmental contexts must be reconciled. Here, we compare approaches for large-area habitat mapping and assess available habitat for a recolonizing large carnivore, the Eurasian lynx (Lynx lynx).LocationEurope.Methods We use a continental-scale animal tracking database (450 individuals from 14 study sites) to systematically assess modelling approaches, comparing (1) global strategies that pool all data for training versus building local, site-specific models and combining them, (2) different approaches for incorporating regional variation in habitat selection and (3) different modelling algorithms, testing nonlinear mixed effects models as well as machine-learning algorithms.Results Testing models on training sites and simulating model transfers, global and local modelling strategies achieved overall similar predictive performance. Model performance was the highest using flexible machine-learning algorithms and when incorporating variation in habitat selection as a function of environmental variation. Our best-performing model used a weighted combination of local, site-specific habitat models. Our habitat maps identified large areas of suitable, but currently unoccupied lynx habitat, with many of the most suitable unoccupied areas located in regions that could foster connectivity between currently isolated populations.Main Conclusions We demonstrate that global and local modelling strategies can achieve robust habitat models at the continental scale and that considering regional variation in habitat selection improves broad-scale habitat mapping. More generally, we highlight the promise of large wildlife tracking databases for large-area habitat mapping. Our maps provide the first high-resolution, yet continental assessment of lynx habitat across Europe, providing a consistent basis for conservation planning for restoring the species within its former range."
Prerequisites for coexistence: human pressure and refuge habitat availability shape continental-scale habitat use patterns of a large carnivore,"ContextAdjustments in habitat use by large carnivores can be a key factor facilitating their coexistence with people in shared landscapes. Landscape composition might be a key factor determining how large carnivores can adapt to occurring alongside humans, yet broad-scale analyses investigating adjustments of habitat use across large gradients of human pressure and landscape composition are lacking.ObjectivesHere, we investigate adjustments in habitat use by Eurasian lynx (Lynx lynx) in response to varying availability of refuge habitats (i.e., forests and rugged terrain) and human landscape modification.MethodsUsing a large tracking dataset including 434 individuals from seven populations, we assess functional responses in lynx habitat use across two spatial scales, testing for variation by sex, daytime, and season.ResultsWe found that lynx use refuge habitats more intensively with increasing landscape modification across spatial scales, selecting forests most strongly in otherwise open landscapes and rugged terrain in mountainous regions. Moreover, higher forest availability enabled lynx to place their home ranges in more human-modified landscapes. Human pressure and refuge habitat availability also shaped temporal patterns of lynx habitat use, with lynx increasing refuge habitat use and reducing their use of human-modified areas during periods of high exposure (daytime) or high vulnerability (postnatal period) to human pressure.ConclusionsOur findings suggest a remarkable adaptive capacity of lynx towards human pressure and underline the importance of refuge habitats across scales for enabling coexistence between large carnivores and people. More broadly, we highlight that the composition of landscapes determines how large carnivores can adapt to human pressure and thus play an important role shaping large carnivore habitat use and distributions."
The rhythm of the night: patterns of activity of the European wildcat in the Italian peninsula,"The European wildcat is a threatened carnivore, whose ecology is still scarcely studied, especially in Mediterranean areas. In this study, we estimated activity rhythm patterns of this felid, by means of camera-trapping at three spatial scales: (i) whole country (Italy); (ii) biogeographical areas; (iii) latitudinal zones. The activity rhythms patterns were also calculated according to temporal scales: (1) warm semester; (2) cold semester and (3) seasonal scales. Lastly, we also tested whether the effect of moon phases affected the wildcat activity. We conducted the analysis on a total of 975 independent events collected in 2009-2021, from 285 locations, in 65,800 camera days. We showed that the wildcat in Italy exhibits a > 70% nocturnal behaviour, with 20% of diurnal activity, at all spatial scales, and throughout the whole year, with peaks at 10.00 p.m. and 04.00 a.m. We observed a high overlap of wildcat activity rhythms between different biogeographical and latitudinal zones. The wildcat was mainly active on the darkest nights, reducing its activity in bright moonlight nights. Diurnal activity was greater in the warm months and decreased with the distance from shrubs and woodlands, most likely according to activity rhythms of its main prey, water presence in summer, the care of offspring and the availability of shelter sites. Conversely, the distance to paved roads seems to have no significant effects on diurnal activity, suggesting that, in presence of natural shelters, the wildcat probably may tolerate these infrastructures. We suggested limited plasticity in activity rhythm patterns of the wildcat, emphasizing the importance of dark hours for this species."
Human disturbance is the most limiting factor driving habitat selection of a large carnivore throughout Continental Europe,"Habitat selection is a multi-scale process driven by trade-offs between benefits, such as resource abundance, and disadvantages, such as the avoidance of risk. The latter includes human disturbances, to which large carnivores, with their large spatial requirements, are especially sensitive. We investigated the ecological processes underlying multi-scale habitat selection of a large carnivore, namely Eurasian lynx, across European landscapes characterized by different levels of human modification. Using a unique dataset of 125 lynx from 9 study sites across Europe, we compared used and available locations within landscape and home-range scales using a novel Mixed Effect randomForest approach, while considering environmental predictors as proxies for human disturbances and environmental resources. At the landscape scale, lynx avoided roads and human settlements, while at the home-range scale natural landscape features associated with shelter and prey abundance were more important. The results showed sex was of relatively low variable importance for lynx's general habitat selection behaviour. We found increasingly homogeneous responses across study sites with finer selection scales, suggesting that study site differences determined coarse selection, while utilization of resources at the finer selection scale was broadly universal. Thereby describing lynx's requirement, if not preference, for heterogeneous forests and shelter from human disturbances and implying that regional differences in coarse-scale selection are driven by availability rather than preference. These results provide crucial information for conserving this species in human-dominated landscapes, as well as for the first time, to our knowledge, generalising habitat selection behaviour of a large carnivore species at a continental scale."
Mapping out a future for ungulate migrations,"Migration of ungulates (hooved mammals) is a fundamental ecological process that promotes abundant herds, whose effects cascade up and down terrestrial food webs. Migratory ungulates provide the prey base that maintains large carnivore and scavenger populations and underpins terrestrial biodiversity (fig. S1). When ungulates move in large aggregations, their hooves, feces, and urine create conditions that facilitate distinct biotic communities. The migrations of ungulates have sustained humans for thousands of years, forming tight cultural links among Indigenous people and local communities. Yet ungulate migrations are disappearing at an alarming rate (1). Efforts by wildlife managers and conservationists are thwarted by a singular challenge: Most ungulate migrations have never been mapped in sufficient detail to guide effective conservation. Without a strategic and collaborative effort, many of the world's great migrations will continue to be truncated, severed, or lost in the coming decades. Fortunately, a combination of animal tracking datasets, historical records, and local and Indigenous knowledge can form the basis for a global atlas of migrations, designed to support conservation action and policy at local, national, and international levels."
Identifying urban rewilding opportunity spaces in a metropolis: Chongqing as an example,"The worldwide urbanization has resulted in a massive loss of natural habitats, which is threatening biodiversity and socio-ecological sustainability. Urban rewilding is a strategy aiming to restore the complexity, autonomy and self-sustainability of urban ecosystems by interlinking ecological processes while minimizing or gradually reducing human disturbances. The benefits of urban rewilding are widely acknowledged; however, there remains a knowledge gap concerning the identification of suitable locations for urban rewilding and the methodologies for assessing the rewilding potential of urban areas. In this study, we proposed an approach that can be used to accurately identify urban rewilding opportunity spaces (UROS, the existing wildness areas and spaces offering ecological conditions conducive to the establishment of new urban wildness), by integrating data on spatial heterogeneity, biodiversity and human disturbance. UROS in Chongqing, China was evaluated and mapped at the city-wide scale, with a subsequent validation of the UROS results through an assessment of species richness of spontaneous herbaceous communities, which serve as the pioneer species in rewilding processes. The results revealed a positive correlation between high-scoring UROS and increased species richness of spontaneous herbs, thus confirming the feasibility of the UROS assessment method. Eleven primary types of UROS were identified, with the majority displaying scattered or linear distributions. Most very high-scoring UROS are characterized by expansive woodland expanses situated on the outskirts of high-density built-up areas and substantial water bodies within the built-up urban areas. Notably, nearly half of the UROS encompass areas of 900 m2 or less, underscoring the importance of urban rewilding initiatives targeting not only the preservation of extensive UROS with robust connectivity but also the revitalization of fragmented UROS with limited areas situated within central urban regions. The methodology is applicable to offer insights and spatial guidance in the execution of urban rewilding initiatives and biodiversity conservation efforts, contributing to sustainable regional development in the context of rapid urbanization. © 2024 The Author(s)"
Mini Safe Havens for population recovery and reintroductions ‘beyond-the-fence’,"In response to the ongoing decline of fauna worldwide, there has been growing interest in the rewilding of whole ecosystems outside of fenced sanctuaries or offshore islands. This interest will inevitably result in attempts to restore species where eliminating threats from predators and competitors is extremely challenging or impossible, or reintroductions of predators that will increase predation risk for extant prey (i.e., coexistence conservation). We propose ‘Mini Safe Havens’ (MSHs) as a potential tool for managing these threats. Mini Safe Havens are refuges that are permanently permeable to the focal species; allowing the emigration of individuals while maintaining gene flow through the boundary. Crucial to the effectiveness of the approach is the ongoing maintenance and monitoring required to preserve a low-to-zero risk of key threats within the MSH; facilitating in-situ learning and adaptation by focal species to these threats, at a rate and intensity of exposure determined by the animals themselves. We trialled the MSH approach for a pilot reintroduction of the Australian native New Holland mouse (Pseudomys novaehollandiae), in the context of a trophic rewilding project to address potential naïveté to a reintroduced native mammalian predator. We found that mice released into a MSH maintained their weight and continued to use the release site beyond 17 months (525 days) post-release. In contrast, individuals in temporary soft-release enclosures tended to lose weight and became undetectable approximately 1-month post-release. We discuss the broad applicability of MSHs for population recovery and reintroductions ‘beyond-the-fence’ and recommend avenues for further refinement of the approach. © 2022, The Author(s)."
"Prospects, challenges and perspectives in harnessing natural selection to solve the ‘varroa problem’ of honey bees","Honey bees, Apis mellifera, of European origin are major pollinators of crops and wild flora. Their endemic and exported populations are threatened by a variety of abiotic and biotic factors. Among the latter, the ectoparasitic mite Varroa destructor is the most important single cause behind colony mortality. The selection of mite resistance in honey bee populations has been deemed a more sustainable solution to its control than varroacidal treatments. Because natural selection has led to the survival of some European and African honey bee populations to V. destructor infestations, harnessing its principles has recently been highlighted as a more efficient way to provide honey bee lineages that survive infestations when compared with conventional selection on resistance traits against the parasite. However, the challenges and drawbacks of harnessing natural selection to solve the varroa problem have only been minimally addressed. We argue that failing to consider these issues could lead to counterproductive results, such as increased mite virulence, loss of genetic diversity reducing host resilience, population collapses or poor acceptance by beekeepers. Therefore, it appears timely to evaluate the prospects for the success of such programmes and the qualities of the populations obtained. After reviewing the approaches proposed in the literature and their outcomes, we consider their advantages and drawbacks and propose perspectives to overcome their limitations. In these considerations, we not only reflect on the theoretical aspects of host–parasite relationships but also on the currently largely neglected practical constraints, that is, the requirements for productive beekeeping, conservation or rewilding objectives. To optimize natural selection-based programmes towards these objectives, we suggest designs based on a combination of nature-driven phenotypic differentiation and human-directed selection of traits. Such a dual strategy aims at allowing field-realistic evolutionary approaches towards the survival of V. destructor infestations and the improvement of honey bee health. © 2023 The Authors. Evolutionary Applications published by John Wiley & Sons Ltd."
Reintroducing bison to Banff National Park – an ecocultural case study,"The reintroduction of extirpated species is a frequent tactic in rewilding projects because of the functional role species play in maintaining ecosystem health. Despite their potential to benefit both ecosystems and society, however, most well-known species reintroductions have adopted an eco-centric, “nature-in-people-out” approach. Rewilding theory and practitioners acknowledge that ignoring the role Indigenous people did and might once again play in shaping the distribution, abundance, movements, behavior, and health of wild species and ecosystems, is limiting. In this case study, we describe the technical steps we took and how Indigenous knowledge, ceremony, and cultural monitoring were woven into the recent reintroduction of plains bison to Canada’s Banff National Park. Six years later, the reintroduced bison herd has grown from 16 to >100 animals, ranges mostly within 30 km of the release site, and, if current growth continues, will likely be managed with Indigenous harvesting. Transboundary bison policy differences are shifting and may lead to bison being more sustainable. The ecocultural approach, therefore, has increased the resilience of our rewilding project. Copyright © 2023 Heuer, Farr, Littlebear and Hebblewhite."
Biodiversity in the Lyme-light: ecological restoration and tick-borne diseases in Europe,"Biodiversity loss and the emergence of zoonotic diseases are two major global challenges. An urgent question is how ecosystems and wildlife communities can be restored whilst minimizing the risk of zoonotic diseases carried by wildlife. Here, we evaluate how current ambitions to restore Europe's natural ecosystems may affect the hazard of diseases vectored by the tick Ixodes ricinus at different scales. We find that effects of restoration efforts on tick abundance are relatively straightforward but that the interacting effects of vertebrate diversity and abundance on pathogen transmission are insufficiently known. Long-term integrated surveillance of wildlife communities, ticks, and their pathogens is needed to understand their interactions and to prevent nature restoration from increasing tick-borne disease (TBD) hazard. © 2023 Elsevier Ltd"
Long-term monitoring of mammal communities in the Peneda-Gerês National Park using camera-trap data,"Background In the past decades, agricultural land abandonment and declining land-use intensity became common, especially in the Mediterranean countries of southern Europe. In some areas, this development opened up possibilities for rewilding and the recolonisation or expansion of large mammal populations. Yet, in some instances, co-occurrence of wild mammals and free-ranging domestic herbivores might lead to potential conflicts. It is, therefore, necessary to study the ecological interactions between wild and domestic mammal species to understand the effects of land abandonment and rewilding on biodiversity and ecosystem services. Camera traps are an effective tool for studying species interactions and occupancy dynamics as they allow for long-term monitoring with minimal interference. We conducted a long-term monitoring programme with camera traps in the Peneda-Gerês National Park in northern Portugal. The area has undergone substantial land-use changes following the abandonment of agricultural areas in the past 60 years. While agro-pastoral activities, especially the breeding of free-ranging horses and cattle, are still common in the area, the intensity of these activities has decreased significantly, promoting natural succession and an increase or return of several large mammal species in recent years. Overall, our project aims at: (1) assessing the population trends of the medium and large sized mammals in the area over time; (2) analysing the effects of passive rewilding on occurrence, abundance and behaviour; and (3) understanding potential interactions or conflicts between wild and domestic herbivores. In this publication, we present results of a primary occupancy analysis between 2015 and 2020, as well as a comparison between occupancy and density estimates for 2019. © Zuleger A et al. This is an open access article distributed under the terms of the Creative Commons Attribution License (CC BY 4.0), which permits unrestricted use, distribution, and reproduction in any medium, provided the original author and source are credited."
Habitat use by semi-feral Konik horses on wetlands—three-year GPS study,"Free-ranging grazers are increasingly being introduced to areas of high natural value, such as wetlands. There is also growing attention that has been paid to the historical role of herbivores in shaping ecosystems and landscapes. Even though studies on the grazing of free-range horses were carried out in different regions and climates, still little is known about their habitat selection on heterogeneous marshy areas in the temperate region of Europe. The aim of this study was to investigate the habitat use by contemporary Konik horses during the growing season on the basis of three-year GPS data for a semi-feral herd kept on wetlands. Almost 68% of the occurrence of Konik horses were in open habitats. The assessment of habitat selection by the horses confirmed their strong preferences for grasslands on mid-forest dunes and forest avoidance. Konik horses somewhat preferred mowed fen meadows, but the animals displayed differences in the selection of habitat, probably depending on its humidity and weather conditions in a given year which may limit the role of grazing in protecting these communities. Horses need different habitats in wetlands such as fen meadows, forest, and grasslands on the mineral hills. This should be taken into consideration for landscape management in areas where the introduction of wild or semi-wild horse populations is planned. © 2023, The Author(s)."
Alternative vegetation trajectories through passive habitat rewilding: opposite effects for animal conservation,"Context: Passive habitat rewilding after rural abandonment can affect wildlife differently depending on the type of habitats that it generates. Objective: Evaluate and compare the effects of two alternative vegetation trajectories that occur through passive habitat rewilding in Mediterranean ecotone areas (crop-scrub and crop-pine forest transitions) on the long-term population dynamics of animal species. Methods: We used the spur-thighed tortoise (Testudo graeca), a characteristic long-lived species of cultural landscapes, as study species. We applied a spatially explicit and individual-based model (STEPLAND) to simulate the movement and demographic processes in a long-term period, by comparing an “impact scenario” (i.e., historical land-use changes) to a “control scenario” (no land-use changes). Results: The two landscape scenarios resulted in different population trends. In the crop-scrub scenarios (control and impact), population densities increased similarly over time. However, the crop-pine forest scenario negatively affected population density throughout the simulation period, and showed a time-lag response of three decades. The extinction risk was 55% with a time-lag response of approximately 110 years. Conclusions: Our study highlights the need to analyse the legacy effects on long-lived ectotherms, using them as a proxy to understand the future effects of dynamic landscapes created by “passive habitat rewilding”. Our results showed how traditional agriculture in Mediterranean ecotone areas may generate “ecotone effects” (i.e. increase in demographical parameters), but also population extinction on long-lived ectotherms. Therefore, we consider it relevant to maintain traditional agricultural areas in Mediterranean landscapes, especially in ecotone areas associated with pine forests (generating mosaics with open habitats). © The Author(s) 2024."
Wildfires in the Chornobyl exclusion zone—Risks and consequences,"Following the 1986 Chornobyl accident, an area approaching 5000 km2 surrounding the nuclear plant was abandoned, creating the Chornobyl exclusion zone (CEZ). Although this area likely contains the most radioactive terrestrial ecosystem on earth, the absence of humans and associated activities for nearly 35 years since the accident has resulted in increases in wildlife numbers. Both the Belarussian and Ukrainian components of the CEZ are now designated as nature reserves; together they form one of Europe's largest protected areas and have been described as an iconic example of rewilding. Forests and former agricultural land (now scrub) dominate the CEZ and wildfires are an annual event. In April 2020, the CEZ suffered its most widespread fires to date when greater than 800 km2 of the 2600 km2 Ukrainian portion of the CEZ was burnt. Large-scale fires in the CEZ have implications for wildlife, as they do elsewhere, but they also pose additional radioecological and radiological protection questions. We discuss the implications of wildfires in the CEZ, considering effects on wildlife and changes in radionuclide mobility. We also demonstrate that the risk to firefighters and the wider public from the inhalation of radionuclides in smoke resulting from fires in the CEZ is likely to be low. However, further experimental and modeling work to evaluate potential doses to firefighters from inhaled radioactive particles would be valuable, not least for reassurance purposes. Integr Environ Assess Manag 2021;17:1141–1150 © 2021 The Authors. Integrated Environmental Assessment and Management published by Wiley Periodicals LLC on behalf of Society of Environmental Toxicology & Chemistry (SETAC). © 2021 The Authors. Integrated Environmental Assessment and Management published by Wiley Periodicals LLC on behalf of Society of Environmental Toxicology & Chemistry (SETAC)"
"Plant assemblages and ecosystem functioning, a legacy of long-term interactions with large herbivores","This chapter first highlights how large herbivores shape local plant assemblages, as ecosystem dominant interactors. It then explains how ecologists overcame methodological challenges and made it possible to monitor the effects of large herbivores at different spatial scales over the long-term. The chapter also summarizes the hypotheses related to how they shaped the ecosystems during the Late Pleistocene and Holocene, and reveals their role in more current temporal vegetation dynamics, including legacy effects, at the population and community levels. Legacy effects have been revealed in different studies, proving that plant communities maintain a memory of the previous herbivory events that have shaped their trajectories. Finally, the chapter mentions passive and active rewilding dynamics, and the role large herbivores play in species and ecosystem conservation and in degraded ecosystem restoration in a context of global change. © ISTE Ltd 2022."
Intensive agriculture as the main limiting factor of the otter's return in southwest France,"Rewilding has become a new paradigm to promote the natural recovery of many flagship species, including large carnivores. A better understanding of the factors that drive rewilding processes would allow predicting these in order to support them where desirable. Yet large-scale assessments of the factors that favor or limit mammal populations of conservation concern remain rare in Europe. This study sought to monitor changes in Eurasian otter (Lutra lutra) occupation over the years to identify the factors limiting its recolonization. To this end, we monitored otter signs and spraints over 1238 sampling sites in southwest France from 2003 to 2005 and then over 615 sites in 2011–2012. We modeled this dataset in a multi-season occupancy framework using biotic and abiotic covariates identified as potentially affecting otter detection, distribution and/or colonization rates. As otters are a cryptic and mobile mammal, we integrated detection probability and spatial autocorrelation (contagion) into the modeling design. Otter occurrence was detected at 31 % of the sites surveyed in 2003–2005 and 37 % of the sites surveyed in 2011–2012. Occupancy and colonization probabilities were strongly negatively correlated to the proportion of cultivated areas. Contagion covariates interacted strongly with other variables. These results suggest that, despite its recent colonization, the otter population in southwest France is still constrained in its expansion, notably by intensive agriculture. Natura 2000 schemes should incorporate rewilding approaches to further potentiate the colonization of this flagship species. Actions should focus on the conservation of natural riparian habitats and promote organic agriculture. © 2023 Elsevier Ltd"
South Africa’s private wildlife ranches protect globally significant populations of wild ungulates,"Reversing biodiversity loss is a global imperative that requires setting aside sufficient space for species. In South Africa, an estimated area of 20 million ha is under wildlife ranching, a form of private land enterprise that adopts wildlife-based land uses for commercial gain. This land has potential to contribute towards biodiversity conservation, but the extent to which this occurs has not been evaluated. Using structured questionnaires of 226 wildlife ranchers, we assessed how the sector contributes towards the conservation of ungulates and elephants (hereafter herbivores). Overall, 40 herbivore species were present across the sample, where individual ranches had a mean of 15.0 (± 4.8) species, 1.9 (± 1.5) threatened species, and 3.6 (± 3.1) extralimital species per property. In comparison to 54 state PAs, wildlife ranches had significantly higher species richness, more threatened species but more extralimital species when property/reserve size was controlled for. Ranches conducting trophy hunting had similar species richness and numbers of extralimital species per ha, but fewer threatened species when compared to ranches conducting ecotourism. We estimate that 4.66–7.25 million herbivores occur on ranches nationally, representing one of the few examples on earth where indigenous mammal populations are thriving and demonstrating how sustainable use can lead to rewilding. We discuss the potential negative impacts of widespread game fencing on landscape fragmentation and gene flow, as well as how the widespread occurrence of extralimital species may lead to hybridisation, biotic homogenisation, and changes to vegetation dynamics. Despite these challenges, commercial wildlife ranching offers a viable option for conserving large mammalian herbivore biodiversity. © 2021, The Author(s), under exclusive licence to Springer Nature B.V."
Spatial patterns of rice paddy microbial communities and the associated drivers in Qianjiangyuan National Park system pilot,"Aims: The establishment of national parks is crucial in protecting the integrity of natural ecosystems and biodiversity. As one of the first ten pilots, the Qianjiangyuan National Park system pilot (hereafter referred to as Qianjiangyuan) has developed the easement-inspired adaptive management and achieved remarkable outcomes. However, it remains unclear how this creative management might influence the soil microorganisms and systematic evaluation is in need. Methods: We took Qianjiangyuan as the study area and collected surface soils from rice paddies in the different districts and under different management types. Four management types were included, namely, reformed land within the park, abandoned land within the park, unreformed land within the park, and unreformed land outside the park. We employed high-throughput sequencing techniques to characterize the community composition and structure of both bacteria and fungi. We then analyzed the driving forces behind the spatial patterns of bacterial and fungal communities. Results: Compared to the other three types of lands, contents of soil nitrogen and phosphorus and heavy metals were relatively low in the abandoned land, but they were similar in the other three types. The bacterial communities were dominated by Proteobacteria (48.57%) and Acidobacteria (31.62%), while the fungal communities were dominated by Ascomycota (78.31%) and Basidiomycota (16.28%). Bacterial communities varied largely in lands under different management types, with significant difference between abandoned land and other three types, while the other three types were similar. Fungal communities showed slight variation, with significant difference being identified only between abandoned land and outside unreformed land. We found significant correlation between soil environmental factors and spatial variation of bacterial communities. The most important five factors driving bacterial spatial patterns were pH, chromium, total nitrogen, available phosphorus, and organic matter. However, no significant correlation was detected between fungal communities and soil environmental factors. Analysis of neutral community models found that neutral processes played an important role in the spatial distribution of both bacterial and fungal communities. Conclusion: Based on current findings, we conservatively conclude that no significant impacts have been produced by land reforming policy so far. In contrast, the abandoned land may have begun rewilding. Therefore, long-term monitoring is needed to comprehensively assess whether and how ecological protection easement will impact the recovery of rice soils. © 2023, Chinese Academy of Sciences. All rights reserved."
Predation risk can modify the foraging behaviour of frugivorous carnivores: Implications of rewilding apex predators for plant–animal mutualisms,"Apex predators play key roles in food webs and their recovery can trigger trophic cascades in some ecosystems. Intra-guild competition can reduce the abundances of smaller predators and perceived predation risk can alter their foraging behaviour thereby limiting seed dispersal by frugivorous carnivores. However, little is known about how plant–frugivore mutualisms could be disturbed in the presence of larger predators. We evaluated the top-down effect of the regional superpredator, the Iberian lynx Lynx pardinus, on the number of visits and fruits consumed by medium-sized frugivorous carnivores, as well as the foraging behaviour of identified individuals, by examining the consumption likelihood and the foraging time. We carried out a field experiment in which we placed Iberian pear Pyrus bourgaeana fruits beneath fruiting trees and monitored pear removal by frugivorous carnivores, both inside and outside lynx ranges. Using camera traps, we recorded the presence of the red fox Vulpes vulpes, the Eurasian badger Meles meles and the stone marten Martes foina, as well as the number of fruits they consumed and their time spent foraging. Red fox was the most frequent fruit consumer carnivore. We found there were fewer visits and less fruit consumed by foxes inside lynx ranges, but lynx presence did not seem to affect badgers. We did not observe any stone marten visits inside lynx territories. The foraging behaviour of red foxes was also altered inside lynx ranges whereby foxes were less efficient, consuming less fruit per unit of time and having shorter visits. Local availability of fruit resources, forest coverage and individual personality also were important variables to understand visitation and foraging in a landscape of fear. Our results show a potential trophic cascade from apex predators to primary producers. The presence of lynx can reduce frugivorous carnivore numbers and induce shifts in their feeding behaviour that may modify the seed dispersal patterns with likely consequences for the demography of many fleshy-fruited plant species. We conclude that knowledge of the ecological interactions making up trophic webs is an asset to design effective conservation strategies, particularly in rewilding programs. © 2022 The Authors. Journal of Animal Ecology published by John Wiley & Sons Ltd on behalf of British Ecological Society."
"Rapid colonisation, breeding and successful recruitment of eastern barn flowls (Tyto alba delicatula) using a customised wooden nest box in remnant mallee cropping areas of southern Yorke Peninsula, South Australia","Context: The introduced house mouse (Mus domesticus) causes significant economic damage to Australia's agricultural enterprises. As part of the Marna Banggara Rewilding Project on the southern Yorke Peninsula (SYP), the present study focused on the eastern barn owl (Tyto alba delicatula) as a potential bio-controller of mice, by providing nesting spaces where natural hollows are limited. Aims: To design an appropriate pole-mounted wooden nest box, and to enhance barn-owl-breeding and house-mouse-hunting capacity on farmland adjacent to remnant native vegetation. Methods: A prototype nest box was collaboratively designed with a nest box manufacturer using data from previous barn owl studies and anecdotal reports. Eleven pole-mounted wooden boxes with platforms were installed at distances >1.4 km apart on properties near Warooka, southern Yorke Peninsula (SYP), and monitored over a 6-month period using external trail cameras. Key results: Of the 11 nest boxes installed, 55 percent were colonised within a month after establishment, and 82 percent were colonised within 7 months. Occupied nest boxes were actively used by paired flowls for mating, breeding and rearing of chicks, which resulted in up to 35 fledgling owlets. Conclusions: The nest box design successfully supported eastern barn owl colonisation and reproduction on the SYP. The inclusion of the platform not only provided easy, minimally invasive monitoring of barn owl activity and prey intake by researchers, but also increased usable space for barn owl behaviours, such as copulation and wing flapping. Implications: The important nest box design elements featured in this paper, such as the platform, high entrance hole, predator-proof pole and rear door access, can be implemented in barn owl conservation, research and on farms where alternative nesting sites are limited. © 2021 CSIRO."
Rewilding by large ungulates contributes to organic carbon storage in soils,"The concept of rewilding, which focuses on managing ecosystem functions through self-regulation by restoring trophic interactions through introduced animal species with little human intervention, has gained increasing attention as a proactive and efficient approach to restoring ecosystems quickly and on a large scale. However, the science of rewilding has been criticized for being largely theory-based rather than evidence-based, with available data being geographically biased towards the Netherlands and Scandinavian countries, and a lack of objective data on rewilding effects on soil processes and C sequestration. In response to a call for data-driven experimental rewilding projects focused on national contexts, we collected unique data on the effects of large herbivore rewilding on soil properties from eight sites in the Czech Republic. These include sites with a wide range of edaphic characteristics that were grazed by Exmoor ponies, European bison, and back-bred Bos primigenius cattle (singly or in combination) for 2–6 years on areas ranging from ≈30 to ≈250 ha. Despite the relatively short duration of rewilding actions and considerable variability in the response rate of soil properties to grazing, our results indicate improved nutrient availability (evidenced by higher nitrification rate or higher soluble nitrogen concentration) and accelerated ecosystem metabolism (higher soil microbial biomass and dissolved carbon content). On longer-grazed pastures, rewilding contributed to soil carbon sequestration associated with increased water holding capacity and improved soil structure. However, other soil properties (reduced dissolved P concentration or total P content) showed signs of low P availability in the soils of the rewilding sites. Therefore, carcass retention should be considered where possible. Our data, although limited in number and geographic coverage, allow us to conclude that large ungulate rewilding has the potential to enhance soil carbon sequestration and related ecosystem services in rewilding areas. At the same time, we urge similar monitoring as an essential part of other rewilding projects, which will ultimately allow much more robust conclusions about the effects of this management on soils. © 2024 Elsevier Ltd"
Climate regulation ecosystem services and biodiversity conservation are enhanced differently by climate-and fire-smart landscape management,"The implementation of climate-smart policies to enhance carbon sequestration and reduce emissions is being encouraged worldwide to fight climate change. Afforestation practices and rewilding initiatives are climate-smart examples suggested to tackle these issues. In contrast, fire-smart approaches, by stimulating traditional farmland activities or agroforestry practices, could also assist climate regulation while protecting biodiversity. However, there is scarce information concerning the potential impacts of these alternative land management strategies on climate regulation ecosystem services and biodiversity conservation. As such, this work simulates future effects of different land management strategies in the Transboundary Biosphere Reserve of Meseta Ibérica (Portugal-Spain). Climate-smart ('Afforestation', 'Rewilding') and fire-smart ('Farmland recovery', 'Agroforestry recovery') scenarios were modelled over a period of 60 years (1990-2050), and their impacts on climate regulation services were evaluated. Species distribution models for 207 vertebrates were built and future gains/losses in climate-habitat suitability were quantified. Results suggest climate-smart policies as the best for climate regulation (0.98 Mg C ha-1 yr-1 of mean carbon sequestration increase and 6801.5 M€ of avoided economic losses in 2020-2050 under Afforestation scenarios), while providing the largest habitat gains for threatened species (around 50% for endangered and critically endangered species under Rewilding scenarios). Fire-smart scenarios also benefit carbon regulation services (0.82 Mg C ha-1 yr-1 of mean carbon sequestration increase and 3476.3 M€ of avoided economic losses in 2020-2050 under Agroforestry scenarios), benefiting the majority of open-habitat species. This study highlights the main challenges concerning management policies in European rural mountains, while informing decision-makers regarding landscape planning under global change.  © 2022 The Author(s). Published by IOP Publishing Ltd."
"Monitored Release of Smooth-Coated Otters (Lutrogale Perspicillata) in Angkor Archeological Park, Siem Reap, Cambodia","A family of smooth-coated otters (Lutrogale perspicillata) from Phnom Tamao Wildlife Rescue Center (PTWRC), Takeo, Cambodia, was reintroduced into the Angkor Archeological Park, Siem Reap, Cambodia, following IUCN Reintroduction Guidelines. Protocols included pre-release site surveys, candidate selection, health checks, rehabilitation and training, followed by acclimatization at the release site and post-release supplementary feeding and daily monitoring to ensure the continued survival and welfare of the released otters. The family, composing one male, one female and three offspring, was transported from PTWRC to a previously prepared release enclosure within the protected forest surrounding the Angkor Archeological Park for acclimatization. Following the death of two offspring due to eating poisonous toad eggs within the prerelease enclosure, the surviving three otters were released. The remaining juvenile disappeared approximately three weeks later, shortly after which the adult pair produced two pups. The family of four continues to survive, now six months after their release. © 2021. All Rights Reserved"
Long-term vegetation trajectories to inform nature recovery strategies: The Greater Côa Valley as a case study,"Active and passive approaches to rewilding and ecological restoration are increasingly considered to promote nature recovery at scale. However, historical data on vegetation trajectories have rarely been used to inform decisions on whether active or passive management is most appropriate to aid recovery of a specific ecosystem, which can lead to sub-optimal approaches being deployed and reduced biodiversity benefits. To demonstrate how understanding past changes can inform future management strategies, this study used satellite remote sensing data to analyse the changes in land cover and primary productivity within the Greater Côa Valley in Portugal, which has experienced wide-scale land abandonment. Results show that some areas in the Valley regenerated well following land abandonment in the region, leading to a more heterogeneous landscape of habitats for wildlife, whereas in other areas passive recovery was slow. As Rewilding Portugal intensifies its nature recovery efforts in the region, this study calls for strategic deployment of passive and active approaches to maximise conservation benefits. More broadly, our results highlight how baseline vegetational trajectories and contextual information can help inform whether active or passive management approaches may be suitable on a site-by-site basis for both rewilding and restoration projects. © 2024 The Authors"
Rewilding tourism in the news: Power/knowledge and the Irish and UK news media discourses,"This study investigates how complex power relations shape the knowledge about rewilding tourism produced by the news media in the Republic of Ireland and the United Kingdom. A multi-level Foucauldian discourse analysis with a socialist ecofeminist lens is adopted to evaluate online news articles about rewilding tourism across a 5-year period (2017–2022). By tracing the network of power relations across society, this micro-meso-macro-level discourse analysis reveals the discursive strategies, taken-for-granted norms, taboos, silences and subjugations shaping rewilding tourism knowledge. The results show how tourism is tapping into the growing public engagement with rewilding, while we fail to critically evaluate the long-term implications for future generations of the ‘green grabbing’ of land, primarily for the carbon credits market and incidental rewilding (eco)tourism. © 2023 The Author(s)"
Ecological cascades following trophic rewilding: A case of study with dung beetles in the Iberá wetlands of Argentina,"In the context of the biodiversity crisis, trophic rewilding became an important (but controversial) management practice to restore biological interactions and ecological processes. The success of this practice relies on the richness and abundance of other organisms, mainly invertebrates. In the Ibera wetlands of Argentina, a rewilding project reintroduced large herbivores locally extinct (the Tapir and Pampas deer, among others). Taking advantage of this project, we explored taxonomic and functional changes in dung beetle assemblages associated with replacing domestic livestock with native mammals. In five replicates, we sampled dung beetles with seven different baits, estimated temperature and grass eight and described landscape composition (forest and grassland cover). Through lineal and mixed models, NMDS and ANOSIM, we compared the taxonomic and functional dung beetle structure in both areas and explored the role of environmental variables. Trophic rewilding did not change dung beetle richness and the trophic structure of assemblages; however, it strongly modified the composition of species and their functional structure. Both areas shared 40 % of species. Species associated with cow dung (such as the exotic. D. gazella) became rare or disappeared in rewilded areas. Roller species dominated rewilded areas, whereas livestock areas exhibited a large abundance of burying species. The trophic rewilding changed dung beetle assemblages in the Iberá partially due to changes in the diversity of available dung but also on environmental conditions. Rewilding should include the medium and long-term evaluation of other taxa and ecological processes to quantify the conservation and functional value of species reintroduction. © 2024 Elsevier Ltd"
Rewilding and gazetting the Iberá National Park: Using an asset approach to evaluate project success,"The rising demand for natural resources increases the pressure on conservationists to justify the protection and restoration of biodiversity. However, the benefits of protected wild spaces to people are not always evident. In this study, we analyzed a rewilding and national park project in the Iberá Wetlands. We deployed the Protected Area Asset Framework to analyze how investments made by an international NGO in local products, resources and relationships developed new value-generating practices in the area. We also studied the resulting impact on local stakeholders' perceptions of the project. The results indicate that the NGO's investments have enhanced Iberá's perceived value, also of its less tangible assets such as its aesthetic beauty and cultural significance. This has generated a gradual shift in attitudes from widespread apprehension to increased local support for the new national park. The study contends that gaining local acceptance for protected areas may be facilitated by illuminating their diverse social, cultural and economic potential. The Asset Framework can be used to reveal values that emerge out of society's interaction with nature and help managers develop new and engaging narratives for conservation projects. The lessons provided by the Iberá project can inform management of protected areas in Argentina and elsewhere. © 2020 The Authors. Conservation Science and Practice published by Wiley Periodicals LLC on behalf of Society for Conservation Biology"
Conservation biogeography: Monitoring the status of earth’s biota,"The conservation biogeography section of the Elsevier’s Earth Systems and Environmental Science Module encompasses a wide range of articles concerned with the conservation of ecosystems and their constituent flora and fauna. Conservation biogeography takes into account the current geographic ranges and biogeographic histories of the species, biological communities and ecosystems, as these are critical elements in our understanding of the vulnerabilities of flora and fauna in the face of human-induced global change. © 2018 Elsevier Inc. All rights reserved."
Rewilding: Pitfalls and opportunities for moths and butterflies,"Small organisms provide the bulk of biodiversity. Here, we look at rewilding from their perspective. As an umbrella group for other terrestrial invertebrates, we focus on the diverse group of Lepidoptera. More specifically, we set out to explore their response to farmland abandonment. So far, studies have warned against farmland abandonment, which is for instance listed as one of the key threats to European butterfly diversity. Here, partly based on a case study within the Peneda mountain range, we argue (i) that the majority of Lepidoptera is to a greater or lesser extent forest-dependent, (ii) that effects on species composition should be considered at regional rather than smaller scales, and (iii) that habitat resource heterogeneity at multiple spatial scales is key. As such, we believe that rewilding does offer opportunities to Lepidoptera. However, we recommend rewilding not to be equalled to a hands-off approach, but rather to a goal-driven conservation management approach. It should monitor, and where necessary intervene to provide habitat heterogeneity at multiple spatial scales, in order to cater for the whole gradient of sedentary to mobile species. Given that sufficient levels of habitat heterogeneity are maintained, Lepidoptera are one of probably many taxa that are likely to benefit from rewilding processes on European marginal farmland. The resulting improved species composition will help achieve European species conservation targets. It may also lead to more viable populations of moths, butterflies and other invertebrates, which will foster more resilient food-webs and increased ecosystem functioning. © The Author(s) 2015."
From exploration to establishment: Activity changes of the first collared peccary (pecari tajacu) group reintroduced in South America,"Reintroduction has become an increasingly common approach for conservation of endangered species. However, reintroductions can be logistically challenging and expensive, with uncertain outcomes, making it a priority to establish effective post-release monitoring techniques. In northeastern Argentina, collared peccaries (Pecari tajacu) have been locally extinct for over 50 years. As part of a multi-species rewilding project, seven captive-born collared peccaries were released into Ibera Nature Reserve in 2015. Using radio telemetry and camera traps, we evaluated temporal changes in the peccaries’ post-release activity budget and activity patterns as indicators of reintroduction progress and potential establishment into the new area. Collared peccaries changed their activity budget and peak periods of activity towards a more natural pattern a year after release, from 30% to 49% foraging time and 18% to 2% traveling time. Our results highlight the potential of using activity budget assessments and camera trapping data to monitor the progress of introduced individuals and inform managers’ decision-making process after reintroductions. © 2019, Associazione Teriologica Italiana onlus. All rights reserved."
The use of cattle Bos taurus for restoring and maintaining holarctic landscapes: Conclusions from a long-term study (1946–2017) in northern England,"Cattle Bos taurus can perform valuable ecological functions in the maintenance of high nature value (HNV) pastoral systems. They have also attracted attention as potentially filling the ecological niches of megaherbivores, notably the extinct aurochs Bos primigenius, in rewilding initiatives. Native cattle breeds are recognized under the 1992 Rio Convention as components of biodiversity. They are used in HNV settings, but their conservation as breeds has rarely been an important consideration for their management in these contexts. The Chillingham herd has been kept under minimal management in Chillingham Park (northern England) for several centuries. Chillingham Park is not a rewilding scenario, but the long-term study of the cattle can be informative for the design of rewilding schemes that involve cattle as megaherbivores. The pastures of the park are species-rich seminatural grasslands. To 2004, pasture management was influenced by the need to provide herbage for a flock of sheep that was under separate ownership, as well as for the cattle. Surveys of the vegetation conducted in 1979 and 2006–2008 showed a decline of plant species richness (species per 100 m2 quadrat) from 33.8 in 1979 to 22.6 in 2006–2008. This was acceptable as the conservation priority has always been the cattle herd. With removal of the sheep from 2004, it became possible to include recovery of plant diversity as a management goal. In 2017, the cattle numbered 111 (64 in 1979). Plant species richness in 2017 had increased to 26.3 species per quadrat. It has therefore been possible at Chillingham both to conserve the cattle herd and to improve plant diversity. While providing basic information of relevance to the management of cattle in free-ranging situations, this study also suggests a general principle, that the management of pastoral landscapes by native breeds of cattle, can deliver multiple conservation benefits. © 2019 The Authors. Ecology and Evolution published by John Wiley & Sons Ltd."
Rethinking rewilding through multispecies justice,"Baker & Winkler's argument that some humans, especially some Indigenous peoples, neither conceive of themselves as ontologically distinct from nature, nor do they organize their lives as such, is an important one. However, one needs to understand how colonialism and global capitalism have drawn Indigenous peoples and animals into new political economies. The new situation and the constrained opportunities available may have introduced a range of injustices or forms of violence that did not previously exist. This commentary proposes how a multispecies justice lens might assist in evaluating the most just arrangement for all parties, human and non-human. © 2022 Animal Sentience. All rights reserved."
Rewilding Europe: A new form of natural heritage on the horizon?; [L'Europe ensauvagée : Émergence d'une nouvelle forme de patrimonialisation de la nature],"Rewilding Europe: A new form of natural heritage on the horizon? -This article takes stock of efforts to grant heritage status to nature that highlight ideas of of wildnerness, as well as proning the preservation of the spontaneity of biophysical processes along with reconquering of spaces with exceptional levels of naturality. Based on such an overview, we evaluate the degree of filiation between the North American and the more recent European concepts of wildnerness. We examine the European movement to promote wildnerness, notably key actors and modes of actions. Finally, we consider the political integration of the ideal construction of European wildnerness and various strategies to reconquer vast expanses of wildnerness. © Belin."
"Correction to: eDNA and metabarcoding for rewilding projects monitoring, a dietary approach (Mammalian Biology, (2020), 100, 4, (411-418), 10.1007/s42991-020-00032-y)","The original version of this article unfortunately contained a mistake. The Electronic Supplementary Material was missing in the online version. The ESM is available in the online version of this correction article. © 2020, Deutsche Gesellschaft für Säugetierkunde."
"Genetic assessments and parentage analysis of captive Bolson tortoises (Gopherus flavomarginatus) inform their ""rewilding"" in New Mexico","The Bolson tortoise (Gopherus flavomarginatus) is the first species of extirpated megafauna to be repatriated into the United States. In September 2006, 30 individuals were translocated from Arizona to New Mexico with the long-term objective of restoring wild populations via captive propagation. We evaluated mtDNA sequences and allelic diversity among 11 microsatellite loci from the captive population and archived samples collected from wild individuals in Durango, Mexico (n = 28). Both populations exhibited very low genetic diversity and the captive population captured roughly 97.5% of the total wild diversity, making it a promising founder population. Genetic screening of other captive animals (n = 26) potentially suitable for reintroduction uncovered multiple hybrid G. flavomarginatus xG. polyphemus, which were ineligible for repatriation; only three of these individuals were verified as purebred G. flavomarginatus. We used these genetic data to inform mate pairing, reduce the potential for inbreeding and to monitor the maintenance of genetic diversity in the captive population. After six years of successful propagation, we analyzed the parentage of 241 hatchlings to assess the maintenance of genetic diversity. Not all adults contributed equally to successive generations. Most yearly cohorts of hatchlings failed to capture the diversity of the parental population. However, overlapping generations of tortoises helped to alleviate genetic loss because the entire six-year cohort of hatchlings contained the allelic diversity of the parental population. Polyandry and sperm storage occurred in the captives and future management strategies must consider such events. © 2014 Edwards et al."
Pleistocene rewilding: An optimistic agenda for twenty-first century conservation,"Large vertebrates are strong interactors in food webs, yet they were lost from most ecosystems after the dispersal of modern humans from Africa and Eurasia. We call for restoration of missing ecological functions and evolutionary potential of lost North American megafauna using extant conspecifics and related taxa. We refer to this restoration as Pleistocene rewilding; it is conceived as carefully managed ecosystem manipulations whereby costs and benefits are objectively addressed on a case-by-case and locality-by-locality basis. Pleistocene rewilding would deliberately promote large, long-lived species over pest and weed assemblages, facilitate the persistence and ecological effectiveness of megafauna on a global scale, and broaden the underlying premise of conservation from managing extinction to encompass restoring ecological and evolutionary processes. Pleistocene rewilding can begin immediately with species such as Bolson tortoises and feral horses and continue through the coming decades with elephants and Holarctic lions. Our exemplar taxa would contribute biological, economic, and cultural benefits to North America. Owners of large tracts of private land in the central and western United States could be the first to implement this restoration. Risks of Pleistocene rewilding include the possibility of altered disease ecology and associated human health implications, as well as unexpected ecological and sociopolitical consequences of reintroductions. Establishment of programs to monitor suites of species interactions and their consequences for biodiversity and ecosystem health will be a significant challenge. Secure fencing would be a major economic cost, and social challenges will include acceptance of predation as an over-riding natural process and the incorporation of pre-Columbian ecological frameworks into conservation strategies."
Monitoring ecological consequences of efforts to restore landscape-scale connectivity,"Managing and restoring connectivity that enables wildlife movement through landscapes is the primary approach to reduce harmful effects of habitat loss and fragmentation. Improved connectivity is also increasingly invoked as a strategy to mitigate negative impacts of climate change by enabling species to track preferred environments and maintain evolutionary processes. Although initiatives to improve connectivity using restoration are becoming commonplace, we do not know how successful these actions are, nor which mechanisms underlie biotic responses. Most ecological monitoring focuses on site condition or quality rather than those landscape-scale processes that connectivity is intended to facilitate. To assess biodiversity responses to connectivity initiatives, we argue that new monitoring approaches are needed that distinguish the roles of connectivity restoration from those of habitat augmentation or improvement. To address this critical gap, we developed a conceptual model of the hypothesised roles of connectivity in complex landscapes and a linked framework to guide design of connectivity monitoring approaches in an adaptive management context. We demonstrate that integrated monitoring approaches using complementary methods are essential to reveal whether long-term landscape-scale goals are being achieved, and to determine whether connectivity management and restoration are the mechanisms responsible. We summarize a real-world example of applying our approach to assist government develop a monitoring plan for a large-scale connectivity conservation initiative in the Australian Capital Territory. As well as highlighting the utility of the framework to help managers make informed choices about monitoring, this example illustrates the difficulties of convincing funding bodies to include monitoring in project budgets and the questions more likely to be answered with limited funds. Synthesis and applications. Implementing an effective strategy to monitor connectivity conservation initiatives necessarily involves more work but we argue it is an essential investment rather than an additional cost. By optimizing allocation of limited monitoring resources, we can more effectively implement management that improves functional connectivity, and understand how changing connectivity affects population persistence. © 2017 Elsevier Ltd"
The overkill hypothesis and conservation biology,"The overkill hypothesis was originally proposed more than 40 years ago as an explanation for the extinction of North American Pleistocene megafauna (Martin 1967; Mosimann and Martin 1975). The hypothesis states that when people arrived in the Americas, they hunted all the megafauna (mammals of ≥44 kg adult body weight) to extinction. By the 1980s the overkill hypothesis had broadened its explanatory scope to cover megafaunal extinctions worldwide (Martin 1984). The model is simple: when people colonize new lands, megafauna (and often other animals) go extinct. Many researchers have evaluated the archaeological and paleontological evidence for and against overkill (e.g., Burney and Flannery 2006; Faith and Surovell 2009; Fiedel and Haynes 2004; Grayson 1984b, 2001; Grayson and Meltzer 2003, 2004; Haynes 2007; Koch and Barnosky 2006; Wolverton et al. 2009; Wroe and Field 2006; Wroe et al. 2006), and the debate surrounding the causes of Pleistocene megafaunal extinction rages on. Nevertheless, many conservation biologists and ecologists treat overkill as a fact (e.g., Brook and Bowman 2005; Johnson 2002; Kelt and Meyer 2009) and use it as a cautionary tale about the negative impacts of human actions (Donlan et al. 2005, 2006; Eldredge 2001; Lyons et al. 2004; Trombulak et al. 2004). Overkill is also used as a point of reference for ecological restoration. For example, it is the basis for the Pleistocene rewilding agenda in North America, proponents of which argue that the proper restoration benchmark period should be the day before Homo sapiens colonized a new area (Donlan 2007; Donlan et al. 2005, 2006; Martin 2005). As such, the overkill model is one of the most commonly used examples of applied paleozoology, but it is a poor example of such in conservation biology and restoration ecology because of its implicit assumptions about animal ecology and its troubling use of paleozoological data (or lack thereof). This study examines the integral part of the overkill argument that assumes that continental extinctions were like island extinctions. The extinction of large numbers of bird species following human colonization has been well documented for many island contexts (Anderson 1989; Olson and James 1982a, 1982b; Steadman 1995, 2006; Worthy and Holdaway 2003). The island analogy part of the overkill model assumes that island extinctions are an appropriate model for continental megafaunal extinctions, particularly the extinction of North American Pleistocene megafauna. To evaluate the validity of this analogy, I compare patterns of extinctions and evidence for prey naivete among both island and North American fauna. Since the overkill model plays a significant role in several conservation arguments, the soundness of the analogy has important consequences for conservation and wildlife management efforts and the validity of this particular instance of applied paleozoology. Ecological restoration in the form of successful rewilding of a species based on paleozoological data has taken place in New Zealand with the takahe (Porphyrio hochstetteri), a large flightless rail (Lee and Jamieson 2001). This rewilding and other examples of uses of paleozoological data in environmental management (e.g., Emslie 1987; Graham 1988; Lyman 2006; Wolverton et al. 2007) are overshadowed by the much-publicized agenda to rewild North America with Old World mammals on the basis of the overkill hypothesis. Treated as fact, North American Pleistocene overkill also takes on a support role in general arguments about the impacts of humans on environments worldwide, such as the much-publicized discussion of the Anthropocene (Steffen et al. 2007) and the Sixth Extinction (Eldredge 2001). I show here that such arguments are built on a house of cards. © 2012 The Arizona Board of Regents. All rights reserved."
Rewilding cultural landscape potentially puts both avian diversity and endemism at risk: A Tibetan Plateau case study,"Ecological restoration is becoming a primary strategy to increase provisions of ecosystem services and reverse biodiversity losses. In cultural landscapes undergoing land use extensification, rewilding has been proposed as a viable approach to reverse biodiversity loss through reducing human impacts. The world's largest ecological restoration campaign is taking place on the eastern Qinghai-Tibetan Plateau (QTP) to combat grassland degradation and enhance the upper stream region's water retention capacity. However, little is known about whether the large-scale rewilding also benefits the unique bird assemblage of the eastern QTP. Our study aims to make science-based conservation recommendations for the Tibetan avifauna by detecting their diversity and endemism distribution patterns at the local scale. In the breeding seasons of 2014 and 2015, we carried out bird surveys and conducted a habitat mapping using three Unmanned Aerial Vehicles (UAVs). We developed a comprehensive set of 2D and 3D habitat feature parameters from the high-resolution (10 cm level) UAV-derived images. Meanwhile, we employed the participatory GIS approach to acquire farm-scale human land-use data. Our results indicate that the distributions of avian diversity, endemism and abundance are not congruent across the eastern QTP, which calls for the conservation of different habitat types. Vertical and horizontal habitat heterogeneity maintain the local bird diversity with anthropogenic elements significantly enriching the overall bird abundance. Degraded pastures provided key habitats for two highly abundant endemic passerines—the White-rumped Snowfinch Onychostruthus taczanowskii and the Ground Tit Pseudopodoces humilis. At the landscape scale, historical human-nature interactions between Tibetan nomads and the alpine environment formed the landscape's patchy vegetation structure. Our results reveal that the Tibetan cultural landscape maintains the structural heterogeneity needed to achieve multiple bird conservation objectives on the eastern QTP. Restoring the cultural landscape to a ‘natural’ tall-grass or dense-shrubland state of high water-retention capacity may result in the loss of both high-abundance avian communities and endemic species diversity. Our empirical study also indicated that rewilding abandoned agricultural landscape will not necessarily lead to a desired conservation outcome, especially when the requirements of habitat specialists and endemics are not taken into account. Moreover, ecological restoration projects should evaluate the divergences between their ecosystem service and biodiversity objectives. © 2018 Elsevier Ltd"
Restoration of Freshwaters: Principles and Practice,"Freshwater ecosystems are in major decline at the global scale and there is an urgent need for successful restoration projects. Although freshwater restoration is a relatively new science, it is at the point where important principles and approaches that underlie success can be broadly established. Covering the full spectrum of freshwater habitats, including rivers, lakes, ponds, and various wetland types, this chapter sets out and discusses six key restoration principles concerned with project targets, diagnosing and tackling underlying and restraining influences, natural recovery and landscape-scale processes, as well as monitoring and working with stakeholders. © Oxford University Press 2019."
"Monitoring results from a decade of native plant translocations at Makauwahi Cave Reserve, Kaua̒i","At Makauwahi Cave Reserve, on the south shore of Kaua`i, translocation decisions have been guided to a unique degree by the richly detailed fossil record of biota of recent centuries, which occurs on the site. To evaluate the efficacy of this strategy, ecological conditions and individual life histories for 3388 translocated native plants of 81 species have been monitored since 2005. Many species were selected on the basis of their prevalence as subfossils in the adjacent late Holocene cave sediments. Most of these species no longer occur on or near the abandoned farmlands and mine spoil used as a substrate for transplanted individuals. Records for each plant included location, date outplanted, flowering, fruiting, and, if applicable, mortality, including known or inferred cause. Also recorded was unaided recruitment, survival of transplanted recruits, and quantity of seed collected. Plant species selected for reintroduction on the basis of present occurrence near the site (many of which also occur there as fossils), and species not present but selected solely on the basis of fossil occurrence before European arrival, both show high survival rates in most cases. Species that fit neither of these criteria, but are judged suitable on the basis of their occurrence elsewhere on the island in similar habitats, generally showed lower survival rates. Primary mortality factors for nursery stock not surviving outplanting included transplant shock, irrigation failure, and human error (accidental cutting, pulling, or trampling). Much lower mortality rates were linked to insect damage, disease, and pig disturbance. Phenological records show that 80 % of translocated native species have flowered and 70 % produced seed. Unaided recruitment was observed for 43 % of the species with some rare species producing large numbers of volunteer seedlings. Translocated volunteer seedlings showed high survival rates. Insights from the fossil record have provided perspective on the site’s potential and limitations and enriched interest in a restoration by almost doubling the list of plant species used in restoration programs and adding a living history element to the interpretation of the site through the juxtaposition of the fossil evidence and the translocated native species. © 2015, Springer Science+Business Media Dordrecht."
The last 25 years of research on terrestrial carnivore conservation in argentina; [Ultimos 25 anos de pesquisa em conservação de carnívoros terrestres em argentina.]; [Los últimos 25 años de investigación para la conservación de los carnívoros terrestres en argentina],"Twenty-seven species of terrestrial carnivores (Order Carnivora) inhabit Argentina, representing 10.0% and 38.6% of the global and Neotropical diversity of terrestrial carnivores, respectively. We evaluate the main topics of research on carnivores in Argentina over the past 25 years (1994-2018) considering the great conservation challenges the group faces. Feeding and spatial ecology, conflicts with livestock production, impacts of hunting and invasive species, and conservation genetics have been addressed for some of the more charismatic and larger-bodied carnivore species. Also, we identify thematic and taxonomic gaps and discuss what research we believe is important to deal with key conservation and management needs. Further studies are needed on topics like the ecological role of carnivores in ecosystems (including carnivores’ role in rewilding projects), mitigation methods to reduce conflict, conservation status of rare or less conspicuous species, and impacts of emerging threats like climate change, disease, and expansion of feral dog populations. © SAREM, 2020."
Preparing a new generation of wilderness entrepreneurs: Lessons from the erasmus intensive programme ‘European wilderness entrepreneurship’ 2013,"This chapter discusses the role of education in the preparation of the next generation of entrepreneurs in nature conservation. Departing from the traditional conservation education, which emphasizes ecological management, the chapter is a plea for incorporating entrepreneurship in the curricula of educational programmes on rewilding ecosystems. An Erasmus Intensive Programme on European Wilderness Entrepreneurship is presented as a case study. A set of competences is defined and operationalized based on the evaluation of the first edition of the programme undertaken in Rewilding Europe’s pilot area in Western Iberia. Aspects of the learning strategies and learning environment are presented and reviewed. The conclusion of this chapter is that to learn wilderness entrepreneurship competences, an environment should be created in which students, teachers and stakeholder co-learn at the boundaries of their comfort zones. © The Author(s) 2015."
"Trends and hotspots in landscape transformation based on anthropogenic impacts on soil in Hungary, 1990–2018","The transformation of the landscapes due to the anthropogenic activities is increasing worldwide. These changes are also manifested in the change of soil-forming processes. The land cover (LC) changes evaluated according to their influence on anthropogenic features of soils allows to distinguish between LC changes resulting increased and decreased human impact (HI). In our study, we assess the changes of HI on landscapes and its spatial distribution across Hungary. The changes were evaluated by using LC data of four periods between 1990 and 2018 reclassified based on the related anthropogenic soil features. To identify the hotspots of the changes 1×1 grids were applied in which the direction (increasing, neutral or decreasing HI) and frequency (number of landscape patches with LC changes) of changes were evaluated. In our research, the hotspots were identified over the studied four periods. We point out that the spatial distribution of hotspots is very different. The hotspots of the increased human impact are 2,449 cells (643.0 km2) between 1990 and 2018, and the most of it localized in the Pest Plain (67), Csepel Plain (64) and Nagykálló-Nyírség (60). Most of the multiple hotspots are in the outskirts of Budapest to Kiskunlacháza, Bugyi, Délegyháza. As we examine the decreasing hotspot data we found 1,679 cells (1,524.9 km2) between 1990 and 2018. In largest number, they occur on the Kiskunság Sand Ridge (38), Majsa–Szabadka Sand Ridge (37) and Nagykállói-Nyírség (36). Multiple hotspots are located in settlements Izsák, Ásotthalom, Vatta and Nyírmihályi. Regions with numerous hotspots require special management to moderate its negative consequences on soils to consider both increased anthropisation, but also extensification of land use and their consequences. © 2020, Reasearch Centre for Astronomy and Earth Sciences Hungarian Academy. All rights reserved."
Reintroducing resurrected species: Selecting DeExtinction candidates,"Technological advances have raised the controversial prospect of resurrecting extinct species. Species DeExtinction should involve more than the production of biological orphans to be scrutinized in the laboratory or zoo. If DeExtinction is to realize its stated goals of deep ecological enrichment, then resurrected animals must be translocated (i.e., released within suitable habitat). Therefore, DeExtinction is a conservation translocation issue and the selection of potential DeExtinction candidates must consider the feasibility and risks associated with reintroduction. The International Union for the Conservation of Nature (IUCN) Guidelines on Reintroductions and Other Conservation Translocations provide a framework for DeExtinction candidate selection. We translate these Guidelines into ten questions to be addressed early on in the selection process to eliminate unsuitable reintroduction candidates. We apply these questions to the thylacine, Yangtze River Dolphin, and Xerces blue butterfly. © 2014 Elsevier Ltd."
"""Paiutes and shoshone would be killed for this"": Whiteness, rewilding, and the Malheur occupation","The ""High Desert Wildtending Network"" is a grassroots movement of mostly white and non-Native nomadic ""rewilders"" in the northwest United States who appropriate Indigenous traditional ecological knowledge, gathering and replanting wild foods in a seasonal round. Evaluating Wildtending's potentialities for settler-Indigenous solidarity, this article discusses the network's rhetorical shifts within the context of the 2016 armed occupation at the Malheur National Wildlife Refuge and the movement against the Dakota Access Pipeline at Standing Rock. Copyright © 2017. Western States Folklore Society."
Abandoning or reimagining a cultural heartland? Understanding and responding to rewilding conflicts in wales – The case of the cambrian wildwood,"This paper is about rewilding and the tensions it involves. Rewilding is a relatively novel approach to nature conservation, which seeks to be proactive and ambitious in the face of continuing environmental decline. Whilst definitions of rewilding place a strong emphasis on non-human agency, it is an inescapably human aspiration resulting in a range of social conflicts. The paper focuses on the case study of the Cambrian Wildwood project in Mid Wales (UK), evaluating the ways in which debate and strategic action to advance rewilding is proceeding, assessing the extent to which compromise and learning has occurred amongst advocates. As such, we provide an important addition to the field, by detailing how conflicts play out over time and how ac-tors’ positioning and approach shifts, and why. In this case, tempers have flared around the threat that rewilding is seen to pose to resident farming communities. Tensions discussed include the differing social constructions of landscape and nature involved; the distribution of impacts on different stakeholders; and the relative power of different actors to make decisions and gain representation. Responding to these, the paper outlines how rewilding advocates have sought to advance a more peopled and culturally responsive vision, which seeks to champion sustainable livelihood strategies. The changes in approach detailed demonstrate a reflexive stance from rewilders, which suggests that learning and adaptation can occur. Nonetheless, caution is expressed regarding the extent to which rewilding can truly advance inclusive opportunities for rural change, given a continued return amongst stakeholders to exclusionary narratives of belonging and authenticity, suggesting substantive difficulty in moving beyond longstanding concerns over identity and the re-imagination of place. Rewilding, it would seem, is about who we think we are and how we co-constitute our sense of self. We, therefore, close by arguing that tactics and politicking can only have so much bearing, tensions over rewilding are unavoidably emotional. © 2018 The White Horse Press."
Towards a European policy for rewilding,"Millions of hectares of agricultural land could be released from human pressure within the next decades in Europe. Rewilding presents a great opportunity to restore the abandoned landscapes, along with the biodiversity and the supply of those ecosystem services that were until now restricted to the remaining few wild areas of the continent. As a result, rewilding is in a dire need of a policy framework in the European Union, to promote its implementation as a land management option, to evaluate its outcomes, and to share knowledge and good practices among stakeholders. In this chapter, we review the history of conservation policies and protected areas in the EU, the implementation of the Natura 2000 Network being one of the major milestones. We also discuss the role of conservation in sectoral activities such as agriculture. We present the growing importance given to wilderness areas and the inclusion of wilderness management into European policies. We then evaluate the contribution of wilderness and rewilding to the achievement of global and EU targets. Finally, recommendations are made to efficiently and adequately include rewilding into the European framework of conservation policies. © The Author(s) 2015."
De-extinction and the genomics revolution: Life on demand,"This book considers the cultural history and politics of de-extinction, an approach to wildlife conservation that seeks to use advanced biotechnologies for genetic rescue, crisis interventions, and even species resurrections. It demonstrates how the genomic revolution creates new possibilities for human transformation of nature and accelerates the arrival of the era of life-on demand. Fletcher combines a summative overview of the modern progress in biology and biotechnology that has brought us to this moment and evaluates the relationship between de-extinction and provocative contemporary ideas such as rewilding, eco-modernism, and the Anthropocene. Overall, the book contends that de-extinction, as reported in the public sphere, shifts between the demands of science and spectacle and draws upon our ongoing fascination with lost worlds, Frankenstein’s monster, woolly mammoths, and dinosaurs. © The Editor(s) (if applicable) and The Author(s) 2020."
Re-wilding Collective Behaviour: An Ecological Perspective,"The field of collective animal behaviour is transforming. Continuous behavioural tracking in the wild affords an ecological perspective. Collective behaviour can be studied in the environment in which it has evolved and is maintained. The earliest studies of collective animal behaviour were inspired by and conducted in the wild. Over the past decades much of the research in this field has shifted to the laboratory, combining high-resolution tracking of individuals with mathematical simulations or agent-based models. Today we are beginning to see a ‘re-wilding’ of collective behaviour thanks to technological advances, providing researchers with the opportunity to quantify and model the heterogeneity that exists within the social groupings they study and within the environments in which these groups live. The perspective we present here aims to inspire and steer this research toward answering fundamental and outstanding behavioural and ecological questions, while also tackling pertinent conservation challenges."
Integrated global assessment of the natural forest carbon potential,"Forests are a substantial terrestrial carbon sink, but anthropogenic changes in land use and climate have considerably reduced the scale of this system. Remote-sensing estimates to quantify carbon losses from global forests, , – are characterized by considerable uncertainty and we lack a comprehensive ground-sourced evaluation to benchmark these estimates. Here we combine several ground-sourced and satellite-derived approaches,, to evaluate the scale of the global forest carbon potential outside agricultural and urban lands. Despite regional variation, the predictions demonstrated remarkable consistency at a global scale, with only a 12% difference between the ground-sourced and satellite-derived estimates. At present, global forest carbon storage is markedly under the natural potential, with a total deficit of 226 Gt (model range = 151–363 Gt) in areas with low human footprint. Most (61%, 139 Gt C) of this potential is in areas with existing forests, in which ecosystem protection can allow forests to recover to maturity. The remaining 39% (87 Gt C) of potential lies in regions in which forests have been removed or fragmented. Although forests cannot be a substitute for emissions reductions, our results support the idea,, that the conservation, restoration and sustainable management of diverse forests offer valuable contributions to meeting global climate and biodiversity targets."
Pleistocene mitogenomes reconstructed from the environmental DNA of permafrost sediments,"Traditionally, paleontologists have relied on the morphological features of bones and teeth to reconstruct the evolutionary relationships of extinct animals.1 In recent decades, the analysis of ancient DNA recovered from macrofossils has provided a powerful means to evaluate these hypotheses and develop novel phylogenetic models.2 Although a great deal of life history data can be extracted from bones, their scarcity and associated biases limit their information potential. The paleontological record of Beringia3—the unglaciated areas and former land bridge between northeast Eurasia and northwest North America—is relatively robust thanks to its perennially frozen ground favoring fossil preservation.4,5 However, even here, the macrofossil record is significantly lacking in small-bodied fauna (e.g., rodents and birds), whereas questions related to migration and extirpation, even among well-studied taxa, remain crudely resolved. The growing sophistication of ancient environmental DNA (eDNA) methods have allowed for the identification of species within terrestrial/aquatic ecosystems,6–12 in paleodietary reconstructions,13–19 and facilitated genomic reconstructions from cave contexts.8,20–22 Murchie et al.6,23 used a capture enrichment approach to sequence a diverse range of faunal and floral DNA from permafrost silts deposited during the Pleistocene-Holocene transition.24 Here, we expand on their work with the mitogenomic assembly and phylogenetic placement of Equus caballus (caballine horse), Bison priscus (steppe bison), Mammuthus primigenius (woolly mammoth), and Lagopus lagopus (willow ptarmigan) eDNA from multiple permafrost cores spanning the last 40,000 years. We identify a diverse metagenomic spectra of Pleistocene fauna and identify the eDNA co-occurrence of distinct Eurasian and American mitogenomic lineages."
"Non-invasive monitoring of glucocorticoid metabolite concentrations in native Indian, as well as captive and re-wilded tigers in South Africa","Over the last century, wild tiger (Panthera tigris) numbers have declined from over 100 000 individuals to fewer than 4 000, with animals now confined to less than 5% of their historic range due to habitat loss, persecution, inadequate management, and poaching. In contrast, 15 000–20 000 tigers are estimated to be housed in captivity, experiencing conditions vastly different than their wild counterparts. A total of 280 tigers are currently held at 44 different facilities within South Africa, including zoos, semi-captive ‘re-wilded’ populations, and pets; these animals provide a unique opportunity to measure the impact of extrinsic factors, found in exotic habitats, on the adrenocortical activity of tigers. By monitoring and comparing stress-related faecal glucocorticoid metabolite (fGCM) concentrations of tigers housed at different locations, and free ranging tigers in natural tiger reserves, this project aimed to get a better understanding of the impact of extrinsic factors on adrenocortical function as a measure of stress. The results of this study showed no significant difference in fGCM concentrations between captive, re-wilded, and free-ranging tigers with the exception of one site. Furthermore, factors such as sex and season were not significant drivers of fGCM concentrations. One study group had elevated fGCM concentrations, showing population variation in the stress response. This indicates that populations are able to cope with exotic environments, however, as population-specific differences in the stress response exist, we suggest management protocols be created for each population. This study offered the unique opportunity to see how well tigers are faring outside of their native range and if having re-wilded tigers in exotic locations is a potential welfare-acceptable management option for tiger conservation globally."
Evaluating the success of vegetation restoration in rewilded salt marshes,"Floodbank realignment is a common practice aimed at restoring salt marsh vegetation on previously embanked land. However, experiences indicate that it may take several years before salt marsh vegetation becomes fully established. Various challenges arising from ecogeomorphic feedback mechanisms could pose significant setbacks to vegetation recolonization. The widespread adoption of transplantation techniques for the restoration and rehabilitation of rewilded landscapes has indeed proven to be a valuable tool for accelerating plant development. In the Ria Formosa coastal lagoon (South of Portugal), a pilot plan was implemented, and two salt marsh pioneer species, Spartina maritima (syn. Sporobolus maritimus) and Sarcocornia perennis (syn. Salicornia perennis), were transplanted from a natural salt marsh to a rewilded marsh. Biodegradable 3D porous structures were installed to mimic transplant clumping, aid sedimentation, and enhance the plant's initial adjustment. Ecological, sediment, and hydrodynamic data were collected during the 12-month pilot restoration plan. The environmental profiles of the donor and restoration sites were compared to substantiate the success of the transplants in the rewilded salt marsh. Results show that although plant shoot density decreased after the transplanting, Spartina maritima acclimated well to the new environmental conditions of the restoration site, showing signs of growth and cover increase, whilst Sarcocornia perennis was not able to acclimatize and survive in the restoration site. The failure behind the Sarcocornia perennis acclimation might be related to the bed properties and topographic properties of the restoration site in the rewilded marsh. Major findings contribute to a more comprehensive understanding of how salt marsh pioneering vegetation successfully colonizes disturbed habitats, facilitated using 3D-biodegradable structures."
Stepping-stones and dispersal flow: establishment of a meta-population of Milu (Elaphurus davidianus) through natural re-wilding,"The Milu (Père David’s deer, Elaphurus davidianus) became extinct in China in the early 20th century but was reintroduced to the country. The reintroduced Milu escaped from a nature reserve and dispersed to the south of the Yangtze River. We monitored these accidentally escaped Milu from 1995 to 2012. The escaped Milu searched for vacant habitat patches as “stepping stones” and established refuge populations. We recorded 122 dispersal events of the escaped Milu. Most dispersal events occurred in 1998, 2003, 2006 and 2010. Milu normally disperse in March, July and November. Average dispersal distance was 14.08 ± 9.03 km, with 91.41% shorter than 25 km. After 5 generations, by the end of 2012, 300 wild Milu were scattered in refuge populations in the eastern and southern edges of the Dongting Lake. We suggest that population density is the ultimate cause for Milu dispersal, whereas floods and human disturbance are proximate causes. The case of the Milu shows that accidentally escaped animals can establish viable populations; however, the dispersed animals were subject to chance in finding “stepping stones”. The re-wilded Milu persist as a meta-population with sub-populations linked by dispersals through marginal habitats in an anthropogenic landscape."
Severe Hypoxemia in Muskoxen ( Ovibos moschatus ) Immobilized with Etorphine and Xylazine Corrected with Supplemental Nasal Oxygen,"Twenty-three muskoxen (Ovibos moschatus) housed in a captive facility for rewilding in Sweden were chemically immobilized for annual health evaluations and hoof trimming. The muskoxen were darted in May to September (2012–15) in their holding pen with etorphine (0.015 mg/kg) and xylazine (0.1 mg/kg) intramuscularly. Twenty-two of the 23 animals were immobilized with a single dart injection. The mean (SD) induction time was 4 (2) min. Arterial blood gases were collected from 18 animals. All animals were severely hypoxemic with varying degrees of respiratory acidosis. The hypoxemia resolved in 17 of 18 animals with intranasal oxygen supplementation at 1 L/min per 100 kg. Relative arterial oxygen saturation (SpO2) measured by pulse oximetry was significantly higher than the arterial oxygen saturation calculated from the partial pressure of arterial oxygen (SaO2) obtained by a blood gas analyzer. Based on these findings, muskox can be immobilized successfully with etorphine (0.015 mg/kg) and xylazine (0.1 mg/kg) but should receive supplemental oxygen."
Re-wilding: introductions could reduce biodiversity,"SIR—The Commentary article by Josh Donlan and colleagues (“Re-wilding North America” Nature 436, 913–914; 2005) argues for the introduction of old-world mammals to North America, on the grounds that these are proxies for megafauna that lived there at the end of the Pleistocene. This perspective overlooks environmental changes that have occurred during the intervening millennia, and that have produced qualitatively different communities in new ecological equilibria. For example, global climate change since the Pleistocene extinctions makes the restoration of vanished ecosystems through large-mammal introduction quite unlikely. Such environmental change also increases the risk that introduced species might respond in unexpected ways. Indeed, one of the reintroductions proposed by Donlan and colleagues—the camel—was previously attempted during the nineteenth century (TL Connelly, Southwestern Historical Quarterly 69, 442–462; 1966). At that time, camels seemed an ideal beast of burden for use in the North American arid regions, but American environments ultimately proved inhospitable. By 1900, both public and private introduction programmes had failed, and the remaining feral camels had died. The inherent unpredictability associated with disturbing ecosystems means that, while some introductions might follow the camel’s fate, others might prove all too capable of adapting to contemporary North American environments, potentially at the expense of other species of conservation value. Indeed, introduced species are now a major cause of biodiversity losses worldwide."
"Seed dispersal and establishment of endangered plants on Oceanic Islands: the Janzen-Connell model, and the use of ecological analogues","The Janzen-Connell model states that plant-specific natural enemies may have a disproportionately large negative effect on progeny close to maternal trees. The majority of experimental and theoretical studies addressing the Janzen-Connell model have explored how it can explain existing patterns of species diversity in tropical mainland areas. Very few studies have investigated how the model's predictions apply to isolated oceanic islands, or to the conservation management of endangered plants. Here, we provide the first experimental investigation of the predictions of the Janzen-Connell model on an oceanic island, in a conservation context. In addition, we experimentally evaluate the use of ecological analogue animals to resurrect the functional component of extinct frugivores that could have dispersed seeds away from maternal trees. In Mauritius, we investigated seed germination and seedling survival patterns of the critically endangered endemic plant Syzygium mamillatum (Myrtaceae) in relation to proximity to maternal trees. We found strong negative effects of proximity to maternal trees on growth and survival of seedlings. We successfully used giant Aldabran tortoises as ecological analogues for extinct Mauritian frugivores. Effects of gut-passage were negative at the seed germination stage, but seedlings from gut-passed seeds grew taller, had more leaves, and suffered less damage from natural enemies than any of the other seedlings. We provide the first experimental evidence of a distance-dependent Janzen-Connell effect on an oceanic island. Our results potentially have serious implications for the conservation management of rare plant species on oceanic islands, which harbour a disproportionately large fraction of the world's endemic and endangered plants. Furthermore, in contrast to recent controversy about the use of non-indigenous extant megafauna for re-wilding projects in North America and elsewhere, we argue that Mauritius and other oceanic islands are ideal study systems in which to empirically explore the use of ecological analogue species in restoration ecology."
"Population assessment of the mountain hares (Lepus timidus) of England: distribution, abundance and genetics","In the 1870s a small founder group of mountain hares (Lepus timidus) was translocated from Scotland to the Peak District moors, England. They succeeded as a pioneer of rewilding for 150 years, playing important ecological roles within the upland ecosystem,. Nonetheless these mountain hares frequently went unmonitored. From 1971 to 2002 only four formal studies attempted distribution or abundance assessments. Subsequently there were doubts regarding the persistence of the population. In 2008 the species was added to UK Biodiversity Action Plan, which recommended ongoing monitoring. The aim of the thesis was to provide a fundamental assessment of this mountain hare population, informing conservation status reviews and enabling subsequent potential population viability analysis. The research draws upon a considerable amount of newly collected field observations, citizen science records, geographic information and laboratory investigations. I employ new survey methods, quantitative ecology, geospatial analysis and genetic techniques to describe the distribution, abundance and genetic structure of this population This work presents evidence that Peak District mountain hares occupy a geographically confined set of hills comprising ~360km2. They favour cold environments at high elevations and appear completely dependent on heather for food and shelter. Mountain hares frequent different habitats than their sister species, the European brown hare (L. europaeus), because of different climatic and dietary preferences. Accordingly, the main threats to mountain hares are climate change which may reduce their range by ~80%; and impending competition with European brown hares. Surveys of mountain hares are notoriously challenging, since this nocturnal cryptic creature may hide by day to avoid predators. To evaluate day and night time survey methods, I compared daylight transect surveys with night-time thermal imaging and camera traps operating 24 hours per day for 5 months. Census surveys using daylight visual sampling are shown to be highly effective and statistically reliable. Consequently, some 800km of surveys were conducted, covering much rugged difficult ground, with sufficient encounter rates to enable robust estimation of density, based on high detection probability, observing ~20% of the sampled hares to a range of 520m. These surveys showed the mountain hares as a stable population of ~3,500 individuals (winter adults), with one population centre concentrated on a few square kilometres. Densities are not randomly distributed and appear influenced by anthropogenic land use. Numbers in restored blanket bog areas are highest; upon managed grouse moors numbers are two thirds less. This finding notably contradicts most preceding mountain hare research from the UK. Research sourced genetic material, mostly roadkill mountain hares, provide matter for DNA extraction and microsatellite sequencing. Owing to technical challenges, results were partial yet appeared to indicate the mountain hare population is mostly randomly…"
Evaluation of the ecological impacts of beaver reintroduction on aquatic systems,"The extent and quality of freshwater systems is declining globally. Combined with past drainage, straightening and flow regulation, current systems are often functional but not pristine. Conservation, creation and restoration of freshwater systems is common but requires significant planning, resources and active monitoring and may only be a short-term solution to the long-term problem of destruction and loss of riparian zones. Beavers (Castor spp.) have the ability to create physical and biological habitat heterogeneity through the construction of woody debris dams, thereby restoring lost natural discontinuities in freshwater systems. Beavers may thus offer a natural, more passive solution to the need for wetland restoration or creation and the problem of homogenisation of watercourses. As such, numerous beaver reintroductions and introductions have been undertaken based in part on restoring this lost natural heritage. However, it is crucial to be able to predict the potential effects on existing biota of physical modifications by beavers to ecosystems, especially in the light of further population expansion, whilst also disentangling these effects from other influences, namely herbivory. The impact of beavers on aquatic systems was studied using a combination of field-based surveys and experiments, using aquatic plants and macro-invertebrates as indicators of hydromorphological changes and to quantify the effects of direct foraging. The research presented in this thesis demonstrates beaver adaptive foraging behaviours between terrestrial and aquatic habitats, whilst feeding highly selectively, optimally and opportunistically, using the white water lily (Nymphaea alba) as a model species. The effects of beaver foraging on the aquatic plant resource and diversity was low over short time spans (e.g. 1 year), but when selective foraging was assessed over greater time scales (e.g. 10 years) the effects of foraging were distinct. Significant changes in aquatic plant height, biomass, richness, diversity and composition were observed over this time period due to selective grazing on large rhizomatous species (e.g. Menyanthes trifoliata). These direct effects occurred even though changes in water levels, which are commonly believed to be the main driver of beaver influence on aquatic vegetation, were negligible. In a separate study in Sweden where beavers commonly constructed dams, with ponds then forming upstream, the aquatic plant and coleoptera species richness and composition differed in comparison to adjacent non-beaver created wetlands. Therefore, having a range of wetland types in the environment increases physical and biological heterogeneity creating unique niches that are exploited by disparate taxa. The construction of a series of dams within a single reach of stream flowing through a Scottish agricultural landscape also increased physical habitat diversity. Distinctive macroinvertebrate assemblages and modified functional diversity were associated with each dominant habitat type in the stream, resulting in…"
"How extirpations, colonizations and introductions of bird species typically alter the regional diversity, distinctiveness, and body size distribution of regional bird biota.","Much research in recent decades has been dedicated to investigating the effects of the anthropogenically-driven factors on the Earth’s biodiversity, evaluating which taxa are most at risk, and researching how to mitigate these effects. Species assemblages are shifting in response to human activities, with large-bodied species historically most at risk due to human overexploitation as well as intrinsic life history traits. To investigate how avian communities are changing because of the Anthropocene, I analyzed the data of 10820 avian species in 105 regions from 1815 to 2015. I measured median body mass on a regional scale both as an indication of faunal assemblage change and as a way of determining if large-bodied species are still predominantly at risk. I found that regions are becoming more diverse within themselves, and more similar between themselves, with no change in median body mass, and a less diverse distribution of body masses. Although extirpations were predominantly larger-bodied species, arriving (introduced and colonizing) species were also significantly larger than surviving species. Through an increase in regional diversity, driven by arriving species, bird assemblages are changing in body mass distribution but not median mass despite the continuing extirpation of large-bodied species. There is still potential functional loss in assemblages as the largest species are lost and not replaced by similarly-sized species. Conservation efforts should focus on replacing lost ecosystem functionality by rewilding extirpated species or replacing with similarly-sized species if they have become globally extinct."
"ON THE ECOLOGY OF INVASIVE SPECIES, EXTINCTION, ECOLOGICAL HISTORY, AND BIODIVERSITY CONSERVATION","For thousand of years, invasive species have changed ecosystems and caused extinctions. Nowhere is this more apparent than on islands. Those ecosystem changes and extinctions are result of strong species interactions between invasive species and native communities. However, extinctions are rarely random and are often influenced by a suite of biotic and abiotic factors. Understanding the intricacies of invasions and their consequences is central to ecology and conservation. Here, I explore three aspects of invasion biology: 1) the ability to remove invasive mammals from islands and the biodiversity benefits, 2) the ability to predict extinctions caused by invasive species, and 3) the role ecological history plays in dictating nativeness with respect to restoration. Chapter one provides a brief overview of the three-decade progress of invasive mammal eradication on islands. I review the history of eradication techniques developed in New Zealand, and describe some recent successes in western Mexico and Gal?pagos that I have been part of over the past decade. Chapter two provides one example of the biodiversity benefits of eradication: the recovery of the Gal?pagos rail that was heavily impacted by invasive goat and pig populations prior to their removal from Santiago Island. Chapter three and four test advocated and explore new conservation tools for their ability to predict extinction-prone species. At the core of these two chapters is an attempt to evaluate whether biogeography tools are useful in predicting species endangerment, or whether knowing the autecological details of a species and their community interactions is necessary to correctly gauge extinction risk. Chapter five tackles the role ecological history in gauging ?nativeness?. I provide a framework that justifies the restoration of missing ecological functions and evolutionary potential of extinct species using extant conspecifics and related taxa. Pleistocene Rewilding is conceived as managed ecosystem manipulations whereby costs and benefits are addressed on a case-by-case basis. It would broaden the underlying premise of conservation from managing extinction to encompass restoring ecological and evolutionary processes. Risks of Pleistocene Rewilding include the possibility of disease transmission, and unexpected ecological and sociopolitical consequences of reintroductions. Social challenges will include incorporation of pre-Columbian ecological frameworks into conservation strategies."
An Integrative Approach to Modelling Human-Wildlife Coexistence Landscapes in the Northern Great Plains.,"Restoring wildlife populations in a human dominated world requires a deep understanding of the ecological conditions required for species persistence as well as the human social factors that influence restoration outcomes. Until recently, the majority of prior research has focused on understanding the ecological conditions and human social processes that contribution to wildlife restoration success separately, and often assign a higher value to ecological factors. I studied the human dimensions surrounding ongoing wildlife restoration efforts in the Northern Great Plains (NGP) of Montana to better understand how human social factors can affect and inform restoration efforts for a variety of wildlife species that have been repeatedly targeted for restoration across the NGP. In Chapter 1, I replicated a 1993 study to assess the long-term trends in attitudes and knowledge towards critically endangered black-footed ferrets and black-tailed prairie dogs among Montana resident representing five different stakeholder groups (local ranchers, statewide ranchers, rural residents, urban residents and members of conservation organizations) following nearly 30 years of recovery attempts. I found that stakeholder negative attitudes persisted over time despite outreach and incentive programs increasing knowledge of these species over time. Specifically, stakeholder closest to recovery sites (local ranchers and rural residents) maintained the most negative attitudes, were most knowledgeable, and had significantly lower temporal thresholds for achieving recovery goals (years). Next, in Chapter 2 I evaluated attitudes and behaviors towards a suite of species and ecological processes targeted for landscape-scale rewilding, as well as support for incentives for those species and processes. I found that there were differences in attitudes and behaviors towards species and processes as well as support for incentives among stakeholders. In particular, species perceived as threats to humans and livestock, as well as species that have the potential to limit land use practices due to associated regulatory constraints, were most negatively perceived, had a higher likelihood of negative behaviors, and had lower support for incentives. However, attitudes towards conserving migration as ecological processes were favorable among all stakeholders, suggesting the benefit of undertaking restoration of processes rather species in the future. In Chapter 3, I conducted a systematic literature search to evaluate the characteristics of variables used to describe anthropogenic impacts in connectivity and species distribution models for carnivores globally. I found that variables used to describe environmental conditions were four times more common than variables used to describe anthropogenic influences, which were more commonly used for larger bodied carnivores. However, the number of anthropogenic variables included were increasing at a rate of 3.35% a year and the spatial resolution of those variables has on average been decreasing by 53 meters per…"
Rewilding industrial wounds : A re-evaluation of closed quarries through the integration of rewilding,"This thesis departs from previous research, attached as Appendix 1, which investigated how the management and perception of quarries has changed over time. It also addressed a more recent inquiry regarding the demand for a more open restorative approach that departs from the idea that landscapes should be restored to their original state. For the following thesis, this subject is brought into an even broader scale, where the wounds created are seen as symptoms of a greater concern; man's exploitation of the Earth. The thesis is conducted through a desk- based and action-based research and is initiated by giving an insight into humanity's impact on the Earth, referencing back to the mid 20th century. It explains the concepts The Great Acceleration and The Anthropocene, which have come to describe the era in which humanity operates and where the loss of biodiversity is greater than ever. In the search for potential solutions, or mitigations, the report then leads into the concept of rewilding, a concept that aims at the rehabilitation of nature, where man, with as little means as possible, assists nature to the extent that it can manage on its own. The research background is the followed by a discussion, which aims to answer the question of whether rewilding would be a suitable method for regenerating quarries and if so, how the implementation of such a concept could take place with the help of architects and other professions. Here, it is confirmed that rewilding is a suitable method to regenerate quarries, as it is considering nature whilst also reconsidering humanity’s part within it. Italso encourages the opportunities for education and cooperation between different fields and works across different scales, something that is also needed for quarries considering their unique properties and biodiversity. The discussion also acknowledges the two case studies included in the research, which show different ways of transforming quarries and which are both similar to rewilding. Yet, one them, Västra brottet on Gotland, is considered being the most similar. With inspiration from the research, the report ends with a design proposal which reconsiders a closed limestone quarry in Sweden. With rewilding as a point of departure, a number of experiments are carried out to test different approaches in the quarry. These tests are then evaluated more closely in a conclusion and self- reflection."
Tomorrow's (P)ARK: Designing the biggest continuous Nature and Landscape Network of North-West Europe,"We live in a time of constant change and turbulence, where human activity has significantly impacted our planet. As the dominant species, we have achieved remarkable feats such as building grand cities, advancing technology, exploring the moon, and even creating artificial intelligence. However, this progress has come at a great cost to the natural world, and it is disheartening to look back at the destruction caused by our pursuit of power and advancement. We must acknowledge that this is not a game of “playing God.” Our actions in the Anthropocene era, where humans dominate, have brought us to the brink of mass extinction for many animal and plant species. The IUCN Red List reports that around 28% of species evaluated are threatened with extinction, including those classified as Vulnerable, Endangered, or Critically Endangered. Some groups, like amphibians and corals, have even higher proportions of threatened species. This raises the question: how could such a supposedly intelligent civilization cause such devastation? Given the critical state of our environment, we are reminded of the story of Noah’s Ark and humanity’s ability to preserve biodiversity and protect innocent beings. Regardless of our beliefs, this tale and its message are more relevant than ever. Can we create a modern-day ark for the 21st Century? A project with such an ambitious goal? To achieve this mission, Project Tomorrow’s (P)ARK aims to create the most extensive national park in the North-West Europe bioregion by using the protected areas of Natura 2000 and a one-kilometre buffer zone to create an interconnected structure. This structure has been meticulously designed to harmonize with the major cities of the Netherlands, Germany, and Denmark, permeating and spreading throughout different spatial segments. Within the scale and scope of the study, the entire project focuses on transforming a one-kilometre area surrounding national parks, where significant modifications are envisioned to create a non-invasive environment in which nature centres/bio cores can thrive while having enough space to blend with the surroundings. The aim is to let nature resonate from the inside out, and deal with landscape fragmentation. However, this critical approach requires a range of changes in agriculture, cities, infrastructure, and even the concept of our existing fragmented National Parks. This shift towards a non-invasive environment for the coexistence of all species is explained in detail through a new agricultural structure, the concept of rewilding applied to purely wild natural areas, and the specification of larger movement corridors or smaller patches serving as habitats or migration routes for genetic biodiversity. The landscape is further complemented by a pedestrian pathway that leads from Amsterdam to Copenhagen, showcasing the beauty of nature and presenting potential future changes that can lead to restoration. Communities and policy makers are connected through the (P)ARK app, which facilitates both bottom…"
Assessing the effects of habitat management practices on vocalizing animals using passive acoustic monitoring.,"There is an urgent need for effective and efficient technologies suitable for assessing the impacts of anthropogenic activity on biodiversity and ecosystem health. This project explores the potential of passive acoustic monitoring (PAM) for investigating the effects of different habitat management types on the activity and diversity of bats and birds. PAM is non-invasive, does not require line-of-sight and can monitor a wide variety of species. In order to record both audible and ultrasonic frequencies, custom recording devices were developed for this study (Chapter 2). The following specific questions were addressed: Chapter 3. How does the invasion of forest understorey by Rhododendron ponticum affect the activity of different bat species in comparison to areas where rhododendron is absent or has recently been removed? I found that effects of invasive rhododendron on native bat species vary according to their respective foraging strategy. In addition, some bat species were negatively affected by the presence of deer. Chapter 4. How do tree species richness and tree species composition affect acoustic diversity and activity of avian communities in temperate forests? Acoustic indices representing bird diversity demonstrated significant positive relationships with tree species richness, and relationships with some tree species. Some evidence that mixing broadleaves and conifers could benefit bird diversity was also found. Chapter 5. How do the different types of scrub created by rewilding using free-roaming mammalian herbivores differ in the activity levels of bird and bat communities? Bats with different foraging strategies demonstrated niche separation between the different habitats created by rewilding. Habitat characteristics also had significant effects on bird acoustic indices. This thesis demonstrates how PAM can be used to monitor the effects of different habitat managements on two different groups of taxa. However, further developments in analysis methods, particularly automated species identification, are necessary to realise its full potential."
"The Okhta Cape, Saint-Petersburg: urban archeological eco-park. Nature-based solutions for resilient, adaptable, and climate-responsible urban environments.","In this master’s thesis, the study focuses on the investigation of nature-based design solutions for building resilient, adaptable, and climate-responsible urban environments in modern cities. It includes a design proposal for the new urban archeological eco-park, which can serve as a prototypic model of a rewilded urban area. To conduct research for a prototype, a plot located in the city centre of St. Petersburg, Russia - The Okhta Cape, was chosen. A unique combination of the plot’s features, including location, history, and archeological finds contribute to the study by giving it further comprehensive depth. The theoretical framework of this study is defined by analysis of the area, context, users, and ecological restoration. Furthermore, the challenge of designing for the climate emergency is carefully scrutinized. The collected data are analysed consistently through the use of an in-depth content analysis method. The analysis involves the identification and categorization of stakeholders and their interests, in conjunction with the evaluation of threats and opportunities. It reveals that the area faces multiple errors of various origins. Industrial pollution, excessive anthropogenic pressure, rapid ecological degradation, and significant loss of natural habitats are among them, as well as the loss of identity and threat to the archeological legacy. Thus, the main challenge of the design is to find a balance between the interests of stakeholders and to suggest remedial actions, that can be successfully implemented in a dense and overpopulated urban area with limited room for immediate changes. The design programme is established with a focus on the area’s major issues specified in the analysis. This master’s thesis contributes to the stakeholder and urban ecological restoration by defining comprehensive and holistic methods of the reintroduction of nature in the city. They are underpinned by the assistance of nature-driven processes resulting in the reconciliation of urban and natural and strengthening the resilience of both. A prototype promotes the idea of ecological restoration that implies the reduction of man-made structures and active management, relying primarily on nature’s regenerative power. It raises the issue of the necessity of addressing climate emergencies by employing a holistic design approach. The restorative measures integrated into a prototype are designed to provide far-reaching changes in urban green development. A prototype has the potential to be scaled and adapted to other urban areas facing similar environmental issues along with climate adaptation challenges."
Can rewilding work for everyone? Navigating actor perspectives towards upland rewilding.,"Rewilding, the radical new approach to nature recovery that aims to restore ecological processes, is being positioned as critical to overcoming the global biodiversity and climate crises. Whilst rewilding has become a focus of attention as an alternative land-use strategy for upland cultural landscapes in both policy and research, it remains a highly contentious concept because of concerns that it could erase cultural histories and displace local communities by promoting the highly controversial concept of people-free wilderness. Critical to these concerns is a lack of research that explores if and how rewilding can be applied in ways that work for a diverse range of actors closely connected to these cultural landscapes. This research aims to evaluate how diverse values, beliefs, and worldviews shape responses to rewilding and explore different types of rewilding from different viewpoints. The research combines emerging concepts of the ecology of rewilding with social science literature to present a new conceptual framing of rewilding in cultural landscapes. The framework demonstrates that different trajectories of rewilding can be understood according to the place for people in rewilding and the degree of ecological complexity they aim to restore. This way of understanding rewilding challenges existing academic approaches, which focus primarily on the ecological processes of rewilding. This thesis demonstrates that restoring ecological complexity through rewilding can create a myriad of different wilder futures for cultural landscapes, each with differing social and cultural implications. The empirical contribution of this research draws on in-depth engagement with 55 upland management actors (including farmers, grouse moor representatives, conservationists, recreation representatives and local community members) living and working in the Dark Peak Landscape Character Area (Peak District, UK) to explore this conceptual framing of rewilding. This involved an innovative blend of Q-methodology alongside five narrative-based rewilding scenarios. The results delineated three overarching Actor Perspectives on upland management and rewilding, demonstrating an evident polarisation between those who defend traditional upland management (Perspective 1) and those who advocate for â€˜wilderâ€™ land-use change (Perspective 3). However, many participants in this study occupied a midway point between these conflicting perspectives and saw opportunities to adapt existing forms of land use to foster greater biodiversity while also meeting other contemporary societal needs (Perspective 2). These three perspectives are utilised as a heuristic tool to explore the potential impacts of rewilding from different vantage points. The findings extend current perception-based studies on rewilding by demonstrating that different forms of rewilding trigger different responses from different actors and that spatial context plays an essential role in shaping many participants perspectives. The findings also shed light on the temporal dimension of…"
The effect of forest establishment on biodiversity and ecosystem function,"Forest expansion is increasingly proposed as a mechanism to tackle the biodiversity and climate crises. It is therefore crucial we understand the impacts of forest establishment on biodiversity and ecosystem functions, so that we can optimise future forest creation. In this thesis I use a long-term, large-scale native forest creation project in the Scottish Highlands to assess the impact of forest expansion on biodiversity and ecosystem functions in an upland context in the UK. Within the UK, the uplands are an area where forest expansion is likely to conflict less with other land-uses, so understanding the impact of forest expansion in these locations is important. I show that the newly created forest provides habitat for some plant and bird woodland specialists, but specialists are more abundant in mature forest. Plant, carabid beetle and bird communities are transitioning away from those found in unforested areas, towards the composition in mature forest. Ecosystem functions (including aboveground carbon, topsoil carbon, topsoil nitrogen, decomposition rates, soil invertebrate feeding, vegetation structure, tree regeneration) respond variably to the forest creation. Notably, topsoil carbon is lower in the forest creation sites relative to unforested and mature forest areas. Together these results highlight the biodiversity conservation value of forest creation in the Scottish Highlands, but the impact on carbon sequestration is less clear. This emphasises that forest creation targets must consider trade-offs with unforested habitats that may contain high soil carbon stocks and support different aspects of biodiversity. I also consider the need for the integration of ecological research into rewilding projects from their outset. I provide a framework for understanding the links between ecological concepts and goals of rewilding projects, and highlight the need for baseline data collection, long-term monitoring and integration of experimental manipulation in future rewilding projects. A coherent framework for monitoring rewilding and addressing uncertainties experimentally could inform future rewilding projects and allow their biodiversity conservation and carbon sequestration potential to be assessed. Finally, I assess the effect of tree diversity on carbon storage in planted forests. I use a meta-analysis to compare carbon stocks in mixed forests to monocultures, using data from the literature and Tree Diversity Network. I show that carbon stocks in mixed forests outperform the average of associated monoculture plantations and monocultures of commercial species, with no clear difference between carbon stocks in mixed plantations and their best associated monoculture. These results provide further support for the diversification of future planted forests. Overall, my thesis provides data that will inform future forest expansion at a range of scales. Where forest expansion is deployed due to its perceived benefits for biodiversity and carbon sequestration, it is important we understand the extent to which it will…"
Born to Be Wild: Understanding Terrestrial Carnivore Ecology to Guide Wildlife Conservation and Management in Human-Dominated Landscapes,"Terrestrial carnivores are some of the most imperiled species today due to their large home range requirements, high metabolic demands, sensitivity to habitat fragmentation, and persecution by humans. Carnivores play a vital role in shaping community dynamics through top-down regulation, and changes in their abundance, distribution, or intraguild interactions can alter such top-down influences. As such, the recovery of carnivores as a conservation tool to restore ecosystem functions (termed: trophic rewilding) has become increasingly popular. Additionally, many carnivores readily expand their range or reestablish in human-dominated landscapes and coexist with humans. Therefore, carnivore conservation, management, and the use of terrestrial carnivore species for trophic rewilding efforts require not only an understanding of their ecological interactions within the carnivore guild, but also the broader context of these interactions, including the effects of human activities on and predator-prey and competitive interactions.My doctoral research addresses these questions using community and species- level approaches with carnivores in two human-dominated systems: one that harbors the full complement of carnivore species and did not experience species extirpation (brown bear, wolf, lynx, wildcat, red fox, badgers– Romanian Carpathians, RO), and one depauperate, dominated by native and non-native mesocarnivores and witnessing a dynamic recovery of native species (e.g., coyote, bobcat, red fox, gray fox, black bear,raccoon–Ohio, OH). Specifically, in the Romanian system, I used camera trap data coupled with community ecology models to 1) understand seasonal drivers of spatial patterns of apex and mesocarnivore species occurrence and 2) determine the relative importance of top-down versus bottom-up processes in shaping community dynamics of carnivores and prey. In the Ohio system, I used multiple data sources paired with population-level models to 3) evaluate the viability of recovering bobcats and the population susceptibility to various sources of mortality and 4) determined regional density of bobcats to further inform population trajectories and statewide management.First, I used two seasons of camera trap data with multispecies occupancy models and found seasonal differences in the environmental predictors of species-level occupancy for lynx, wildcat, and wolf in the Romanian Carpathians. I also found differences in predictors of co-occurrence between seasons for both lynx-wolf and wildcat-wolf co-occurrence. For both seasons, conditional occupancy probabilities of all three species were higher when another species was present. These results indicate that while there are seasonal differences in predictors of occupancy and co-occurrence of the three species, co-occurrence in our study area is high. Second, I used apex predator, mesocarnivore, and ungulate camera trap data with piecewise structural equation modeling and found that neither top-down nor bottom-up processes alone best describe the predator-prey dynamics in…"
Investigating green space and wellbeing: Piloting a wellbeing assessment tool and development of a green space at an NHS hospital site,"Green spaces have been shown to have a positive impact on health and wellbeing. However, research suggests that measurements of green space and wellbeing are not standardised meaning it is difficult to compare between studies. This thesis presents two aims: to design a quantifiable and repeatable tool to assess wellbeing in relation to green spaces evaluated with Cardiff University staff and to create a green space for NHS staff wellbeing at an NHS hospital site. The tool was designed to include a combination of wellbeing and green space measures. This was evaluated through an iterative process of a 2-phase pilot study. The tool was delivered through an online survey and collected feedback on each data section. The phase-1 pilot study utilised a mixed-methods approach to longitudinally evaluate the first tool iteration. Cardiff University staff provided feedback on the tool through open text boxes (n=10 for the preliminary survey and n=11 for the main survey) and in semi-structured interviews (n=2). Data was analysed through content and thematic analyses which informed tool changes and recommendations for the next phase. In phase-2, Cardiff University staff and postgraduate students (n=32) evaluated the second tool iteration through a cross-sectional study design. A content analysis of feedback informed the final tool iteration design, suggesting recommendations for practical research methodology in further studies. A successful collaboration with staff at Ysbyty Ystrad Fawr, NHS hospital in Caerphilly developed an onsite rewilded green space for wellbeing. The results from this intervention involved an observed increase in biodiversity and community online engagement through online social media posts. Reflections on the green space development, usage and future were collected from semi-structured interviews with NHS staff project collaborators (n=2). This co-production approach between the researcher and NHS staff had resulted in a follow up project to further develop the green space biodiversity, community engagement and provides project legacy."
Mapping Gothic Cumbria : an alternative literary history,"This thesis constructs an alternative literary history of the English Lake District, thereby making a case for a spatially specific Cumbrian Gothic. Criticism has tended to concentrate on the region's exemplary beauty and the Romantic influences of the Lake Poets, neglecting to consider the prevalence of the Gothic mode. This study remedies this scholarly absence by investigating understudied texts and conducting alternative readings of canonical Romantic literature. In doing so it recognises the diversity of Cumbria's cultural legacy and demonstrates the pervasive presence of the Gothic from the eighteenth to the twenty-first century. It argues that whilst fictional incarnations of Cumbrian Gothic have become more popular in this century, they draw on a long history of such representation. This diachronic research identifies three key moments in the development of a distinctive Cumbrian Gothic. It firstly explores how the Romantic period tourist experiences and literary responses of Ann Radcliffe and William Wordsworth were shaped by Gothic narratives that reframed unappealing mountainscapes into sources of the sublime and topographical terror. It then examines how the construction of a Gothic region is compounded by nineteenth-century perceptions of local legends, people and place. This construction was influenced by Victorian-era interests in folklore and antiquarianism, which appropriated oral traditions to make monsters of marginal figures. Lastly, it analyses the self-awareness of contemporary Cumbrian fiction which uses preexisting Gothic narratives to comment on political and environmental issues. It engages with ecocritical and EcoGothic debates to reconsider 'nature'; it evaluates disability inclusion; and proposes rewilding the region as a remedy for ecophobia. This thesis presents Cumbrian Gothic as a multivalent mode that can suitably convey the often unpleasant aspects of rural life. Its revelation of the repressed 'dark side' of the Lake District communicates inarticulable social and environmental crises particular to Cumbria and provincial Britain."
Invertebrate responses to rewilding: a monitoring framework for practitioners,"Rewilding presents a unique opportunity to better understand the processes influencing ecological communities and how they function. Although empirical evidence on the effects of rewilding is growing rapidly, knowledge gain is unbalanced, particularly for invertebrates, despite this group representing a large proportion of biodiversity and being fundamental to key ecosystem processes. Here, we advocate for more targeted systematic monitoring and experimental research, providing a site-based framework for practitioners to evaluate project effects on invertebrate biodiversity. This framework utilizes taxonomic indicators of change, representative of processes important to ecosystem functioning. Implementation of this framework and the associated opportunities and challenges for practitioners are discussed. Adopting this framework would broaden the taxonomic groups and ecosystem processes evaluated by rewilding projects, transform the sector from opinion-based to evidence-based, and help address some of the most pressing ecological and conservation questions of the twenty-first century."
Monitoring the rewilding of the Brazilian Atlantic Forest on tree and mammal diversity: From a biodiversity hotspot to a biodiversity hopespot,"The implementation of rewilding initiatives is crucial for biodiversity recovery, particularly in biodiversity hotspots such as the Brazilian Atlantic Forest. Long-term monitoring of rewilding initiatives is critical for assessing progress and informing management choices. This study assesses the efficiency of different reforestation practices for biodiversity recovery, including passive restoration, active reforestation with different native seedlings, and plantations of exotic species. We applied an ecosystem approach to estimate the tree and mammal diversity, collected through forest plots and camera traps. We selected differently managed areas and included the oldest forest patches as reference points for the assessment of biodiversity; a naturally disturbed montane forest in the area was included as a control category for the disturbance analysis. Moreover, we investigated the influence of ecological variables, such as biodiversity, aboveground biomass, and altitude, on rewilding processes. Our results suggest that Eucalyptus plantations, a simplified ecosystem made up of monocultures of exotic species, support lower biodiversity. On the contrary, active reforestation with different native species resulted in an ecological status comparable to naturally regrown secondary forests. We show that active reforestation can reduce the time required for rewilding. We also found a positive correlation between tree and mammal species richness. These results underscore the importance and potential of responsible restoration efforts in recovering local biodiversity, contributing to the vision of a future where the Brazilian Atlantic Forest can be acknowledged not only as a biodiversity hotspot but also as a hopespot."
Rewilding by large ungulates contributes to organic carbon storage in soils,"The concept of rewilding, which focuses on managing ecosystem functions through self-regulation by restoring trophic interactions through introduced animal species with little human intervention, has gained increasing attention as a proactive and efficient approach to restoring ecosystems quickly and on a large scale. However, the science of rewilding has been criticized for being largely theory-based rather than evidence-based, with available data being geographically biased towards the Netherlands and Scandinavian countries, and a lack of objective data on rewilding effects on soil processes and C sequestration. In response to a call for data -driven experimental rewilding projects focused on national contexts, we collected unique data on the effects of large herbivore rewilding on soil properties from eight sites in the Czech Republic. These include sites with a wide range of edaphic characteristics that were grazed by Exmoor ponies, European bison, and back -bred Bos primigenius cattle (singly or in combination) for 2-6 years on areas ranging from approximate to 30 to approximate to 250 ha. Despite the relatively short duration of rewilding actions and considerable variability in the response rate of soil properties to grazing, our results indicate improved nutrient availability (evidenced by higher nitrification rate or higher soluble nitrogen concentration) and accelerated ecosystem metabolism (higher soil microbial biomass and dissolved carbon content). On longer-grazed pastures, rewilding contributed to soil carbon sequestration associated with increased water holding capacity and improved soil structure. However, other soil properties (reduced dissolved P concentration or total P content) showed signs of low P availability in the soils of the rewilding sites. Therefore, carcass retention should be considered where possible. Our data, although limited in number and geographic coverage, allow us to conclude that large ungulate rewilding has the potential to enhance soil carbon sequestration and related ecosystem services in rewilding areas. At the same time, we urge similar monitoring as an essential part of other rewilding projects, which will ultimately allow much more robust conclusions about the effects of this management on soils."
Effects of Rewilding Aquaculture Time on Nutritional Quality and Flavor Characteristics of Grass Carp (Ctenopharyngodon idellus),"Wild fish are preferred by consumers primarily for their superior sensorial qualities, including taste and texture. However, their limited availability often results in higher prices. Considering this, we explored the possibility of enhancing the quality of earthen pond aquaculture fish by transferring them to a near wild environment. This study investigated how rewilding time affects the physical properties, nutritional composition, and volatile profile of grass carp muscle. The results showed that compared to the 0M group, the crude protein content in grass carp muscle did not change significantly (p > 0.05) as the rewilding time increased to 6 months. Meanwhile, the significant increase in hardness and springiness (p < 0.05) indicated that the textural characteristics of muscle, which were key sensory and physical indices of muscle quality, were improved. Although the 6M group showed a 58.93% reduction in crude fat content compared to the 0M group, it retained the highest docosahexaenoic acid (DHA) content. Sensory evaluation demonstrated that as the rewilding time increased, the fishy and grassy odors of the rewilding grass carp diminished. Furthermore, cluster heatmaps and partial least squares discriminant analysis (PLS-DA) revealed that cultured grass carp and rewilding grass carp at three time points exhibited differences in various indicators. The variable importance in projection (VIP) showed that volatile flavor compounds (acetone, propionaldehyde-D, 1-penten-3-ol) and hardness were key factors in distinguishing between them. Therefore, extending the rewilding time can potentially enhance the acceptability of cultured grass carp by improving the physical properties, nutritional quality, and volatile profile of the muscle. This approach may provide a new pathway for fish aquaculture."
The human side of rewilding: Attitudes towards multi-species restoration at the public-private land nexus,"Rewilding is an increasingly popular approach to ecosystem-level restoration whereby strengthening ecosystem resilience and functionality is achieved through restoring previously extirpated species and/or ecological processes. Although rewilding has been broadly applied in many systems globally, there are limited examples that use sociological information to inform multi-species restoration efforts under this paradigm. We surveyed Montana, USA residents representing five stakeholder groups (local ranchers, statewide ranchers, rural residents, urban residents and members of conservation organizations) to assess public attitudes and behaviors towards a suite of species and ecological processes targeted for multi-species restoration in the Northern Great Plains. We also evaluated levels of public support for conservation incentive programs that are commonly used as a mechanism to increase restoration potential on private lands. We found that there were differences in how stakeholders perceived and behaved towards species subject to or targeted for restoration. Species perceived as potential risks to humans and livestock, or possessing regulatory constraints, yielded more negative attitudes, had increased potential for negative behaviors, and support for incentives for those species was lacking. Conversely, we found that stakeholder attitudes towards conserving migration as an ecological process were generally favorable. Our results illustrate how using public tolerance as a metric of social suitability will reveal barriers to acceptance for individual species restoration as well as insights into potential mechanisms for increasing public support for rewilding. More broadly, our study highlights how achieving rewilding in working lands will require community engagement to increase public support and continued assessments of social processes that may limit multi-species restoration."
Identifying urban rewilding opportunity spaces in a metropolis: Chongqing as an example,"The worldwide urbanization has resulted in a massive loss of natural habitats, which is threatening biodiversity and socio-ecological sustainability. Urban rewilding is a strategy aiming to restore the complexity, autonomy and self-sustainability of urban ecosystems by interlinking ecological processes while minimizing or gradually reducing human disturbances. The benefits of urban rewilding are widely acknowledged; however, there remains a knowledge gap concerning the identification of suitable locations for urban rewilding and the methodologies for assessing the rewilding potential of urban areas. In this study, we proposed an approach that can be used to accurately identify urban rewilding opportunity spaces (UROS, the existing wildness areas and spaces offering ecological conditions conducive to the establishment of new urban wildness), by integrating data on spatial heterogeneity, biodiversity and human disturbance. UROS in Chongqing, China was evaluated and mapped at the city-wide scale, with a subsequent validation of the UROS results through an assessment of species richness of spontaneous herbaceous communities, which serve as the pioneer species in rewilding processes. The results revealed a positive correlation between high-scoring UROS and increased species richness of spontaneous herbs, thus confirming the feasibility of the UROS assessment method. Eleven primary types of UROS were identified, with the majority displaying scattered or linear distributions. Most very high-scoring UROS are characterized by expansive woodland expanses situated on the outskirts of high-density built-up areas and substantial water bodies within the built-up urban areas. Notably, nearly half of the UROS encompass areas of 900 m2 or less, underscoring the importance of urban rewilding initiatives targeting not only the preservation of extensive UROS with robust connectivity but also the revitalization of fragmented UROS with limited areas situated within central urban regions. The methodology is applicable to offer insights and spatial guidance in the execution of urban rewilding initiatives and biodiversity conservation efforts, contributing to sustainable regional development in the context of rapid urbanization."
Rewilding tourism in the news: Power/knowledge and the Irish and UK news media discourses,"This study investigates how complex power relations shape the knowledge about rewilding tourism produced by the news media in the Republic of Ireland and the United Kingdom. A multi-level Foucauldian discourse analysis with a socialist ecofeminist lens is adopted to evaluate online news articles about rewilding tourism across a 5-year period (2017-2022). By tracing the network of power relations across society, this micro-meso-macro-level discourse analysis reveals the discursive strategies, taken-for-granted norms, taboos, silences and subjugations shaping rewilding tourism knowledge. The results show how tourism is tapping into the growing public engagement with rewilding, while we fail to critically evaluate the longterm implications for future generations of the 'green grabbing' of land, primarily for the carbon credits market and incidental rewilding (eco)tourism. (R) 2023 The Author(s). Published by Elsevier Ltd. This is an open access article under the CC BY-NC license (http://creativecommons.org/licenses/by-nc/4.0/)."
Evaluating the success of vegetation restoration in rewilded salt marshes,"Floodbank realignment is a common practice aimed at restoring salt marsh vegetation on previously embanked land. However, experiences indicate that it may take several years before salt marsh vegetation becomes fully established. Various challenges arising from ecogeomorphic feedback mechanisms could pose significant setbacks to vegetation recolonization. The widespread adoption of transplantation techniques for the restoration and rehabilitation of rewilded landscapes has indeed proven to be a valuable tool for accelerating plant development. In the Ria Formosa coastal lagoon (South of Portugal), a pilot plan was implemented, and two salt marsh pioneer species, Spartina maritima (syn. Sporobolus maritimus ) and Sarcocornia perennis (syn. Salicornia perennis ), were transplanted from a natural salt marsh to a rewilded marsh. Biodegradable 3D porous structures were installed to mimic transplant clumping, aid sedimentation, and enhance the plant ' s initial adjustment. Ecological, sediment, and hydrodynamic data were collected during the 12-month pilot restoration plan. The environmental profiles of the donor and restoration sites were compared to substantiate the success of the transplants in the rewilded salt marsh. Results show that although plant shoot density decreased after the transplanting, Spartina maritima acclimated well to the new environmental conditions of the restoration site, showing signs of growth and cover increase, whilst Sarcocornia perennis was not able to acclimatize and survive in the restoration site. The failure behind the Sarcocornia perennis acclimation might be related to the bed properties and topographic properties of the restoration site in the rewilded marsh. Major findings contribute to a more comprehensive understanding of how salt marsh pioneering vegetation successfully colonizes disturbed habitats, facilitated using 3D -biodegradable structures."
"Time to independence and predator-prey relationships of wild-born, captive-raised cheetahs released into private reserves in Namibia","1. Reintroduction programmes are an important tool for the conservation of threatened and endangered carnivores, but their effectiveness has rarely been assessed when wild-born, captive-raised orphans are released. 2.We monitored and evaluated the success of captive-raised orphaned cheetahs (n = 25) that were rehabilitated and released into the wild as adults across three private reserves in Namibia. We estimated time to independence, hunting success and prey composition, and for one reserve we derived prey preference and hunting habitat use. 3. Seventeen cheetahs achieved independence (68%) whereas eight were returned to captivity. With one exception, solitary or coalition cheetahs made their first kill 6 +/- 2 days post-release. Hunting success was on average 56%, with solitary females having the highest success. We documented 13 species of wild prey killed by rehabilitated cheetahs, primarily ungulates (n = 170). Steenbok (Raphicerus campestris) were the preferred prey, although avoided by artificially formed female cheetah coalitions, which primarily killed juvenile eland (Tragelaphus oryx). Cheetahs used a wide range of vegetation for hunting, although coalition males appeared to use somewhat denser areas. 4. Rehabilitated wild-born captive-reared cheetahs can be successfully released if prey availability and human-wildlife conflict potential are considered, and food supplementation and intensive monitoring are undertaken."
Rewilding landscapes with apex predators: cheetah (Acinonyx jubatus) movements reveal the importance of environmental and individual contexts,"Rewilding landscapes through species or population restoration is an increasingly applied practice in biological conservation. There is expanding interest in wildlife release projects for apex predator population augmentation or reintroductions in historical ranges. Cheetahs (Acinonyx jubatus) are an IUCN Vulnerable-listed species with a declining global population facing major threats, which in southern Africa primarily include lethal persecution on livestock farms and bush encroachment transforming open habitats to woody areas. We used GPS radiocollars to monitor ten adult cheetahs from 2007 - 2018 in the Central Plateau of Namibia encompassing an area restored as an open savanna field (13.7 km(2)) located in a matrix of woodland savanna affected by bush encroachment. We generated a set of a priori hypotheses that tested the effects of various factors on cheetah movements indexed by step length. We compared cheetah movement metrics based on their history as wild, rehabilitated, and/or translocated individuals. Day/night activity, habitat type, and habitat edges were significant predictors of cheetah movement. Wild resident cheetahs displayed significantly longer steps than the other cheetah classes, possibly suggesting increased territorial behaviour in response to the presence of introduced cheetahs. Some cheetahs temporally segregated by moving extensively during daytime, but most individuals were primarily active during crepuscular periods. Small prey remained constant across time, whereas large prey declined over the study period. Cheetahs appeared to adjust behaviourally by increasing movements in years when large prey were scarce. Cheetahs appeared to be ecologically adaptable and behaviourally flexible in response to varying prey populations and when translocated to new environments, specifically at the interface between bush-encroached woodland and open savanna. Environmental settings and animal history need to be carefully considered in rewilding and ecosystem restoration, and monitoring of released and resident individuals, if present, is important to understand ecological dynamics at release sites."
"Fear of the bear? Rewilding, rural agencies and politics in two documentaries in Trentino and the Pyrenees","In Trentino and the Pyrenees, the population of bears has grown since the 1990s, when new specimens were released into the wild to recover this endangered species. The reintroduction generated a conflictive cohabitation with village dwellers, the shepherding sector, and rural initiatives in both areas. The aim of this research is to evaluate how local media and two audiovisual documentaries covered the bear issue in both regions. The researchers analysed the content of 86 articles from two newspapers in 2022, conducted a narrative analysis of the documentaries and interviewed their directors. The results reveal that the documentaries created a counter -narrative to politicisation, in the Italian case, and to environmentalisation, in the Catalan. Because both documentaries paid attention to rural communities, they contributed to increasing rural agency, an aspect aligned with the filmmakers' motivations at the inception of both productions. The authors argue that the circulation of these narratives diversely expresses renewed imaginaries of rural societies in both contexts."
"Ten steps towards integrated decision making for ecological restoration in cities: Rewilding the European beaver (Castor fiber) in Berlin, Germany","Ensuring a livable city for all within the more-than-human discourse, restoration of urban ecosystems requires careful consideration of both human and non-human needs. However, traditional assessments and therefore most management plans usually fail to include the latter as a core planning requirement. This article presents and explains a 10-step method which simultaneously and actively considers both to identify potential restoration areas within urban ecosystems. To do so, a Strengths-Weaknesses-Opportunities-Threats (SWOT) analysis for the multispecies needs identification is combined with a Multicriteria Spatial Decision Support System (MCSDSS) for the spatial assessment. To validate this method, a case study of Berlin, Germany, an explicitly urban case, is presented. The aim of the study was to evaluate the ecosystem restoration (rewilding) potential of the city's riparian and riverine ecosystems through the enhancement of Eurasian beaver habitats. center dot Method combining SWOT analysis with MCSDSS for an integrated spatial assessment center dot Well-suited for multispecies (human and non-human) perspective on urban nature restoration"
Alternative vegetation trajectories through passive habitat rewilding: opposite effects for animal conservation,"Context Passive habitat rewilding after rural abandonment can affect wildlife differently depending on the type of habitats that it generates.Objective Evaluate and compare the effects of two alternative vegetation trajectories that occur through passive habitat rewilding in Mediterranean ecotone areas (crop-scrub and crop-pine forest transitions) on the long-term population dynamics of animal species.Methods We used the spur-thighed tortoise (Testudo graeca), a characteristic long-lived species of cultural landscapes, as study species. We applied a spatially explicit and individual-based model (STEPLAND) to simulate the movement and demographic processes in a long-term period, by comparing an impact scenario (i.e., historical land-use changes) to a control scenario (no land-use changes).Results The two landscape scenarios resulted in different population trends. In the crop-scrub scenarios (control and impact), population densities increased similarly over time. However, the crop-pine forest scenario negatively affected population density throughout the simulation period, and showed a time-lag response of three decades. The extinction risk was 55% with a time-lag response of approximately 110 years.Conclusions Our study highlights the need to analyse the legacy effects on long-lived ectotherms, using them as a proxy to understand the future effects of dynamic landscapes created by passive habitat rewilding. Our results showed how traditional agriculture in Mediterranean ecotone areas may generate ecotone effects (i.e. increase in demographical parameters), but also population extinction on long-lived ectotherms. Therefore, we consider it relevant to maintain traditional agricultural areas in Mediterranean landscapes, especially in ecotone areas associated with pine forests (generating mosaics with open habitats)."
Long-term vegetation trajectories to inform nature recovery strategies: The Greater Coa Valley as a case study,"Active and passive approaches to rewilding and ecological restoration are increasingly considered to promote nature recovery at scale. However, historical data on vegetation trajectories have rarely been used to inform decisions on whether active or passive management is most appropriate to aid recovery of a specific ecosystem, which can lead to sub-optimal approaches being deployed and reduced biodiversity benefits. To demonstrate how understanding past changes can inform future management strategies, this study used satellite remote sensing data to analyse the changes in land cover and primary productivity within the Greater Coa Valley in Portugal, which has experienced wide-scale land abandonment. Results show that some areas in the Valley regenerated well following land abandonment in the region, leading to a more heterogeneous landscape of habitats for wildlife, whereas in other areas passive recovery was slow. As Rewilding Portugal intensifies its nature recovery efforts in the region, this study calls for strategic deployment of passive and active approaches to maximise conservation benefits. More broadly, our results highlight how baseline vegetational trajectories and contextual information can help inform whether active or passive management approaches may be suitable on a site-by-site basis for both rewilding and restoration projects."
Intertidal seagrass extent from Sentinel-2 time-series show distinct trajectories in Western Europe,"Intertidal areas, which emerge during low tide, form a vital link between terrestrial and marine environments. Seagrasses, a well-studied intertidal habitat, provide a multitude of different ecosystem goods and services. However, owing to their relatively high exposure to anthropogenic impacts, seagrasss meadows and other intertidal habitats have seen extensive declines. Remote sensing methods that can capture the spatial and temporal variation of marine habitats are essential to best assess the trajectories of seagrass ecosystems. An advanced machine learning method has been developed to map intertidal vegetation from satellite-derived surface reflectance at a 12-band multispectral resolution and distinguish between similarly pigmented intertidal macrophytes, such as seagrass and green algae. The Intertidal Classification of Europe: Categorising Reflectance of Emerged Areas of Marine vegetation with Sentinel-2 (ICE CREAMS v1.0), a neural network model trained on over 300,000 Sentinel-2 pixels to identify different intertidal habitats, was applied to the open-access long term archive of systematically collected Sentinel-2 imagery to provide 7 years (2017-2023) worth of intertidal seagrass dynamics in 6 sites across Western Europe (471 Sentinel-2 Images). A combination of independently collected visually inspected Uncrewed Aerial Vehicle imagery and in situ quadrat images were used to validate ICE CREAMS. Having achieved a high seagrass classification accuracy (0.82 over 12,000 pixels) and consistent conversion into cover (19% RMSD), the ICE CREAMS model outputs provided evidence of site specific variation in trajectories of seagrass extent, when appropriate consideration of intra-annual variation has been considered. Inter-annual dynamics of sites showed some instances of consistent change, some indicated stability, while others indicated instability over time, characterised by increases and decreases across the time-series in seagrass coverage. This methological pipeline has helped to create up-to-date monitoring data that, with the planned continuation of the Sentinel missions, will allow almost real-time monitoring of these habitats into the future. This process, and the data it provides, could aid management practitioners from regional to international levels, with the ability to monitor intertidal seagrass meadows at both high spatial and temporal resolution, over continental scales. The implementation of Earth Observation for high-resolution monitoring of intertidal seagrasses could therefore allow for gap-filling seagrass datasets, and sustain specific and rapid management measures."
"One hundred years of solitude: The rediscovery of Pristimantis ruidus (Anura, Strabomantidae) in the southern Andes, Ecuador and its phylogenetic relationships","We report the rediscovery, a century after its last record, of two specimens of Pristimantis ruidus from approximately 6 km northeast of its type locality, in a montane forest from the western Andes of southern Ecuador. This species, described by John D. Lynch in 1979, based on specimens collected in 1922 by George H. Tate, was previously known only from the type series, all specimens originating from a single locality (Molleturo, Provincia Azuay, Ecuador, 2317 m elev.). The rediscovery occurred in November 2022 in the Reserva de Conservaci & oacute;n Quitahuaycu, Molleturo Parish, Azuay Province. The two specimens, both females, are characterised by rough skin with numerous rounded low warts and tubercles on their dorsum, a W-shaped occipital fold, tympanum and tympanic ring not externally visible and by the lack of cranial crests, characters that correspond with the description of the holotype. We evaluate the phylogenetic relationships, based on two mitochondrial genes ( 12S and 16S rRNA) and one nuclear gene ( RAG-1 ). These analyses reveal Pristimantis ruidus as a member of the subgenus Huicundomantis, being most closely related to P. philipi, a species with a distribution restricted to the paramo of the same mountain region (Macizo del Cajas). Pristimantis ruidus co-exists with Pristimantis jimenezi, three additional species of Pristimantis and one Noblella with uncertain taxonomic status. This rediscovery underscores the urgency of implementing effective conservation and monitoring measures for the few remnants of the original ecosystems from western Ecuador, which face ongoing anthropogenic threats and harbour a diversity that remains insufficiently studied."
Restoring ecological function: Interactions between vertebrates and latrines in a reintroduced population of Rhinoceros unicornis,"Reintroduction is a highly effective strategy for rebuilding wildlife populations and restoring their ecosystem functions, but impacts on function are poorly documented. We addressed this gap by comparing the species richness and visit rate of mammals and birds that interact with rhino ( Rhinoceros unicornis ) latrines at two locations in Nepal: Chitwan National Park, with a stable rhino population, and Shuklaphanta National Park, where a rhino reintroduction program was conducted from 2003 to 2018. Camera-traps were used to monitor visitors to 30 latrines in both parks from 2020 to 2021 (669 camera-trap days). The reintroduction of rhinos to Shuklaphanta National Park has played a crucial role in restoring an important resource for other mammal and bird species. Despite a large difference in rhino abundance, and differences in the size, quality and some of the nutritional contents of latrines between sites, there were no significant differences in species richness of latrine visitors and in the frequency of most behaviours at the latrines. Visit rates of animals were higher at the reintroduction site, confirming latrines to be important, limited resources. Overall, 4 mammal and 4 bird species used the latrines to consume the dung, or insects and plants growing on and around the dung; a further two mammal species interacted only indirectly with the latrines. These findings provide evidence that even at low population densities, rhino reintroduction can successfully restore an important ecological function and provide vital resources for other species. Our study supports the rewilding of large-bodied animals to mitigate ecosystem deterioration."
Seasonal covariations of diet-gut microbiota in the adaptation of the newly reintroduced Pere David's deer (Elaphurus davidianus) to the northern habitat,"Milu (Pe`re David's deer, Elaphurus davidianus), once extinct in the wild, was one of the few indigenous large herbivores of the wetland ecosystem in China. The reintroduction of milu in northern China has just started and is expected to restore not only that species, but also the ecosystem. To acquire insights into the adaptive process of the milu population first rewilded in the northern habitat and provide knowledge for the on-going and future reintroduction attempts, we used DNA metabarcoding to analyze the diets and gut microbiota of those milu in the first year after releasing. The results showed strong seasonality in both diet and gut microbiota. Significant higher dietary diversity was detected in in autumn than summer and winter. Woody dietary components increased continuously from summer to winter. A significant correspondence was found between the dietary and microbial diversities. Enrichment of metabolic pathways involved in lipid and amino acid metabolism was identified in summer, and of those involved in carbohydrate and glycan metabolism was identified in winter. Pathways related to metabolism of certain amino acid were differently abundant in the breeding season. The study indicated the contribution of foraging and gut microbial seasonality to the overwintering, reproduction and environmental adaption of the reintroduced milu. The enrichment of opportunistic pathogen Treponema and lower microbial diversity indicated higher health risk in winter, and thus disease prevention measures were suggested. Pre- and post-release food evaluation and monitoring was recommended to ensure food sufficiency in the reintroductions."
Carnivores' contributions to people in Europe,"Human-carnivore relations in Europe have varied throughout history. Because of recent conservation efforts and passive rewilding, carnivore populations are recovering, which translates into more interactions with humans. Thus, unraveling these interactions as well as the multiple contributions carnivores provide to people is crucial to their conservation. We examined the literature conducted in Europe since 2000 and used the nature's contributions to people (NCP) framework to identify factors that have shaped human-carnivore relations. To do so, we examined the state of scientific knowledge and relationships among types of NCP from carnivores, countries, and carnivore species; and between NCP, actors, and management actions. Results indicated that research has been oriented toward large carnivore species and their detrimental contributions to people. Further, the effectiveness of carnivore management strategies has only been evaluated and monitored in a limited set of all the research. To balance any negative views on carnivores, we suggest that the recognition of the duality of carnivores, as providers of both beneficial and detrimental contributions, should be included in EU conservation policies."
Developing a Wilderness Quality Index for Continental Europe,"This paper presents an updated wilderness quality map, WQI 2.0, for Europe, which extends the existing map (WQI 1.0) to include non-EU states in Eastern Europe. The analysis utilizes the Google Earth Engine (GEE) cloud platform and incorporates contemporary datasets to assess wilderness quality across the continent. WQI 2.0 is compared to the previous version from the EU Wilderness register and global data from the WCS Human Influence Index (HII). Results indicate a high level of consistency between the versions, validating the robustness of the approach and the value of up-to-date datasets. WQI 2.0 serves as a valuable tool for developing a coordinated European policy on wilderness protection, encompassing both EU and non-EU states. By identifying areas outside current protected boundaries, the map helps to identify regions at risk of degradation and loss, due to resource exploitation. While small changes are seen between WQI 1.0 and WQI 2.0, expanding the coverage over the whole of continental Europe provides a foundation for the longer-term monitoring and evaluation of conservation targets. The findings contribute to meeting international commitments, such as the COP15 Kunming-Montreal Agreement and CBD targets, by highlighting the importance of preserving intact wilderness areas and increasing protected areas through restoration and rewilding efforts. Future iterations, such as WQI 3.0+, can track trends and potential threats to wilderness areas, while also identifying opportunities for ecosystem recovery through restoration and rewilding. To ensure comprehensive coverage, there is a need to update the existing Wilderness Register 1.0 and expand its scope to include non-EU states. This can be facilitated through collaboration with national WQI mapping programs, building on the experiences of countries such as Scotland, France, Iceland, and Germany, which have well-established national mapping initiatives. Overall, WQI 2.0 and the proposed updates provide valuable tools for informed decision-making in wilderness conservation and restoration efforts across Europe."
Extreme Ungrading: Rewilding the Classroom through Human-Centered Design,"Assessment in computer science education has grown reliant on rigid rubrics and intensive exams, a practice that yields capable yet compliant coders. In this article, I explore how we might use human-centered design to reexamine contemporary pedagogy and redesign our classrooms to cultivate a different type of programmer, one with a more critically engaged eye. Inspired by the ethos of agile development, I offer an alternative evaluation paradigm: Extreme Ungrading. Exploring results of a two-year case study applying this method to a software engineering class, this article distills actionable guidelines for enhancing learning outcomes through inclusive course development, and seeks to spark debate about our duty as scholars of HCI to reshape computer science education."
A sentinel watching over inter-tidal seagrass phenology across Western Europe and North Africa,"Seagrasses are marine flowering plants that form extensive meadows from the inter-tidal zone up to similar to 50 m depth. As biological and ecological Essential Biodiversity Variables, seagrass cover and composition provide a wide range of ecosystem services. Inter-tidal seagrass meadows provide services to many ecosystems, so monitoring their occurrence, extent, condition and diversity can be used to indicate the biodiversity and health of local ecosystems. Current global estimates of seagrass extent and recent reviews either do not mention inter-tidal seagrasses and their seasonal variation, or combine them with sub-tidal seagrasses. Here, using high-spatial and high-temporal resolution satellite data (Sentinel-2), we demonstrate a method for consistently mapping inter-tidal seagrass meadows and their phenology at a continental scale. We were able to highlight varying seasonal patterns that are observable across a 23 degrees latitudinal range. Timings of peaks in seagrass extent varied by up to 5 months, rather than the previously assumed marginal to non-existent variation in peak timing. These results will aid management by providing high-resolution spatio-temporal monitoring data to better inform seagrass conservation and restoration. They also highlight the high level of seasonal variability in inter-tidal seagrass, meaning combination with sub-tidal seagrass for global assessments will likely produce misleading or incorrect estimates."
Heterospecific visual cues and trophic facilitation processes used by a solitary bone-eating vulture,"While the influence of public information sharing on foraging strategies is of growing interest, empirical studies exploring intraguild social information use and facilitation roles between individuals with different trophic specializations remain scarce. Heterospecific facilitation should be more common in specialist foragers, for example, the bearded vulture Gypaetus barbatus, a solitary bone-eating scavenger. We monitored 133 carcasses of different types/sizes in open and shrubland landscapes in the Spanish Pyrenees to explore bearded vulture foraging in relation to social information transfer and adaptive trophic behavior. We hypothesized that they might (1) feed on carcasses after initial heterospecific exploitation; (2) use heterospecifics to locate and/or exploit carcasses; and (3) prefer old carcasses over fresh ones. We recorded bearded vultures scavenging at 44 carcasses; 95.5% had been previously exploited by heterospecifics (93.2% by griffon vultures Gyps fulvus and 2.3% by golden eagles Aquila chrysaetos) while only two small-sized carcasses were scavenged without previous heterospecific exploitation. Bearded vultures were not observed scavenging at carcasses used only by mammals. Both griffon and bearded vultures took longer to find carcasses in shrublands than in open landscapes. However, bearded vulture arrival times between landscapes after carcass discovery by griffon vultures were similar. Bearded vultures were more likely to discover a carcass the greater the number of griffon vultures exploiting it. Only 10.4% bearded vulture scavenging events occurred after the third week following heterospecific exploitation, suggesting that recently opened carcasses were preferred. Clearly, heterospecifics play an essential role in bearded vultures foraging success, and griffon vultures are fundamental facilitators for specialist foragers, both in providing visual cues to food location and in opening up carcasses to enable access to food."
Born to be wild: Captive-born and wild Iberian lynx (Lynx pardinus) reveal space-use similarities when reintroduced for species conservation concerns,"An ambitious conservation programme to save the Iberian lynx from extinction conducted several reintroductions aiming to restore its historical range. The urgency due to the delicate conservation status prompted translocating captive-born and wild individuals, while preventing an early assessment of how both groups combined their space-use and differed in post-release movements. To address this issue, we conducted a comprehensive movement ecology analysis using GPS data of 161 Iberian lynxes from 9 populations. First, we classified five movement phases within individuals' trajectories: residence areas (stable and transient), excursions, post-release dispersals, and transitions between residences. Second, we used continuous-time movement models to estimate range size and daily speeds and measured the distance travelled during extra-territorial movements. Finally, we conducted comparative analyses to evaluate differences between captive-born, wild translocated, and wild non-translocated individuals across phases, sex, age-class and populations. Most individuals in all groups established home ranges, supporting the reintroduction main goal. Yet, contrary to the species' natural pattern, captive-born subadults did not show intersexual home range size differences, which emerged after experiencing free-ranging, when becoming adults. More differences emerged for non-residential behaviours. Captive-born lynxes were more prone to post-release dispersal, to slower post-release movements and to having smaller transient residences, indicating cautious behaviour. Our study supports using captive-born individuals for reintroductions, while prioritizing wild individuals for reinforcements in highly competitive populations. Further, we suggest relevant metrics for planning translocations and connectivity management, and we demonstrate how an integrated ex-situ and reintroduction initiative can substantially contribute to restoring an endangered species' distribution range."
A comparison of the welfare of free-ranging native pony herds on common land with those used for conservation grazing in the UK,"Free-ranging native Dartmoor and Exmoor ponies have not only held strong cultural and environmental significance for thousands of years within their respective national parks, but their environmental benefits and naturally selected characteristics have also been acknowledged and harnessed for conservation grazing and rewilding programmes. Despite a wealth of literature regarding the welfare of sports, leisure and working horses, there is little information concerning the welfare of free-ranging and extensively grazing ponies. The present study compared the welfare of native Exmoor and Dartmoor ponies grazing on the moors in their respective national parks (n = 47) with those that have been translocated to other areas of the UK for use in conservation grazing and rewilding programmes (n = 29) using a specifically designed observational welfare assessment protocol for free-ranging ponies. The results showed a significant difference between common land and conservation grazing ponies in the scores for Body Condition Score, Water Quality and Availability, Environmental Hazards, Human Disturbance, Skin and Coat Condition and the Human Approach Test. Despite no evidence of significant welfare compromise being identified, this study emphasises the importance of year-round monitoring of welfare and the feasibility of the observational welfare protocol to be used by pony keepers and grazing managers in the future."
Cumulative collision risk and population-level consequences of industrial wind-power plant development for two vulture species: A quantitative warning,"Prioritizing renewable energy generation over the conservation of natural habitats and species on a large spatial scale, leads to the paradox of impacting biodiversity to mitigate climate change. In this study, we aim at quantifying the long-term demographic impact of the excess mortality caused by collisions with wind turbines on the populations of two vulture species of conservation concern. Using long-term monitoring data and Integrated Population Models (IPMs), we quantified demographic parameters and projected population trends under various wind power development scenarios. Our findings indicate that even under our most optimistic scenarios, annual collision mortality could reach up to 30 % of the current Cinereous vulture population and 7 % of the Griffon vulture population. Without further wind power expansion, both vulture populations are predicted to remain stable or increase over the next 20 years. However, the addition of 85 wind turbines is likely to drive the Cinereous vulture to local extinction within 18 years and significantly slow the growth of the Griffon vulture population. Scenarios involving larger numbers of turbines could result in the extinction of both species within two to five years for Cinereous vultures and up to 20 years for Griffon vultures, depending on space use intensity. Our results underscore the vulnerability of long-lived species to excess mortality and highlight the need for comprehensive Environmental Impact Assessments (EIAs) that incorporate population dynamics analyses. Effective conservation strategies must include rigorous pre- and post-construction monitoring, the availability of monitoring data, and cumulative impact assessments that consider the entire foraging range of these species. Additionally, strategic planning to avoid critical vulture habitats and implementing mitigation measures in buffer zones are essential. This study emphasizes the necessity of integrating biodiversity considerations into renewable energy planning to balance the goals of energy production and wildlife conservation."
"Construction and optimization of wilderness network connectivity to address landscape fragmentation in Zhejiang Province, China","Wilderness areas provide important ecosystem services for human being, and as crucial habitats for diverse species. Human activities have led to the fragmentation of wilderness landscapes, posing a significant challenge to biodiversity conservation. Identifying wilderness areas and assessing their network connectivity is fundamental for developing strategies to address this fragmentation. This study used Zhejiang Province, China, which is in the process of rapid urbanization as a case study. We identified the spatial distribution of wilderness by combing the index system and its weights of wilderness identification, using Boolean superposition analysis and the multi-criteria evaluation method, and tested the ecological sensitivity. Additionally, the connectivity of the wilderness network was assessed using the wilderness identification results in Zhejiang Province as ecological sources. The results indicate that: (1) 50% of Zhejiang Province still maintains relatively good wilderness integrity. (2) The wilderness network can cover 82% of highly fragmented habitats and currently unallocated potential natural reserves. (3) In areas not designated as nature reserves but experiencing frequent species movement as well as in identified wilderness regions, robust wilderness networks may play a crucial role in biodiversity conservation. The findings provide quantitative evidence for biodiversity-oriented wilderness network protection and landscape fragmentation management. The results also aid in selecting specific areas for rewilding and ecological restoration, thereby enhancing the overall robustness of the wilderness network."
The role of land market in shaping farmland abandonment in post-Soviet Armenia,"In the face of the growing competition and demand for land resources, abandoned farmland has received renewed attention as a land resource that can either be recultivated or provide other land-use opportunities, including recultivation, options for rewilding, and other alternatives to agricultural land uses. Using the example of Armenia, this study examines farmland abandonment from the perspective of land ownership rights in the post-Soviet transition context from centrally planned to market economies. Through a case study across three villages in the Armavir province of Armenia, we evaluate the role of land markets in farmland abandonment and assess the influencing factors of land market participation by landowners. Based on the analysis of structural surveys with logistic regressions, we reveal that landowners who are willing to lease out and sell their land parcels are more likely to leave their farmland abandoned. Additionally, this study reveals that the most frequent factors of importance for landowners' selling and leasing intentions are related to the lack of information regarding market price, indicative rent, interested counterparts for transactions. These findings underscore that addressing these factors could enhance land mobility and facilitate the better functioning of the land market. This study examines the extent as well as temporal and spatial aspects of farmland abandonment in the studied villages and highlights other risk factors of farmland abandonment, such as the aging of farmers, a lack of successors to continue farming, and the absence of irrigation. Finally, this study recommends designing an integrated policy response to improve the functioning of agricultural land markets and local farming conditions through rural development and farm structure measures. A toolbox of potential solutions includes lease facilitation or early farmer retirement schemes with the country-wide scope of implementation, as well as solutions applied on a per-project basis such as land consolidation and land banking."
Soil-sediment connectivity through Bayesian source tracking in an urban naturalised waterway via microbial and isotopic markers,"Riverine sediments are important habitats for microbial activity in naturalised waterways to provide potential ecosystem services that improve stormwater quality. Yet, little is known about the sources of these sediment microbes, and the factors shaping them. This study investigated the dominant source of sediments in a tropical naturalised urban waterway, using two Bayesian methods for microbial and isotopic 13 C/ 15 N markers concurrently. Additionally, key factors shaping microbial communities from the surrounding landscape were evaluated. A comprehensive two-year field survey identified source land covers of interest based on topology and soil context. Among these land covers, riverbanks were the dominant source of sediments contribution for both edaphic and microbial components. The physico-chemical environment explains most of the variation in sediment communities compared to inter-location distances and microbial source contribution. As microbes provide ecosystem services important for rewilding waterways, management strategies that establish diverse sediment microbial communities are encouraged. Since riverbanks play a disproportionately important role in material contribution to sediment beds, management practices aimed at controlling soil erosion from riverbanks can improve overall functioning of waterway systems."
River Defence and Restoration Movements: A Literature Review,"Since the 1980s, scholars have been documenting protest movements against the building of large hydropower dams. These movements have arisen mainly in communities where people have experienced displacement and loss of livelihood without receiving proper compensation. Less attention has been paid to community action and environmental movements that promoted the restoration of canalised, diverted, depleted and/or polluted rivers. Since the beginning of the 2000s, however, more attention is being paid in academic literature to communities and social movements that propose to remove dams, stop pollution of rivers, restore fish ecosystems, or rewild rivers. There has also been increased interest in movements advocating for the granting of legal personhood to rivers and in those that are opposing dams because they want to protect free-flowing rivers for fish migration or tourism. A systematic literature review was undertaken in order to analyse scientific publications on diverse river defence and restoration movements. A relatively small number (104) of publications was retrieved, but these nevertheless showed a diversity in geographic spread and coverage of river issues and river movement strategies. The attention of the publications shifted from anti-dam protests to a variety of issues including especially river pollution, and to a minor degree issues like indigenous rights and rights of rivers. Most of the publications addressed river movements in the USA and India and the majority did not describe the movements' activities in detail; several, however, described effective activism, advocacy, citizen science monitoring, and litigation. The review suggests that river movements contribute to democratic governance and environmental justice. It also shows that the scientific literature is focused mainly on large anti-dam protests and pays less attention to local river activism and its networks."
Population status and genetic assessment of mugger (Crocodylus palustris) in a tropical regulated river system in North India,"For rewilding the depleted crocodylian populations in India, a targeted 'one-species one area' based conservation approach was adopted in the early-1970s. Suitable habitats were identified and designated as protected areas, specifically targeted to recover a particular crocodylian species. A similar to 610 km stretch of Chambal River in the Ganga River Basin was declared as National Chambal Sanctuary to restore the 'Critically Endangered' gharial (Gavialis gangeticus), where active management of mugger (Crocodylus palustris) was discouraged. In the present study, we examined the population trends, occupancy, and genetic status of mugger by conducting population monitoring and genetic assessment to understand the status of potentially competitive mugger in the Sanctuary. Our finding suggests that the mugger population has notably increased and colonised the Sanctuary. We observed a moderate level of genetic diversity in the mugger, which was relatively higher compared to the gharial in the Sanctuary. The rapid colonization of ecological generalist mugger raises concerns about potential competition with ecological specialist gharial threatening its long-term sustainability. Considering the coexistence dynamics between the species, it is essential to extend adaptive management strategies for mugger to ensure successful recovery of gharial population in the Sanctuary."
The impacts of reintroducing cheetahs on the vigilance behaviour of two naive prey species,"Rewilding is a conservation strategy used to restore ecosystems to previous states and can involve the reintroduction of large carnivores into areas from where they had been previously extirpated. Whilst rewilding has been important for ecosystem functioning, it can have negative implications for naive prey that have had no exposure to the presence of large carnivores. Therefore, understanding prey responses to the reintroduction of predators is crucial for management and conservation. We assessed the effects of reintroduced cheetahs (Acinonyx jubatus) on the vigilance of two species of naive prey: the steenbok (Raphicerus campestris) and the springbok (Antidorcas marsupialis). We hypothesized that both species would increase their vigilance behaviour post-cheetah reintroduction, but that the steenbok would demonstrate a greater response due to their smaller body size and more solitary nature. To test this, we compared the vigilance of both species before and after the reintroduction of cheetahs. Both species increased vigilance within one year post-cheetah reintroduction, but the steenbok demonstrated a much stronger response with a similar to 70% increase in the percentage of time spent vigilant post-cheetah reintroduction. Springbok levels of vigilance were lower (similar to 50% increase), which we suggest is a function of body-size and/or grouping behaviour. Importantly, we showthat naive prey species are able to exhibit a rapid response to the reintroduction of large carnivores. However, the variation in responses highlights the importance of species-level monitoring after large carnivore reintroductions."
Predicting the Impact of Climate Change on the Selection of Reintroduction Sites for the South China Tiger (Panthera tigris amoyensis) in China,"The South China tiger (Panthera tigris amoyensis) is a tiger subspecies unique to China and one of the top ten endangered species in the world. It used to play an important role in the overall function of the ecosystem. This study rationally screened out key prey species of the South China tiger-the Chinese serow, Chinese goral, tufted deer, water deer, Chinese muntjac, red muntjac, sambar deer, and wild boar. Candidate sites for the rewilding and reintroduction of the South China tiger were derived by exploring changes in suitable habitats for the prey using the MaxEnt model. The results show that: (1) by 2070, except for the high-suitability areas of water deer and Chinese muntjac, the areas of suitable habitats for the other six prey species would all have decreased significantly; (2) the location of the high-suitability area of the South China tiger obtained by superimposing the suitable areas of the eight prey species would be almost stable in 2050 and 2070, but the habitat index of some high- and medium-suitability areas would decrease and turn into low-suitability areas; (3) the core candidate sites were 83,415 km(2) in total, of which 25,630 km(2) overlapped with existing protected areas, accounting for 30.7% of the core candidate sites, and the remaining 69.3% of the core candidate sites were mostly distributed around the protected areas; (4) the maximum core candidate site area was projected to be 10,000 km(2) by 2070, which could support a small population of 23 male tigers and 66 female tigers to survive and reproduce in the wild. This study revealed the core candidate sites for the rewilding of South China tigers and estimated the number of tigers that could be reintroduced to these areas, providing a preliminary research basis for promoting the rewilding of South China tigers in China."
Status and conservation implications of a newly discovered large-antlered muntjac population in Cambodia,"The large-antlered muntjac Muntiacus vuquangensis, a Critically Endangered deer found only in the Annamites ecoregion (Vietnam, Laos, and northeastern Cambodia), has undergone severe population declines as a result of widespread snaring across its range. Little is known about the newly discovered large-antlered muntjac population in Cambodia, and this lack of knowledge hinders the development of targeted conservation strategies and the implementation of robust monitoring. From February 23 to July 27, 2021, we collected landscape-scale camera-trapping data on the Cambodian population in Virachey National Park. We recorded the species in 6 camera-trap stations in 2 of 7 areas surveyed. We analysed the camera-trap data with single-species Bayesian occupancy models to understand factors influencing occurrence and to produce a robust baseline for the species. Large-antlered muntjac occurrence had a positive relationship with elevation and a negative relationship with a least-cost-path measure of remoteness. Mean +/- SD estimated occupancy was estimated to be 0.1 +/- 0.17 across all stations, and 0.30 +/- 0.29 and 0.25 +/- 0.15 for the 2 grids where the species was detected. Our results provide new information on the distribution of large-antlered muntjac in Cambodia and can be used to target anti-poaching efforts and monitor population trends over time. Virachey National Park appears to be a stronghold for the species, and conservation actions are needed to ensure that its large-antlered muntjac population does not face the same fate as populations in other parts of the species range."
Squamate scavenging services: Heath goannas (Varanus rosenbergi) support carcass removal and may suppress agriculturally damaging blowflies,"Human-induced environmental change has caused widespread loss of species that support important functions for ecosystems and society. For example, vertebrate scavengers contribute to the functional health of ecosystems and provide services to agricultural landscapes by removing carcasses and associated pests. Widespread extirpation of native Australian mammals since the arrival of Europeans in Australia has removed many scavenging species from landscapes, while scavenging mammals such as European red foxes (Vulpes vulpes) have been introduced. In much of Australia, squamate reptiles are the largest native terrestrial scavengers remaining, where large native mammals are extinct and conservation management is being undertaken to remove invasive mammals. The contribution of reptiles to scavenging functions is not well understood. In this study, we investigated the ecosystem functions provided by large reptiles as scavengers to better understand how populations can be managed to support ecosystem services. We investigated the ecosystem services provided by vertebrate scavengers in Australian coastal mallee ecosystems, focusing on the heath goanna (Varanus rosenbergi), the only extant native terrestrial scavenger in the region. We carried out exclosure experiments, isolating the scavenging activity of different taxonomic groups to quantify the contribution of different taxa to scavenging services, specifically the removal of rat carcasses, and its impact on the occurrence of agriculturally damaging blowflies. We compared areas with different native and invasive scavenger communities to investigate the impact of invasive species removal and native species abundance on scavenging services. Our results indicated that vertebrate scavenging significantly contributes to carcass removal and limitation of necrophagous fly breeding in carcasses and that levels of removal are higher in areas associated with high densities of heath goannas and low densities of invasive mammals. Therefore, augmentation of heath goanna populations represents a promising management strategy to restore and maximize scavenging ecosystem services."
"Protected areas, drought, and grazing regimes influence fire occurrence in a fire-prone Mediterranean region","Background Extreme fire seasons in the Mediterranean basin have received international attention due to the damage caused to people, livelihoods, and vulnerable ecosystems. There is a body of literature linking increasingly intense, large fires to a build-up of fuel from rural land abandonment exacerbated by climate change. However, a better understanding of the complex factors driving fires in fire-prone landscapes is needed. We use a global database based on the MODIS Fire CCI51 product, and the Greater C & ocirc;a Valley, a 340,000-ha area in Portugal, as a case study, to investigate the environmental drivers of fire and potential tools for managing fires in a landscape that has undergone changing agricultural and grazing management. Results Between 2001 and 2020, fires burned 32% (1881.45 km2) of the study area. Scrublands proportionally burnt the most, but agricultural land and forests were also greatly impacted. The risk of large fires (> 1 km2) was highest in these land cover types under dry conditions in late summer. Areas with higher sheep densities were more likely to burn, while cattle density had no apparent relationship with fire occurrence. There was also a 15% lower probability of a fire occurring in protected areas. Conclusion Future climatic changes that increase drought conditions will likely elevate the risk of large fires in the Mediterranean basin, and abandoned farmland undergoing natural succession towards scrubland will be at particularly high risk. Our results indicate that livestock grazing does not provide a simple solution to reducing fire risk, but that a more holistic management approach addressing social causes and nature-based solutions could be effective in reducing fire occurrence."
Comparison of DNA quantity and quality from fecal samples of mammals transported in ethanol or lysis buffer,"Using fecal microbial community profiles through sequencing approaches helps to unravel the intimate interplay between health, wellness, and diet in wild animals with their environment. Ensuring the proper preservation of fecal samples before processing is crucial to ensure reliable results. In this study, we evaluated the efficiency of two different preservation methods, considering the following criteria: DNA yield, quality and integrity, and microbial community structure based on Oxford Nanopore amplicon sequencing of the V3-V4 region of bacterial 16S rRNA and protozoa 18S rRNA genes. Eighteen matched pairs of mammalian fecal samples were collected and transported in 99.8% ethanol and lysis buffer; processing occurred between 55 and 461 days post-collection. Wilcoxon signed-rank tests were used to analyze quantitative measurements for paired samples. The A260/ 280 ratio, a measure of nucleic acid purity, was assessed descriptively for each media, and the Bartlett test evaluated dispersion of this ratio. A Fisher test was performed to compare the number of positive reactions for DNA extraction or PCR amplification of the 16S and 18S rRNA genes between both media. The concentration of total DNA and amplicons, as well as the number of reads obtained in sequencing, was significantly higher in the samples preserved with lysis buffer compared to ethanol, with magnitudes up to three times higher. Electrophoretic analysis of total DNA and amplicons further confirmed superior DNA integrity in lysis buffer preserved samples. The A260/280 values obtained using the lysis buffer were of optimal purity (mean: 1.92) and with little dispersion (SD: 0.27); on the other hand, the ethanol samples also presented an excellent average quality (mean: 1.94), but they were dispersed (SD: 1.10). For molecular studies using mammalian feces, the lysis buffer reagent proved to be a reliable solution for their collection, conservation, and storage."
Not waiting for the death knell: a pilot study to examine supplementation and survivorship in a declining population of Tasmanian eastern quoll (Dasyurus viverrinus,"Tasmanian populations of the eastern quoll (Dasyurus viverrinus) represent the last wild stronghold of this species after its extirpation from the Australian mainland, but they have experienced declines of more than 50% over the past three decades. We investigated the feasibility of supplementing wild populations with captive-bred individuals in attempts to halt and reverse observed declines in Tasmanian populations. We released 20 captive-bred eastern quolls into an extant wild population in the Tasmanian central plateau, and monitored their short-term survival, dispersal and body condition. We recorded high initial survival and low initial dispersal of captive-bred individuals relative to previous release attempts in unfenced areas of mainland Australia. Further work to determine long-term survival of released individuals, and the genetic and population-level impacts on local populations is ongoing. Our preliminary results support the use of population supplementation as an effective conservation action, which allows for early intervention to address species declines while testing hypotheses about their underlying causes. © 2023 The Author(s) (or their employer(s)). Published by CSIRO Publishing on behalf of the Australian Mammal Society."
Topographic heterogeneity influences diversity and abundance of Orthoptera in a rewilding scheme,"Rewilding aims to restore ‘self-willed’ ecosystems involving the creation of habitats subject to stochastic disturbance connected by favorable corridors for dispersal of animals, including insects. Reversion of arable land to grassland and scrub habitats adjacent to Arger Fen nature reserve in Suffolk (southeast England) through non-intervention allowed succession to occur largely unmanaged on fields with differing topography, from flat terrain to slopes. Monitoring of Orthoptera revealed statistical evidence that species diversity and richness was greater on the steeper slopes (gradient > 10%), while species varied in their topographic preferences from flat terrain (e.g., long-winged conehead Conocephalus fuscus Fabricius, 1793) to slopes (e.g., field grasshopper Chorthippus brunneus Thunberg, 1815). Lagomorph grazing by the wild brown hare Lepus europaeus (Pallas, 1778) and the rabbit Oryctoloagus cuniculus (Linnaeus, 1758) appeared to be critical in maintaining exposed soil for hillside species such as C. brunneus, which may require the egg-laying and basking habitat. A mosaic of scrub and grassland on a wooded hillside affected by ash dieback Hymenoscyphus fraxineus (Baral et al. 2014) was also important for Orthoptera. We postulate that rewilding schemes on arable land may be particularly effective when there are topographic undulations incorporating flat and hillside areas to promote the greatest diversity of Orthoptera. Copyright Tim Gardiner & Dorothy Casey."
Contrasting carbon cycle responses of semiarid abandoned farmland to simulated warmer-drier and warmer-wetter climates,"Rewilding abandoned farmlands provides a nature-based climate solution via carbon (C) offsetting; however, the C-cycle–climate feedback in such restored ecosystems is poorly understood. Therefore, we conducted a 2-year field experiment in Loess Plateau, China, to determine the impacts of warming (∼1.4 °C) and altered precipitation (±25 %, ±50 %, and ambient), alone or in concert on soil C pools and associated C fluxes. Experimental warming significantly enhanced soil respiration without affecting the ecosystem net C uptake and soil C storage; these variables tended to increase along the manipulated precipitation gradient. Their interactions increased ecosystem net C uptake (synergism) but decreased soil respiration and soil C accumulation (antagonism) compared with a single warming or altered precipitation. Additionally, most variables related to the C cycle tended to be more responsive to increased precipitation, but the ecosystem net C uptake responded intensely to warming and decreased precipitation. Overall, ecosystem net C uptake and soil C storage increased by 94.4 % and 8.2 %, respectively, under the warmer-wetter scenario; however, phosphorus deficiency restricted soil C accumulation under these climatic conditions. By contrast, ecosystem net C uptake and soil C storage decreased by 56.6 % and 13.6 %, respectively, when exposed to the warmer-drier climate, intensifying its tendency toward a C source. Therefore, the C sink function of semiarid abandoned farmland was unsustainable. Our findings emphasize the need for management of post-abandonment regeneration to sustain ecosystem C sequestration in the context of climate change, aiding policymakers in the development of C-neutral routes in abandoned regions. © 2024 Elsevier B.V."
Suitability evaluation and spatial distribution characteristics of wilderness area on the Qinghai-Tibet Plateau,"Rewilding is an important means of biodiversity conservation in the Anthropocene and under climate change. As the basic spatial carrier of rewilding, the scientific identification and protection of wilderness area is of great significance for improving the efficiency of biodiversity conservation. Taking the Qinghai-Tibet Plateau as a case area and using 2020 as the time point, this study analyzed the concept and connotation of wilderness, and comprehensively evaluated the suitability of rewilding from the two dimensions of ecological factor suitability and ecosystem naturalness by using the suitability assessment of rewilding, spatial pattern analysis of wilderness area, and morphological analysis. The results show that: 1) The suitability index of rewilding on the Qinghai-Tibet Plateau ranged from 0.1310 to 0.9332, and the spatial distribution of wilderness areas on the plateau showed obvious regional differentiation, with a spatial pattern of gradually declining from southeast to northwest. 2) The spatial structure of wilderness area was relatively simple, and the morphological characteristics were decentralized and large-scaled. The optimal wilderness area mainly concentrated in the evergreen broad-leaved forest belt of the southern wing of the eastern Himalaya, while the alternative and potential wilderness area gradually spread to the coniferous forest of the eastern mountains of Sichuan and Tibet, the grassland of the Qilian Mountains in eastern Qinghai, and the desert belt of the northern wing of the Kunlun Mountains in the northwest of the Qinghai-Tibet Plateau. 3) The optimization of wilderness area on the Qinghai-Tibet Plateau is affected by the distribution of important ecological functional zones, especially the source zones of large rivers. Influenced by its natural geographical conditions and human activities, the wilderness area on the Qinghai-Tibet Plateau is currently concentrated in the evergreen broad-leaved forest of the southern wing of the eastern Himalaya and the coniferous forest of the eastern mountains of Sichuan and Tibet in the east, while few and small in the source zones of large rivers in the west. The study results can provide a useful reference for improving the theory of conservation biology, optimizing the biodiversity conservation network, and enhancing the efficiency of biodiversity conservation on the Qinghai-Tibet Plateau. © 2024, Editorial office of PROGRESS IN GEOGRAPHY. All rights reserved."
Assessing immune phenotypes using simple proxy measures: promise and limitations,"The study of immune phenotypes in wild animals is beset by numerous methodological challenges, with assessment of detailed aspects of phenotype difficult to impossible. This constrains the ability of disease ecologists and ecoimmunologists to describe immune variation and evaluate hypotheses explaining said variation. The development of simple approaches that allow characterization of immune variation across many populations and species would be a significant advance. Here we explore whether serum protein concentrations and coarse-grained white blood cell profiles, immune quantities that can easily be assayed in many species, can predict, and therefore serve as proxies for, lymphocyte composition properties. We do this in rewilded laboratory mice, which combine the benefits of immune phenotyping of lab mice with the natural context and immune variation found in the wild. We find that easily assayed immune quantities are largely ineffective as predictors of lymphocyte composition, either on their own or with other covariates. Immunoglobulin G (IgG) concentration and neutrophil-lymphocyte ratio show the most promise as indicators of other immune traits, but their explanatory power is limited. Our results prescribe caution in inferring immune phenotypes beyond what is directly measured, but they do also highlight some potential paths forward for the development of proxy measures employable by ecoimmunologists. © The Author(s) 2024."
Mapping wild nature areas to identify priority areas for urban rewilding in cities: A process-oriented approach,"Urban rewilding initiatives are gaining traction in cities, yet little remains known about the spatial opportunities for transitioning greenspaces into rewilding sites. This paper advances a process-oriented framing of urban wild nature areas (WNAs) and proposes a novel methodological approach for mapping existing WNAs at the city-scale, thereby shedding light on the potentials for urban rewilding across greenspace types and urban environments. Using Vienna as a case study, we identify WNAs as greenspaces predominantly shaped by natural succession processes and devoid of vegetation management. NDVI timeseries derived from Sentinel-2-satellite data for the period 2017–2022 are processed using a Random Forest algorithm to distinguish between unmanaged and managed vegetation annually and integrated into a multi-year composite map of ‘urban vegetation management intensity’. Based on this map and a set of objective cut-off values, 1298 WNAs are identified, representing 29.5 % of the city's total urban greenspace and 14.9 % of the city's total area. WNAs are distributed across diverse urban settings and greenspace types, with the majority being found in formal greenspaces such as forests, meadows and parks, and low-density built-up areas. The key strength of the process-oriented approach lies in its ability to detect WNAs dominated by natural succession, regardless of historic origin, greenspace type, and governance structure, thereby providing a baseline against which the full potential for urban rewilding can be evaluated. We demonstrate the methods’ utility in identifying potentials for urban rewilding, emphasising the importance of directing rewilding efforts towards residential greenspaces, urban parks, and street greenery, especially in densely built inner-city districts. © 2024 The Authors"
Carnivores’ contributions to people in Europe,"Human-carnivore relations in Europe have varied throughout history. Because of recent conservation efforts and passive rewilding, carnivore populations are recovering, which translates into more interactions with humans. Thus, unraveling these interactions as well as the multiple contributions carnivores provide to people is crucial to their conservation. We examined the literature conducted in Europe since 2000 and used the nature’s contributions to people (NCP) framework to identify factors that have shaped human-carnivore relations. To do so, we examined the state of scientific knowledge and relationships among types of NCP from carnivores, countries, and carnivore species; and between NCP, actors, and management actions. Results indicated that research has been oriented toward large carnivore species and their detrimental contributions to people. Further, the effectiveness of carnivore management strategies has only been evaluated and monitored in a limited set of all the research. To balance any negative views on carnivores, we suggest that the recognition of the duality of carnivores, as providers of both beneficial and detrimental contributions, should be included in EU conservation policies. © 2024 by the author(s)."
Seasonal covariations of diet-gut microbiota in the adaptation of the newly reintroduced Père David's deer (Elaphurus davidianus) to the northern habitat,"Milu (Père David's deer, Elaphurus davidianus), once extinct in the wild, was one of the few indigenous large herbivores of the wetland ecosystem in China. The reintroduction of milu in northern China has just started and is expected to restore not only that species, but also the ecosystem. To acquire insights into the adaptive process of the milu population first rewilded in the northern habitat and provide knowledge for the on-going and future reintroduction attempts, we used DNA metabarcoding to analyze the diets and gut microbiota of those milu in the first year after releasing. The results showed strong seasonality in both diet and gut microbiota. Significant higher dietary diversity was detected in in autumn than summer and winter. Woody dietary components increased continuously from summer to winter. A significant correspondence was found between the dietary and microbial diversities. Enrichment of metabolic pathways involved in lipid and amino acid metabolism was identified in summer, and of those involved in carbohydrate and glycan metabolism was identified in winter. Pathways related to metabolism of certain amino acid were differently abundant in the breeding season. The study indicated the contribution of foraging and gut microbial seasonality to the overwintering, reproduction and environmental adaption of the reintroduced milu. The enrichment of opportunistic pathogen Treponema and lower microbial diversity indicated higher health risk in winter, and thus disease prevention measures were suggested. Pre- and post-release food evaluation and monitoring was recommended to ensure food sufficiency in the reintroductions. © 2024 The Authors"
"Trends and hotspots in landscape transformation based on anthropogenic impacts on soil in Hungary, 1990–2018","The transformation of the landscapes due to the anthropogenic activities is increasing worldwide. These changes are also manifested in the change of soil-forming processes. The land cover (LC) changes evaluated according to their influence on anthropogenic features of soils allows to distinguish between LC changes resulting increased and decreased human impact (HI). In our study, we assess the changes of HI on landscapes and its spatial distribution across Hungary. The changes were evaluated by using LC data of four periods between 1990 and 2018 reclassified based on the related anthropogenic soil features. To identify the hotspots of the changes 1×1 grids were applied in which the direction (increasing, neutral or decreasing HI) and frequency (number of landscape patches with LC changes) of changes were evaluated. In our research, the hotspots were identified over the studied four periods. We point out that the spatial distribution of hotspots is very different. The hotspots of the increased human impact are 2,449 cells (643.0 km2) between 1990 and 2018, and the most of it localized in the Pest Plain (67), Csepel Plain (64) and Nagykálló-Nyírség (60). Most of the multiple hotspots are in the outskirts of Budapest to Kiskunlacháza, Bugyi, Délegyháza. As we examine the decreasing hotspot data we found 1,679 cells (1,524.9 km2) between 1990 and 2018. In largest number, they occur on the Kiskunság Sand Ridge (38), Majsa–Szabadka Sand Ridge (37) and Nagykállói-Nyírség (36). Multiple hotspots are located in settlements Izsák, Ásotthalom, Vatta and Nyírmihályi. Regions with numerous hotspots require special management to moderate its negative consequences on soils to consider both increased anthropisation, but also extensification of land use and their consequences. © 2020, Reasearch Centre for Astronomy and Earth Sciences Hungarian Academy. All rights reserved."