,Continent,Organisation,Operating in,Response,Provided,Document / Page,area (ha),start (year),duration,define_success (Y/N),define-notes (direct extract),define-classification,SMT,monitor (Y/N),monitor-notes (direct extract),monitor-classification,evaluate (Y/N),evaluate-notes (direct extract),evaluate-classification,Notes
1,Africa,African Conservation Foundation,"Cameroon, Mozambique, Kenya, Uganda, Nigeria, DR Congo, Chad, Malawi, South Africa, Angola",NO,NA,"https://africanconservation.org/project/saving-cross-river-gorillas-from-extinction/
https://africanconservation.org/project/chimpanzee-conservation/
https://africanconservation.org/project/protecting-african-forest-elephants/
https://africanconservation.org/project/miombo-forest-restoration/
https://africanconservation.org/project/kahuzi-biega-itombwe-wildlife-corridor/
https://africanconservation.org/project/rewilding-lake-chad/",245728100,2001,24,YES,"A thriving Africa where biodiversity flourishes, ecosystems are resilient, and communities are empowered to build sustainable futures in harmony with nature. We envision a continent with vast wilderness areas, healthy ecosystems, and abundant wildlife coexisting with empowered local communities.","Ecosystem
Diversity
Social",NO,NO,NA,NA,YES,"Our impact in numbers:
24 countries, 50+ organisations, 25+ protected areas, 800+ community rangers, NGO staff, and students trained, 120+ international volunteers placed, 20M ha vulnerable wildlife habitat protected","Internal
Area","Multiple projects within one organisation
This is combined info from 6 out of 7 projects listed on website. 
Area = 68000 + 2,000,000 +  260,000 + 100 +  243,400,000"
2,Africa,Cheetah Conservation Fund,Namibia,YES,This column contained email responses from the organisation. These have been removed for privacy reasons.,"https://cheetah.org/ccf-blog/visual-annual-report/visual-annual-report-2023/
https://cheetah.org/resource-library/2023-annual-report/",58067,1990,35,YES,"Contact - Some information for this section was extracted from emails or interview notes and it has been removed for privacy reasons.
Documents - CCF’s mission is to be the internationally recognized center of excellence in the conservation of cheetahs and their ecosystems. CCF will work with all stakeholders to develop best practices in research, education, and land use to benefit all species, including people.
","Species
Knowledge sharing",MT,YES,"Contact - Some information for this section was extracted from emails or interview notes and it has been removed for privacy reasons.Documents - population dynamics, medical, health and reproduction, genetics, ecology, ecosystem.","Wildlife tracking
DNA methods
Fieldwork",YES,"Contact - Some information for this section was extracted from emails or interview notes and it has been removed for privacy reasons.
",Species,
3,Africa,Conserve Global,"Zambia, Cameroon, Mozambique, Namibia",YES,This column contained email responses from the organisation. These have been removed for privacy reasons.,"Impact report 2023 https://conserveglobal.earth/wp-content/uploads/Impact-Report-2023_MASTER_web.pdf
https://conserveglobal.earth/q2-report-april-june-2024/",1008520,2020,5,YES,"Our mission is to safeguard large ecosystems in rural Africa. We believe conservation and any response to the climate crisis must promote equity, agency, and prosperous livelihoods for the communities who are the true stewards of these environments.
By 2030, our goal is to improve the management of 30,000km2 across 14 focal landscapes and the dream is for communities to embrace conservation as their preferred land use, with communities emerging as the stewards and champions of conservation landscapes all over Africa.","Social
Habitat structure",SMT,YES,"Comprehensive socio-economic baseline assessment of communities, ecological baseline surveys (land cover, vegetation mapping), biodiversity monitoring (camera trapping, acoustic monitors). ","Fieldwork
Wildlife tracking",YES,"area covered by active landscapes, people living in landscapes, households surveyed, countries, staff employed, baseline studies, jobs created, mammal and bird species found, partnerships, people attending community meetings, tourism plan created, people trained, number of donors, increase in investment, income","Internal
Social
Area
Diversity
Financial","Area - Nsumbu-Mweru (134,000 acres = 54,228), Kunene (297,000 acres = 120,192), Futi (24,710 = 10,000), Faro (2,036,395 = 824,100) = total 1,008,520ha"
4,Africa,Endangered Wildlife Trust,South Africa,NO,NA,https://ewt.org/wp-content/uploads/2024/08/EWT_INTEGRATED-REPORT_2023-2024_mc5.pdf,NA,1973,52,YES,"To achieve this, we focus on three main strategic imperatives: Saving Species, Conserving Habitats, and Benefitting People.
5 x high-level goals - each broken down into measurable indicators
1. IMPROVED KNOWLEDGE OF SPECIES AND HABITATS AND THE THREATS THEY FACE
2. TARGETED INTERVENTIONS REDUCE THE THREATS TO SPECIES AND HABITATS
3. FORMAL PROTECTION OF PRIORITY HABITATS
4. CONSERVATION ACTIONS LEAD TO THRIVING SPECIES AND RESILIENT HABITATS
5. CONSERVATION ACTIONS AND IMPACTS DRIVE MEANINGFUL CHANGE TO THE BENEFIT OF BUSINESSES AND PEOPLE","Species
Ecosystem
Social
Other (legal)",SM,YES,"monitoring our impact enables us to apply adaptive management, which ensures that our actions are efficient and remain relevant in a changing world.
Loads mentioned- remote cameras, species counts, population monitoring, GPS behavioural tracking, wildlife interatctions with wind energy infrastructure, driving surveys, 
Planned genetic monitoring, eDNA, 3D modelling","Fieldwork
Wildlife tracking
Aspirational (remote sensing, DNA methods)",YES,"Our targeted conservation work has national, regional and global impact, and our achievements contribute to multiple conservation-related frameworks
Research outputs (publications, technical reports etc), datasets shared, and citations. hectares protected, target populations and habitats, conservation status, human wellbeing","Area
Academic
Social
Species",
5,Africa,Enonkishu Conservancy,Tanzania,NO,NA,https://www.enonkishu.org/,NA,NA,NA,YES,"Vision - Community led conservation, looking after the heritage, people and the natural resources of an increasingly fragile ecosystem on the edge of the Mara Serengeti Ecosystem. 
Objectives: Regenerative grazing protecting livestock, wildlife and their habitats, Enabling partnerships and improving livelihoods, Local leadership and engagement, maintaining Maasai heritage and traditional values of pastoralists",Social,NO,YES,"Wildlife monitoring is carried out on a quarterly basis and this includes vehicle transects, foot patrols, waterhole and hilltop surveys and a camera trap grid.
Fourteen vegetation transects are monitored quarterly and scored according to nineteen parameters. Livestock is counted monthly and attended to daily. Adhering to an adaptable but stringent grazing plan has improved vegetation, livestock, and wildlife abundance in Enonkishu.","Fieldwork
Wildlife tracking",NO,NA,NA,
6,Africa,Ferncliffe,South Africa,YES,This column contained email responses from the organisation. These have been removed for privacy reasons.,"https://ferncliffe.org/progress/

https://ferncliffe.org/wp-content/uploads/2024/08/Ferncliffe-FW-Annual-Report-2023-to-2024-Final.pdf",250,2021,4,YES,"PROJECT GOALS
10,000 trees planted in our lifetimes
250 hectares restored, with partners 
3,000 trees grown in the nursery by end of 2026
Contact - Some information for this section was extracted from emails or interview notes and it has been removed for privacy reasons.","Habitat structure
Diversity",SMT,YES,Contact - Some information for this section was extracted from emails or interview notes and it has been removed for privacy reasons.,"Fieldwork
Remote sensing
Aspirational (additional fieldwork)",YES,"tree survival rate
Contact - Some information for this section was extracted from emails or interview notes and it has been removed for privacy reasons.","Species
Aspirational (social)","Highlighted monitoring as a key challenge in annual report: Monitoring and reference sites and systems need further time and attention, and more baseline studies to assess the current biodiversity and measure change are desirable."
7,Africa,Global Humane Conservation Fund of Africa,South Africa,NO,NA,"Project pages
https://globalhumane.africa/2024/03/26/cheetah-rewilding/
https://globalhumane.africa/2024/04/30/water-for-wildlife-zimbabwe-2024/
https://globalhumane.africa/2024/04/30/water-for-wildlife-eastern-cape-2023/",NA,2024,1,YES,"Our long-term vision aims to rewild captive cheetahs for successful release into protected areas while empowering local communities by:
Managing rewilding programs in collaboration with partners.
Contributing to rewilding protocol.
Facilitating research for conservation.
Releasing cheetahs into protected areas.
Contributing to genetic diversification.
Empowering local community members as Cheetah Champions.
Our goal is clear: to provide sustainable water access for Hwange’s diverse wildlife, particularly elephants and buffalo. Through proactive maintenance and monitoring, we aim to safeguard this precious ecosystem and its inhabitants.","Species
Knowledge sharing
Social
Ecosystem",NO,YES,"Cheetah tracking

Our project involves daily monitoring of water availability, road upkeep, and enhancements to concrete troughs. Three pans feature dual boreholes and solar pumping systems, while two have single boreholes with solar arrays. Additionally, two pans are equipped with battery systems for nighttime pumping, aligning with wildlife drinking patterns. Daily monitoring serves a dual purpose, ensuring any animals in need of assistance are identified and rescued.
Amidst challenges like the recent harsh rainy season, we remain committed to efficient water management. Our efforts include constant monitoring of borehole replenishment rates to meet varying elephant needs. Flow meters track daily water volumes, helping us swiftly address any issues.","Wildlife tracking
Fieldwork",NO,NA,NA,
8,Africa,Mali Elephant Project,Mali,NO,NA,"https://wild.org/mali-elephants/
",3237485,1974,51,YES,"MISSION:
To find ways for humans and elephants to thrive together.
","Social
Species",NO,NO,NA,NA,YES,"Impact: 8,000,000+ square acres of elephant habitat with enhanced protection & restored native forage & habitat.
1 Biosphere reserve requested by local communities to protect their elephants.
250+ elephants roaming free in the deserts of Mali because of local efforts","Area
Species",
9,Africa,MKAAJI MPYA asbl,Democratic Republic of Congo,NO,NA,"https://mkaajimpya.org/save-the-aquatic-giants-project-hippopotamus-conservation-in-the-ruzizi-plain-democratic-republic-of-congo/
https://mkaajimpya.org/wp-content/uploads/2023/03/Challenges-of-biodiversity-conservation-in-rural-areas-DR.Congo-2022-Gervais-Muderhwa_MKAAJI-MPYA-asbl.pdf

https://mkaajimpya.org/wp-content/uploads/2025/07/Eng_MKAAJI-MPYA_Five-Year-Strategic-Plan-2025%E2%80%932030.pdf",NA,2016,9,YES,"To contribute to improving the socio-economic life of people living in rural areas by promoting sustainable agriculture, conservation and environmental sustainability by placing women at the center of all actions and promoting their rights.
Goals: Improving the living conditions of people living in rural areas through adaptation to modern and sustainable farming, promotion of gender and peace, conservation and protection of the environment.
Vision: To become a regional bridging organization through which citizen actions are facilitated with a view to improving the living conditions of people living in rural areas.

Support 5,000 women and youth in local initiatives for conservation and sustainable valorization of biodiversity; Strengthen the protection of wildlife, both inside and outside protected areas, including aquatic biodiversity, in partnership with local communities; Restore at least 50,000 hectares of critical ecosystems (forests, wetlands, savannas) by mobilizing nature-based approaches and community governance of resources; Promote and defend the rights of Indigenous Peoples, particularly in the implementation of the Kunming–Montreal Global Biodiversity Framework, grounded in the recognition of their knowledge, territories, and role in conservation; Strengthen the participation of women and youth in biodiversity governance at local, national, and international levels by facilitating their involvement in the implementation of the Convention on Biological Diversity (CBD) and its protocols; Support the sustainable livelihoods of Indigenous and local communities by defending their land, cultural, and political rights, as well as their equitable access to natural resources; Promote scientific research and indigenous knowledge on biodiversity, including the documentation of species, habitats, and local conservation practices. Our interventions will specifically align with Targets 1, 2, 3, 4, 5, 8, 10, 11, 13, 14, 21, and 22 of the Kunming–Montreal Global Biodiversity Framework, as well as the objectives outlined in the Democratic Republic of the Congo’s National Biodiversity Strategy and Action Plan (NBSAP).","Social
Habitat structure
Knowledge sharing
",SMT,NO,NA,NA,NO,NA,NA,
10,Africa,Peace Parks Foundation,"Zambia, Malawi, Mozambique, Zimbabwe",NO,NA,"https://www.peaceparks.org/wp-content/uploads/2024/08/Peace_Parks_Annual_Review_2023-1.pdf
https://www.peaceparks.org/rewilding-africa/",67599000,1997,28,YES,"Our Vision 2050 is to secure 980,000 km2 of functional transboundary landscapes where people and nature thrive.","Habitat structure
Social",SMT,YES,"A full aerial census was undertaken in Zinave, Limpopo, Banhine, and Maputo national parks in 2023
Foot patrols and rangers (counter poaching)","Remote sensing
Wildlife tracking
Fieldwork",YES,"Our values are squarely placed on the Eight Pillars of Positive Peace developed by the Institute for Economics and Peace. Positive Peace is defined as the attitudes, institutions and structures that create and sustain peaceful societies.
THE PEACE PARKS FRAMEWORK IS BASED UPON THREE GLOBAL FRAMEWORKS Taking all of these global frameworks into account, Peace Parks works tirelessly towards nine impact areas (sustainable development goals, global biodiversity framework, paris agreement)
Absolutely loads of impact statements: area, unique species, wildlife populations, carbon, projects planned and implemented, jobs and individuals, livestock care, tourism, carbon credits (financial), training and education","External
Financial
Area
Internal
Species
Diversity
Social",
11,Africa,Save The Elephants,Kenya,NO,NA,https://www.savetheelephants.org/wp-content/uploads/2024/05/STE_Annual-Report-2023.pdf,NA,1993,32,YES,"Mission: To secure a future for elephants and sustain the beauty and ecological integrity of the places they live, to promote man’s delight in their intelligence and the diversity of their world, and to develop a tolerant relationship between the two species.","Social
Species
Ecosystem",NO,YES,"GPS tracking collars
Cutting edge tracking systems now help scientists and protected area managers across the continent defend elephants and their ecosystems, and plan for their future.
Work on specialised camera systems combined with artificial intelligence, meanwhile, promises to revolutionise both fundamental research and wildlife population monitoring.
Eight corridors are now defined and under the vigilant monitoring of Mama Tembos","Wildlife tracking
Fieldwork
Aspirational (AI wildlife tracking)",YES,"Impact: 
scholarships awarded, community members engaged, students benefitted, targeted community wildlife corridors demarcated, recruitment / jobs, education and training manuals distributed, training conducted, tracking collars deployed, elephant calves born, engagement with film, rapid response interventions, money distributed","Area
Species
Social
Internal",
12,Asia,Pakistan Environment Trust,Pakistan,NO,NA,https://pakenvironment.org/annual-report/,14569,2020,5,YES,"To deliver the first phase of programming for priority species, including the Greater One-horned Rhino and Cheetah, in partnership with Government of Pakistan and conservation NGOs. Rewild Pakistan envisions restoring the natural corridor for the Greater One Horned Rhino and 50% of endangered species to thrive and travel along the River Indus of Pakistan.",Species,SM,NO,"The group will, among other actions, establish criteria for Priority Restoration Areas, perform an ecosystem analysis utilizing satellite imagery, remote sensing and GIS along with field surveys. ","Aspirational (remote sensing, fieldwork)",NO,NA,NA,Rewild Pakistan is mentioned
13,Asia,Balipara Foundation,India,NO,NA,"https://baliparafoundation.com/wp-content/uploads/2024/07/Balipara-PI-Report_12-06-24-Final-File-1_2024.pdf
https://baliparafoundation.com/habitats/
https://baliparafoundation.com/udalguri-landscape-mission/
https://baliparafoundation.com/balipara-reserve-forest/
https://baliparafoundation.com/communitree/",4000,2007,18,YES,"Obejctives:
Increase community engagement in restoration and agroforestry by 50% in 2 years. 
Create 10 million Natural Assets by 2027 
Support 30,000 individuals within the community in boosting their income and well-being by 2027. 
Increase household incomes in targeted communities by minimum 20% through habitat restoration","Social
Habitat structure",SMT,YES,"Biodiversity assessments establish a baseline for tracking changes in biodiversity across time. Regular monitoring enables project managers to track the success of conservation measures, adjust management methods as needed, and maintain the project’s long-term viability.
Biodiversity assessments were systematically carried out across various sites within Sonitpur and Jorhat districts as part of distinct projects. These assessments involved using GPS technology for mapping purposes, alongside rigorous methodologies such as tree enumeration, plant species identification, and the measurement of girth at breast height (GBH).
We also aim to continue strengthening our science by partnering with researchers and institutions to understand the dynamics of forest restoration – what makes forest restoration successful? What can we do differently? What is the evidence for this? – and to use GIS techniques to better synthesize our monitoring systems, particularly as the area of our restoration grows and makes on-ground, in-person monitoring increasingly difficult","Fieldwork
Remote sensing
Aspirational (remote sensing)",YES,"journal publications, species counts, community involvement, natural assets, individual (people) impacted, community revenue generated","Internal
Social
Diversity
Academic",
14,Asia,Chinese Felid Conservation Alliance,China,NO,NA,"https://homingleopards.org/download/
https://cdn.homingleopards.org/resource/file/bring-leopards-home-annual-report-2020.pdf",200000,2013,12,YES,"Mission: protecting all 12 native felid species of China, which includes:
1. evaluating the current conservation status of felid species, identifying their key habitats;
2. providing local support to key habitats;
3. engaging the public to felid conservation, fundraising, and raising awareness of conserving biodiversity","Species
Ecosystem
Social",SM,YES,"1. monitoring population size change of felids;
2. assessing habitat quality of felids
assessing the effects of land use change, fire and poaching on felid population changes (page 9-10)",Fieldwork,NO,NA,NA,Chinese language - Jingji Yang
15,Asia,Edhkwehlynawd Botanical Refuge Centre Trust,India,NO,NA,"https://www.ebrtrust.org/restoration-rewilding
https://651fd4dd-63dd-40ba-a55b-7f811955e5bf.usrfiles.com/ugd/651fd4_685a668c9e624a9e97e2548f131aae98.pdf",24,2003,22,YES,"The Edhkwehlynawd Botanical Refuge (EBR) Centre Trust was established more recently with the hope of achieving a synthesis of objectives. Among the more important of these are: (a) To restore the original ecology in a degraded zone surrounded by areas of high biodiversity, (b) To propagate the plant species crucial to the Todas, (c) To reintroduce and propagate the endangered flora of the Nilgiris, (d) To prevent further degradation and encroachment onto the adjacent hinterland, (e) The protection and preservation of all the mammals, birds and amphibians of the area, including the Toda buffalo, which is a breed restricted to the Nilgiris district and (f) To establish a botanical documentation and ecological research centre. This would have live, seed, herbarium, photographic and illustrative records of the rare, endemic and endangered flora of this area.","Diversity
Ecosystem
Species
Knowledge sharing
Habitat structure",SM,NO,NA,NA,NO,NA,NA,
16,Asia,Junglescapes,India,NO,NA,https://www.junglescapes.org/reports.html,NA,2009,16,YES,"Our vision is to develop expertise in the practice of ecological restoration and community-participative conservation. Towards this goal, we strive to develop effective and scientifically sound methodologies for restoration of degraded forest eco-systems. We also focus on building capabilities within forest dwelling communities to demonstrate stewardship of their ecological heritage.","Social
Knowledge sharing",NO,NO,NA,NA,NO,NA,NA,
17,Asia,Junglo,Bali,YES,This column contained email responses from the organisation. These have been removed for privacy reasons.,https://www.junglo.org/about/,NA,2023,2,YES,"OUR AIM IS TO PLANT ONE MILLION TREES IN THE NEXT FIVE YEARS
",Habitat structure,SMT,NO,NA,NA,NO,NA,NA,Year uncertain
18,Asia,Planet Indonesia,Indonesia,NO,NA,"https://www.planetindonesia.org/impact
https://static1.squarespace.com/static/55032857e4b0a9cec125fe9c/t/66b3bfd62364bf4c1af45d1e/1723056095361/Planet+Indonesia+Annual+Report+2023+-compressed.pdf",966000,2014,11,YES,MISSION: Conserve at-risk ecosystems through integrated community-led governance to address socio-economic challenges and drive conservation.,"Ecosystem
Social",NO,YES,", in August 2023 PI provided turtle monitoring training…At the end of the training activities, there were 11 priority islands in the Karimata Island area which were agreed to be routinely monitored by the Turtle Monitoring Team together with the West Kalimantan BKSDA.
With advances in AI, Planet Indonesia is hoping to utilize bioacoustics to monitor biodiversity at scale and democratize access to data for frontline community partners","Fieldwork
Aspirational (remote sensing)",YES,"In 2023 we launched a new ‘governance index’. Together with experts and community partners, we landed on 25 indicators covering different aspects of governance, ranging from transparency to financial capacity, each featuring a straightforward yes/no question, and a description of acceptable supporting evidence. The percentage of indicators achieved translates into a “governance index” that categorizes a community cooperative into four levels, from “basic” to “independent”.
Published research: Using a multi-method approach, we evaluated the outcomes in human well-being, environmental integrity, and participation.
We will conduct a critical evaluation and rigorous trial to obtain further evidence for the effectiveness of the core model.","Internal
Academic
Aspirational (trial)",
19,Asia,The Corbett Foundation,India,YES,This column contained email responses from the organisation. These have been removed for privacy reasons.,http://www.corbettfoundation.org/admin/images/Annual_Report_2022-23_compressed.pdf,NA,1994,31,YES,"Contact - Some information for this section was extracted from emails or interview notes and it has been removed for privacy reasons.
Documents - Undertake conservation-oriented research for the longterm preservation of ecosystems and the associated species. 1. Restoration of degraded habitats for biodiversity enhancement and climate change mitigation. 2. Provide solutions for the harmonious coexistence of human beings and wildlife. 3. Promote sustainable livelihood alternatives to empower local communities sharing space with wildlife. 4. Implement One Health programme to ensure healthy communities and disease-free livestock in conservation landscapes. 5. Conservation education and awareness for a better understanding of environmental issues and increased appreciation of nature. 6. Promote sustainable rural eco-development for developing climate-resilient local communities. 7. Produce reports, research papers and popular articles that contribute to the knowledge of natural history, wildlife conservation and human-wildlife coexistence.","Habitat structure
Knowledge sharing
Diversity
Ecosystem
Social",SM,YES,"Contact - Some information for this section was extracted from emails or interview notes and it has been removed for privacy reasons.

Document - community and volunteer monitoring efforts",Fieldwork,YES,"IMPACT: 12,171 interim relief cases attended to since 1997, 300+ awareness programmes annually, 50,000+ people treated annually, 3,550 target trainees by 2017, cattle vaccinations","Internal
Social",
20,Asia,Wildlife Trust of India,India,NO,NA,"https://www.wti.org.in/wp-content/uploads/2024/02/WTI25-Corporate-Brochure-FINAL_Web-Version.pdf
https://www.wti.org.in/why-us/",179504,1998,27,YES,"OUR MISSION To conserve wildlife and its habitat and to work for the welfare of individual wild animals, in partnership with communities and governments.",NA,NO,YES,"WTI launches HAWK, a first-of-its-kind wildlife crime intelligence monitoring system for the country (Cloud Based Information Management System)
Community / volunteer monitoring schemes","Fieldwork
Wildlife tracking",YES,"8 top impact indicators: 54,334 animal lives saved, 1,77,664.4 ha protected, 7 animal connectivities secured, 302 enforcement operations, 12,986 families enables with green livelihoods, 1 threatened species recovered, 20,076 forest guards trained, 2,228 potential accidents averted, 31,70,288 children made aware of conservation","Internal
Area
Social
Species",
21,Central / South America,AMAP Brazil,Brazil,NO,NA,"https://www.amap-brazil.org/references
",339,2017,8,YES,"Our Mission
AMAP began its mission in the region in 2017, aiming to protect the habitat of the endangered golden-headed lion tamarin, a small species of tamarins, endemic to the cocoa coast of Bahia and a flagship species of the region. In the following years AMAP has expanded its mission to the conservation of the Mata Atlântica and its flora and fauna, for the benefit of people and nature. The golden-headed lion tamarin is the symbol for the mission.
AMAP will achieve its mission by:
land purchase to protect wildlife habitats
reforesting Mata Atlântica to restore habitats for wildlife
supporting restoration projects to recover ecosystem functions
supporting research projects for evidence based solutions for biodiversity conservation
supporting agroforestry systems to generate sustainable income for local communities
biodiversity-friendly organic cocoa production in the cabruca-agroforestry system on our own farms","Habitat structure
Ecosystem
Knowledge sharing
Social",M,YES,"Long-term monitoring project of lion tamarins (radio telemetry)
The EAI-Project will use artificial intelligence (AI)-based biodiversity monitoring cameras to quantify biodiversity changes and implications for ecosystems services such as pollination and pest control. ","Wildlife tracking
Aspirational (wildlife tracking)",YES,"Since its founding in 2017, AMAP has supported research projects that contribute to the preservation of the region's biodiversity. This can directly involve basic research on species conservation, or, for example, research on sustainable, biodiversity-friendly cocoa cultivation in the region. The resulting scientific articles, theses and other publications in which AMAP was directly or indirectly involved are listed here.
The Ecological Assessment Initiative (EAI-Project) is a scientific cooperation project of Westlake University (WU), the Universidade Estadual de Santa Cruz (UESC) and AMAP, which aims to quantify the long-term effects of land use changes on biodiversity and its socio-economic consequences for cocoa farmers in the Cabruca agroforestry system (cocoa forest) of Brazil.",Academic,land purchased = 153ha + 186ha = 339ha
22,Central / South America,Araguia - Instituto Araguaia de Proecao Ambiental,Brazil,NO,NA,"https://www.magcloud.com/webviewer/2937209
https://www.araguaia.org/otters",600,2010,15,YES,"idealised >4 million-hectare Bananal-Araguaia Ecological Corridor
To protect the biodiversity of the Araguaia River basin and its ecological processes, in particular inside and around Cantão State Park; to carry on scientific research and to disseminate scientific data that will contribute to the region's conservation; to develop and to implement a community outreach program that is economically and environmentally sustainable; to undertake the legal actions necessary to carry on our mission.
Goal: To protect at least 2000 hectares (4,942 acres) of native Cerrado in a network of interconnected private reserves within 20 km of Cantão Park. (one one of 4 projects)","Habitat structure
Ecosystem
Diversity
Knowledge sharing
Social
Other (legal)",SM,YES,"Giant otter monitoring (patrols) - monthly census, camera traps
According to our observations, which are based on the methodology established by the IUCN and described in the publication ""Surveying and Monitoring Distribution and Population Trends of the Giant Otter, IUCN/SSC Otter Specialist Group”…
Lake surveys (in person, drone and balloon)
Mark and release 
Habitat classification","Fieldwork
Wildlife tracking",NO,NA,NA,"Area from 2023 Annual report “our corridor of… 20-ha pristine forest, 145 ha property… 240 ha of pristine…195 ha RPPN = 600"
23,Central / South America,Black Jaguar Foundation,Brazil,NO,NA,"https://www.black-jaguar.org/2022-bjf-milestone-report/
https://www.black-jaguar.org/2024-highlights/
https://www.black-jaguar.org/green-capital-study/",10400000,2009,16,YES,"Now, our sole focus is tree planting and the restoration of biodiversity. 
we reached many new milestones, in order to realize the 2600 km long Araguaia Biodiversity Corridor.
Our objective is ambitious: to plant over 1.7bn native trees to realise the Araguaia biodiversity corridor",Habitat structure,SM,YES,"17 steps to bring back healthy forests:
5 = mapping and validation (mapping and assessing land), 16 = up to 20 years monitoring (not explicit how)",Fieldwork,YES,"Impact: +20,000 jobs in restoration, 70+ native species being grown, +500,000 seedlings from nursery
During 2019-2020, an international team of 11 scientists conducted an impact study. Supported by a Global Advisory Board, they calculated the total benefits resulting from the land restoration of the Araguaia Biodiversity Corridor, for Brazil and the planet as a whole.
2020 impact study report: native trees restored, partner farms, planting survival rate, seedling production, native species planted,","Internal
Social
Diversity",
24,Central / South America,Ecosistemas Argentinos,Argentina,YES,This column contained email responses from the organisation. These have been removed for privacy reasons.,"Not counting academic papers - move to academic lit review if relevant
https://ecosistemasarg.org.ar/horizonte-y-objetivos/

https://drive.google.com/drive/folders/1PkS67RsG_7DxOQLu7oOv9S1OPSiXWBQf",22,2003,22,YES,"Generate knowledge, inform and raise awareness about Argentine ecosystems.
To develop, support and implement restoration and conservation projects for Argentine ecosystems.
Promote citizen participation in the planning and implementation of environmental public policies.","Knowledge sharing
Social
Ecosystem",NO,NO,CM: I couldn’t find anything on monitoring in the general documents; but they have a whole list of projects and some might have invididual monitoring metrics?,NA,NO,"CM: They have an evaluation procedure to decide which projects they subsidize, but its criteria to evaluate whether to support the project, rather than to evaluate if it worked after implementation",NA,Spanish language - Cecilia Maria Montauban
25,Central / South America,Felinos do Aguaí Institute,Brazil,NO,NA,"Portuguese language
https://www.felinosdoaguai.com/unidade.htm",9172,2005,20,YES,"Our Mission
Research to educate for the conservation of wild felines and their habitats.
Our Vision
To be a reference institution, in an environment of continuous learning, to make projects that promote environmental conservation viable.","Knowledge sharing
Species",NO,YES,"Scientific expeditions;

Use of technologies to monitor wild cat populations;

Management and conservation of endangered species through scientific breeding for conservation purposes; Monitored releases of wild animals; Technical-scientific publications.","Fieldwork
DNA methods
Wildlife tracking",NO,NA,NA,Portuguese language
26,Central / South America,Guanacaste Dry Forest Conservation Fund,Costa Rica,NO,NA,https://www.gdfcf.org/content/who-we-are,169000,1997,28,YES,"GDFCF's formal mission statement is to: “Promote the long-term survival of the ecosystems and biodiversity of the Área Silvestre Protegido (wild protected area) of Área de Conservación Guanacaste in Costa Rica through conservation, education, science-based management and biodiversity development.”","Ecosystem
Diversity
",NO,YES,"We train, fund and guide the parataxonomist program of Costa Rican biodiversity managers. These are local men and women whose careers center on understanding what ACG biodiversity exists, in which places and what it does there, and of transmitting that information to the rest of the ACG conservation community, the scientific community, and the world at large. [SEE: BIOINVENTORY OF ACG]. ACG is also a test bed for innovative methods to identify and understand wild biodiversity through the use of DNA barcoding.","DNA methods
Fieldwork",NO,NA,NA,
27,Central / South America,Instituto Fauna Brasil,Brazil,NO,NA,"Reintroduction projects
https://institutofaunabrasil.org.br/publicacoes/",NA,2010,15,YES,"OBJECTIVES

Carry out translocation projects for conservation purposes;
Promote the restoration of ecological interactions that have been lost in defaunated forests;
Educate and train people to act as citizen scientists and be protective agents of the environment and fauna;
Generate opportunities and promote sustainable socioeconomic development","Species
Social
Ecosystem",M,YES,"the parrots undergo behavioral training to adapt to life in the wild. They are then identified, equipped with monitoring devices, and transferred to an aviary within the PNA for adaptation. The aviary is gradually opened during the day so that the parrots can acclimate to their natural environment, while they are monitored by staff and citizen scientists.","Wildlife tracking
Fieldwork",NO,NA,NA,
28,Central / South America,Instituto Homem Pantaneiro,Brazil,NO,NA,"https://institutohomempantaneiro.org.br/quem-somos/

https://institutohomempantaneiro.org.br/wp-content/uploads/2021/10/Amolar_Network_Report_2019.pdf

https://institutohomempantaneiro.org.br/wp-content/uploads/2024/05/INST-HOMEM-PANTANEIRO-relatorio-2023-completo-pag-dupla.pdf",20533,2002,23,YES,"The institution's mission is to ""Preserve the Pantanal"" and the institution's main objectives and lines of action according to the Articles of Association are: 
promote, support, publicize, coordinate, develop, participate in and execute programs, plans, projects and activities related to education, culture, history, tradition, socio-economics, sports, tourism, conservation and preservation of the environment, projects and activities related to culture, tradition and improvement of environmental quality, especially in the Pantanal Biome; 
promote, support, disseminate, coordinate, develop, participate in and execute programs, plans, projects and activities related to education, training and qualification of human resources in the areas of culture, history, tradition, socio-economics, sports, tourism, conservation and preservation of the environment; 
promote, support, disseminate, coordinate, develop and execute studies and research in the cultural, historical, environmental and socio-economic areas;
promote, carry out and disseminate research and studies, organize documentation and develop projects in the areas of culture and the environment; 
provide and perform services, advisory services and consultancy to governmental and non-governmental institutions, public and private companies, individuals and legal entities, in the areas of planning and execution of activities related to education, culture, history, tradition, socio-economics, sports, tourism, conservation, environmental preservation, environmental services and improvement of environmental quality; 
promote, organize, produce, publicize and participate in national and international events and campaigns to support the conservation of environmental heritage, improvement of environmental quality, culture, tradition, history, sports and tourism; 
defend, in court and out of court, the diffuse, collective and homogeneous individual rights and interests of the needy communities to which it provides assistance and of the environment.","Social
Knowledge sharing
Other (legal)",M,YES,"2019 report outcomes: 
54 trips for biodiversity monitoring, 11,880km monitored river, 270 days monitoring, species monitoring, monitoring of water vessels
Camera traps to monitor bioindicator species

Google Translate of 2023 report:
Monitoring through species recording 
Monitoring biodiversity, 
Scientific studies","Fieldwork
Wildlife tracking",NO,NA,NA,"Portuguese language - 2023 report

Area - list in 2019 report of network’s outreach area for IHP = 190 + 78 + 16 + 20,259 = 20,533

Ran the 2023 PDF report through Google Translate - formatting was v diff."
29,Central / South America,Instituto Serra do Tangará,Brazil,NO,NA,"https://novamata.org/iniciativa/reserva-ecologica-serra-do-tangara/

https://institutoserradota.wixsite.com/serradotangara?fbclid=IwY2xjawIG7hlleHRuA2FlbQIxMQABHVy19LA7E1fS2XpmiqmcRBb5HcGPLnPaAwnBUkiK3Z-3ENM5tSqNMRH3FQ_aem_j4y2L53Y9kwr7IipG6q-pw",20400,2020,5,YES,"Mission
Promote the conservation and preservation of the remaining forests of the Serra do Tangará Ecological Reserve, encouraging research, forest restoration, environmental education, ecotourism, the formation of socio-environmental public policies and the adoption of sustainable activities
Vision
To be a strong, active organization recognized for the relevance of the socio-environmental projects developed in the Serra do Tangará Ecological Reserve.  ","Knowledge sharing
Social",NO,YES,"Environmental Protection – aims to reduce threats to the region's biodiversity, carried out through monitoring and preventing illegal acts, such as hunting, deforestation and burning.  
The entire process, including seedling growth in the nursery and monitoring of seedlings in the field, is carried out by biologist Jovani Monteiro.",Fieldwork,YES,,NA,
30,Central / South America,Ofrenda A'bunna,Colombia,NO,NA,https://www.ofrendaabunna.org/about-us,3237,2016,9,YES,"OUR GOALS:
Our goal is to purchase and protect 5,000 more acres of Arhuaco ancestral territory in five years.",Habitat structure,SMT,YES,"Forest cover on Arhuaco ancestral land expanded by 63% in twelve years, according to satellite images comparing land management in 2010 to 2022.",Remote sensing,YES,"Forest cover on Arhuaco ancestral land expanded by 63% in twelve years, according to satellite images comparing land management in 2010 to 2022. 
We have already protected 8,000 acres",Area,
31,Central / South America,OSA Conservation,Costa Rica,NO,NA,"https://osaconservation.org/our-impact/
https://osaconservation.org/about-us/annual-reports/
https://osaconservation.org/wp-content/uploads/2024/02/2023-IMPACT-REPORT.pdf",1330428,2003,22,YES,"Mission: To conserve the globally significant biodiversity of Southern Costa Rica by implementing ecosystem stewardship, enhancing scientific understanding, providing education and training, and creating sustainable economic opportunities","Social
Diversity
Knowledge sharing",M,YES,Deployed or monitored 86 transmitters to track elusive wildlife movement… GPS seaturtle tag…local community members trained to monitor biodiversity using citizen science technology…monitoring training…acoustic monitoring…,"Fieldwork
Wildlife tracking",YES,"home page = acres in working landscape, sea turtle hatchlings released, visitors to the sites, trees planted, acres protected, citizen science observations
2023 annual report Impact Map
mangroves planted, GPS data points, restoration network members, km patrolled, rare, native and threatened trees planted, lbs plastic removed from sea turtle nesting habitat, sea turtle tagged","Area
Species
Internal
Academic
Social
Diversity",
32,Central / South America,Reforestamos,Mexico,NO,NA,"https://www.reforestamosmexico.org/wp-content/uploads/2023/09/Informe-anual-2022-ingles.pdf
2023 is Spanish only",12000000,2002,23,YES,"Con 22 años de trayectoria nuestra misión ha consistido en Asegurar más y mejores bosques para 
impulsar el desarrollo sostenible. Nuestra visión, Lograr que los bosques sean nuestros principales aliados 
para alcanzar las metas de desarrollo sostenible 2030 de la ONU. Para ello plantemos cuatro objetivos y 
líneas de acción:
- Detener deforestacion
- Manejo forestal certificado
- Restauracion
- Arborizacion

ENGLISH:
With 22 years of experience, our mission has been to ensure more and better forests to drive sustainable development. Our vision is to make forests our main allies in achieving the UN 2030 Sustainable Development Goals. To achieve this, we have established four objectives and lines of action:
- Stop deforestation
- Certified forest management
- Restoration
- Tree planting",Habitat structure,M,YES,"Among the urban activities carried out in 2022 in Mexico City were the planting of 77 trees and three monitoring visits to La Mexicana Park…Monitoring Groups were set up for collaboration and joint cocreation between authorities and stakeholders to strengthen the right of access to public information
Through the Natural Resources Transparency Index developed by our Advocacy Partnerships team, together with three partner organizations, we were able to measure an increase in public information in the forestry sector.

CM: Lots on page 5 of the pdf. They keep track of how many reforestation events, volunteers, the area that is reforested, how many trees are planted, how much area is certified by FSC, they also mention different metrics of how they have helped community businesses.

They also mention monitor metrics in the project descriptions, including groups that monitor transparency in the forestry sector","Fieldwork
Consultation",YES,"CM: Mention a lot in the project summaries about the impact they have had. Seems similar to the kinds of things under monitoring, so im not sure?

Among the urban activities carried out in 2022 in Mexico City were the planting of 77 trees and three monitoring visits to La Mexicana Park…Monitoring Groups were set up for collaboration and joint cocreation between authorities and stakeholders to strengthen the right of access to public information
Through the Natural Resources Transparency Index developed by our Advocacy Partnerships team, together with three partner organizations, we were able to measure an increase in public information in the forestry sector.

CM: Lots on page 5 of the pdf. They keep track of how many reforestation events, volunteers, the area that is reforested, how many trees are planted, how much area is certified by FSC, they also mention different metrics of how they have helped community businesses.

They also mention monitor metrics in the project descriptions, including groups that monitor transparency in the forestry sector","Social
Internal
Area","Spanish language -Cecilia Maria Montauban

Area: “Reforestamos works to generate statistical and geographic forest information on the territories in which it has an impact in order to facilitate decision-making and better territorial intervention in the Landscapes and Forest Connectivity Corridors in Mexico. By the end of 2022, 12 million hectares were characterized in eight forest connectivity corridors in 16 Mexican states”"
33,Central / South America,Rewilding Argentina,Argentina,NO,NA,https://www.rewildingargentina.org/wp-content/uploads/2024/05/RA-Annual-Report-2023_LR.pdf,407000,2010,15,YES,"Since 2012, Rewilding Argentina has been working in the region with the objective of increasing the legal protection of the land, restoring wildlife populations, developing high-quality tourist infrastructure and public access to protected areas, and promoting one-of-a-kind nature tourism experiences.","Social
Other (legal)
Diversity",M,YES,"187 Telemetry and satellite devices deployed to monitor wildlife…populations must be monitored mainly through direct observation and camera traps…we carried out thirty patrols along 100 kilometers of the Bermejo River and carried out three threats monitoring campaigns within and along the border of El Impenetrable National Park….lots of individuals fitted with satellite collars, and rings,","Wildlife tracking
Fieldwork",YES,"Our impact so far: We donated over 407 thousand hectares (over 1 million acres) of land to create and expand 10 national and provincial parks that protect over 1,5 million hectares (3,7 million acres). ""is protected land sequesters 938 million metric tons of carbon. At sea, we helped protect 96 thousand square kilometers of the Argentine Sea with the creation of the !rst national marine parks in Argentina. We are reintroducing 16 missing species to their natural habitats in Argentina, and working with research and active management of 14 threatened species to increase their population numbers. 6 ecoregions are being positively-impacted by territorial conservation models: the Iberá wetlands, the Great Chaco, the Patagonian steppe, the Argentine Sea, the Cloud forest, and the Patagonian forest. We are helping to create 4 nature-based tourism destinations: Iberá, El Impenetrable, Patagonia, and We donated over 407 thousand hectares (over 1 million acres) of land to create and expand 10 national and provincial parks that protect over 1,5 million hectares (3,7 million acres). ""is protected land sequesters 938 million metric tons of carbon. Patagonia Azul, where we are developing 14 park gateways with public-use infrastructure linked to local communities.

socioeconomic survey…the information obtained through the survey will allow us to design and implement, together with these other organizations, actions aimed at increasing well-being in accordance with the needs of this community, and to evaluate the long-term impact of our local development initiatives based on cultural and nature tourism.","Area
Internal
Species",Area -We donated over 407 thousand hectares (over 1 million acres) of land
34,Central / South America,Rewilding Chile,Chile,YES,This column contained email responses from the organisation. These have been removed for privacy reasons.,https://www.rewildingchile.org/web/wp-content/uploads/2024/06/Annual-Report-2023_EN-Digital.pdf,3000000,1992,33,YES," goal of countering both climate change and the species extinction crisis

MISSION To encourage Rewilding as a holistic conservation strategy in the Route of Parks of Patagonia in order to counter the species extinction crisis and the climate crisis, by creating National Parks and marine parks, restoring ecosystems, and strengthening local communities’ connection with nature.
","Ecosystem
Social",NO,YES,"Use of Artificial Intelligence for realtime monitoring of camera traps…Installation of 100 camera traps in Patagonia National Park to monitor the presence of wild cats…camera traps and radio telemetry,",Wildlife tracking,NO,NA,NA,Area and start year from conversation
35,Central / South America,Sociedale de Pesquisa em Vida Selvagem (SPVS),Brazil,NO,NA,https://www.spvs.org.br/_files/ugd/e54e9a_99b1f1e71ff14690bfbd102c3e54a04b.pdf,"19,000",1984,41,YES,"Mission
SPVS's mission is to work for the conservation of nature, through the protection of native areas, environmental education actions and the development of models for the rational use of natural resources.
The institution's projects are designed to address central issues of biodiversity conservation, seeking to reverse scenarios that threaten ecosystems and species, involving communities and establishing alliances with companies, government actors and other third sector institutions.","Ecosystem
Social",NO,YES,"Monitoring of photographs, filming and viewing of footprints, in
addition to the installation and monitoring of camera traps, which
continue to attest to the record of the presence of rare wild animals
and tops of the chain such as: puma (Puma concolor), jaguar
(Panthera onca), tayra (Eira bar-bara), wildcat (Leopardus tigrinus),
tapir (Tapirus terrestris), collared falcon (Micrastur semitorquatus),
among others

Monitoring of 105 nests in Paraná during the breeding season
of the purple-faced parrot. Recorded reproductive activity in 44
nests, with the birth of 26 chicks and successful fledging of 9
chicks.
Monitoring of 20 nests, and location of 3 more active nests,
during the reproductive period of the purple-breasted parrot, with
the birth and success of 6 chicks.

• Obtaining 13 records of the species, nine different groups, in the
Superagui National Park (PR), using playback, linear transect and
installation of camera traps methods.","Wildlife tracking
Fieldwork",YES,"In 2023, the main highlights of SPVS's performance were:
• Management and handling of three of our own Natural Reserves, totaling more than 19 thousand hectares
• Generation of more than 6.2 million reais in Ecological ICMS, for the municipalities of Antonina and Guaraqueçaba (PR); 
Development of Agroforestry Systems (SAFs) methodologies
with training of local communities;
• Conservation, management and research with endemic species, threatened with extinction, such as the purple-faced parrot, the red-breasted parrot, -purple and black-faced lion tamarin;
• Generation of employment and income in the region, contributing to the improvement of socioeconomic indicators
• Development of public use and ecotourism activities in Natural Reserves; Carrying out nature conservation education and communication
activities with a wide range of audiences;
• Support for the creation of the Payment for Environmental Services Law (PSA) in the municipality of Antonina (PR);
• Development of advocacy initiatives and partnerships with the Public Authorities to strengthen nature conservation actions and policies;
Participation in regional environmental meetings, committees and forums Formalization of partnerships with the private sector for the development of projects; 
Use of media, social networks and events to publicize initiatives
and raise awareness in society about environmental issues","Area
Internal
Social
Species","Portuguese language

Put 2023 annual report through Google Translate"
36,Central / South America,Terra Habitus,Mexico,NO,NA,"https://terrahabitus.org.mx/wp-content/uploads/2024/06/Informe-Anual-2023.pdf
Spanish language",NA,2021,NA,YES,"una organización privada que promueve 
iniciativas para una mejor gestión de los recursos hídricos, la 
regeneración de ecosistemas y el desarrollo sostenible en el noreste 
de México.
 Trabajamos en alianza con la ciudadanía, organizaciones de la sociedad civil, 
el sector empresarial, la academia y el gobierno.
 PROPÓSITO
 Mejorar la calidad de vida a través de la 
naturaleza.
 VISIÓN
 Una sociedad y un entorno natural 
que inspiran a México y al mundo 
a construir un legado sostenible de 
prosperidad.
 Desarrollamos alianzas, modelos y 
soluciones regenerativas, innovadoras 
y disruptivas que conservan la 
naturaleza y mejoran nuestras vidas.

ENGLISH:
A private organization that promotes initiatives for better water resource management, ecosystem regeneration, and sustainable development in northeastern Mexico. We work in partnership with citizens, civil society organizations, the business sector, academia, and the government. PURPOSE To improve the quality of life through nature. VISION A society and a natural environment that inspire Mexico and the world to build a sustainable legacy of prosperity. We develop regenerative, innovative, and disruptive partnerships, models, and solutions that conserve nature and improve our lives.

CM: the pdf summarises the overall activities, which include include: 
1. The development of the Río Ciudad project, through which we promote the conservation of watersheds and riparian ecosystems and their strategic link to the water resilience of the Monterrey Metropolitan Area and other cities in the northeast of the country.
2. The launch of the Rancher Seminars project, aimed at ejidatarios and private landowners, whose purpose is to promote the large-scale preservation of landscapes and biological corridors in the region.
3. Progress in the development of innovative tools and mechanisms in conservation finance, applicable to Mexico and Latin America, with the goal of ensuring stable, long-term financing for large-scale conservation and sustainable development actions.
4. The establishment of collaborative alliances with the Harvard University Graduate School of Design, the Antonio Narro Autonomous Agrarian University, and the governments of Nuevo León and Coahuila.
5. The institutional strengthening of Terra Habitus, A.C. through the development and definition of a three-year strategic plan, the development of internal policies and procedures, and the implementation of information and communication technology tools for improved collaboration and teamwork.
6. The communication of our actions and technical opinions on topics relevant to the conservation and regeneration of nature. This has been achieved through the publication of opinion pieces in national and regional newspapers. Participation in the Healthy Planet, Healthy You podcast, focused on raising awareness about the importance of caring for the health of the planet and its people.","Ecosystem
Social
Habitat structure
Knowledge sharing",NO,NO,NA,NA,NO,"CM: They talk about important advances in three programs: Sustainable sities and water resilience; regenerative landscapes; and conservation finance.

",NA,"Spanish language -Cecilia Maria Montauban
Start year: CM: they say 2023 was their third year"
37,Central / South America,Wildtracks,Belize,YES,This column contained email responses from the organisation. These have been removed for privacy reasons.,"5 goals of wildtracks
https://www.wildtracksusa.org/protected-areas",736,1990,35,YES,"THE 5 GOALS OF WILDTRACKS INCLUDE:
1. Contribute to the increased viability of threatened species in Belize and worldwide though national conservation collaborations, addressing threats, and strengthening rehabilitation and release back into the natural environments of Belize.
2. Contribute toward national and international conservation and biodiversity goals, priorities and targets
3. Engage and inspire both national and local communities toward improved awareness and active stewardship of Belize’s natural resources
4. Promote a balance between conservation and sustainable development across landscapes and seascapes that ensures continued viability of wildlife and builds environmental resilience to climate change
5. Secure the necessary infrastructure, as well as human and financial resources, for effective organizational management and expansion to achieve our strategic goals, outputs and long-term stability","Social
Other (targets, financial)
Ecosystem",NO,YES,"wildlife rehabilitation doesn't end when the animals are released – their success in returning to the wild needs to be monitored for at least a year, to ensure that they are coping with conditions in the forest, maintaining good health, adopting a completely wild lifestyle, and entering the breeding population. 
Once old enough, the calves are fitted with a satellite tracking device and enter soft-release – living free in the lagoon. They are introduced to the seagrass beds, and constantly monitored remotely using the satellite information. This stage continues for up to a year – the extended soft release process is critical in the preparation for a successful reintroduction to the wild, providing time for the young manatees to not only learn about the wild environment, but also to be are weaned off human dependence.",Wildlife tracking,NO,NA,NA,
38,Europe,ARK Nature Foundation,Netherlands,YES,This column contained email responses from the organisation. These have been removed for privacy reasons.,"https://issuu.com/basreijnen/docs/jaarverslag_2024_issuu?utm_medium=referral&utm_source=arkrewilding.nl
Dutch language",318,1989,36,YES,"Contact - Some information for this section was extracted from emails or interview notes and it has been removed for privacy reasons.

Jonas:
They have a multi-year-plan in which they highlight goals. This includes the development plans for 7 nature areas for which they formulated ambitions and goals, as well as a plan for boosting rewilding in the Netherlands. While much of the text is structured around programmes and activities, if you step back, the core overarching goal of ARK Rewilding Nederland becomes clear and is quite consistently described. There are however few quantifiable, measurable goals stated:

Upscaling rewilding in the Netherlands by giving space and time to natural processes that allow ""nature to become Nature"" (ruimte en tijd voor natuurlijke processen die natuur tot Natuur maken).

In other words, their definition of success would broadly be:

A more nature-rich, vital Netherlands, where rewilding is mainstreamed across land management, education, societal debate, and policy.

Building a strong, supportive infrastructure for rewilding: through knowledge sharing, education, public outreach, creating networks, and inspiring leadership.

Becoming the recognized and leading Dutch organization for rewilding (with rebranding towards ""Rewilding Nederland"" being considered to reflect that ambition).

A few more key phrases that could serve as ""mission-like"" or ""objective"" definitions:

""Opschaling van rewilding"" (upscaling rewilding).

""Het rewilding gedachtengoed ingebed krijgen in de curricula"" (embedding the rewilding philosophy into curricula).

""Een netwerk ontwikkelen van actoren die rewilding-initiatieven mogelijk maken"" (building a network of actors who can realize rewilding initiatives).


Original text describing their goals for scaling up of rewilding: • Het opzetten van een interactieve kaart met alle rewilding-initiatieven, inclusief alle 
ARK-projecten uit de afgelopen decennia.
• Het aanbieden van online kennis-modules.
• Het opzetten van een programma van activiteiten waar geïnteresseerde rewilders elkaar 
periodiek ontmoeten, kunnen debatteren en ervaringen uitwisselen. Wij denken aan 
lezingenreeksen, een jaarlijks symposium, podcastseries etc..
• Het organiseren van reizen naar (Nederlandse en buitenlandse) referentie-gebieden
2. Programma Young Rewilding Professionals
Wij investeren de komende jaren ook verder in ons educatie-programma gericht op de 
toekomstige beheerders en ontwikkelaars van natuur en landschap in Nederland. Wij schalen onze inzet op om het rewilding gedachtengoed ingebed te krijgen in de curricula van 
nagenoeg alle groene opleidingen in Nederland. De ambitie is om alle groene opleidingen 
te bereiken en ons daarbij niet alleen te richten op inhoudelijke kennis van rewilding (natuurlijke processen) maar ook bij te dragen aan het creëren van een nieuwe generatie die 
onze ambitie van een natuurrijk vitaal Nederland draagt en mee-uitdraagt. 
Onderdeel van dit programma is onder meer:
• Het uitbouwen van een netwerk met docenten en opleidingsdirecteuren van alle groene 
HBO en WO-opleidingen in Nederland (en wellicht ook aangrenzend buitenland).
• Het verzorgen van gastcolleges, cursussen en velddagen.
• Het uitbouwen van een rewilding netwerk voor toekomstige en jonge professionals (ook 
buiten de opleidingen om).
• Het betrekken van studenten in onze gebiedsprogramma’s (stages en onderzoeksprojecten).
We zetten ons sterker in om studenten en young-professionals de kracht van rewilding te laten zien.
opschalen van rewilding in nederland
meerjarenplan stichting ark 2023-2027
3. Programma Rewilding kennis delen
De opschaling van rewilding vraagt om het beschikbaar maken van kennis en ervaringen 
met rewilding. ARK kan bouwen op een decennialange ervaring. Die ervaring is van grote 
waarde en geeft ons recht van spreken. Ook op andere plekken in de wereld neemt de kennis 
over rewilding met de dag toe. ARK zal de brede ervaring de komende jaren vastleggen, 
bundelen, versterken en ontsluiten voor partijen die zelf aan de slag willen en kunnen, 
waaronder de partijen die we bereiken via het Rewilding Netwerk.
Om deze rol met voldoende aandacht en inzet te kunnen invullen wordt een team opgebouwd van ARK’ers en derden die de inhoudelijke natuurkennis en ervaring met natuurontwikkeling bundelen, ontsluiten én uitdragen. De leden van het team zullen meedraaien 
in onze eigen gebiedsprogramma’s, om deze kennis verder in de praktijk te ontwikkelen 
en om deze te laten landen in onze eigen veldprojecten. 
Onder leiding van de programmatrekker wordt een werkplan opgesteld. Activiteiten waaraan gedacht wordt zijn onder meer:
• Het inrichten van specifieke kennis-pagina’s op onze website. Naast specifieke inhoudelijke natuurontwikkelingskennis (bosontwikkeling, moerasveen, carnivoren, 
begrazing, dood-doet-leven, schelpdierrifherstel) betreft het ook organisatorische 
ervaringen (projectmanagement, ondernemende gebiedsontwikkeling, aantrekken 
werkkapitaal etc.).
• Het uitgeven van een handboek rewilding (naar voorbeeld Rewilding Britain).
• Het publiceren van papers, artikelen in vakbladen.
ARK Rewilding Nederland staat voor ruimte en tijd voor de natuurlijke processen die natuur tot Natuur maken. 
• Het op verzoek ondersteunen van rewilding-initiatieven van derden (met name projecten 
van enige omvang en hoge score op de ‘rewildingladder’). 
• Het via onze veldprojecten podium bieden aan wetenschappers en journalisten die de 
impact van rewildingprojecten in beeld brengen.
• Het opbouwen en onderhouden van een netwerk van onderzoekers en wetenschappers 
(Wilde Denktank).
4. Programma Rewilding Promotie
De opschaling van rewilding vraagt om uitgesproken en inspirerende pleitbezorgers die 
het concept rewilding dragen en met verve uitdragen. ARK zal deze rol, als dé Nederlandse 
rewilding organisatie in de komende jaren explicieter en pro-actiever oppakken. Wij zullen 
vaker en meer uitgesproken naar voren treden in het maatschappelijke debat. 
Ook deze rol zullen wij programmatisch aanpakken. Een klein toegewijd team heeft als taak 
om ons voor te bereiden om wanneer aan de orde adequaat te kunnen reageren. Onderdeel 
van dit programma zullen onder meer zijn:
• Het opbouwen van een netwerk van ‘rewilding ambassadeurs’ die bij gelegenheid naar 
voren kunnen worden geschoven.
• Het trainen van persoonlijke skills van ARK’ers (mediatrainingen).
• Het voorbereiden van betooglijnen en spraakmakende ‘narratives’ over rewilding in 
helder en aansprekend taalgebruik. 
• Het samenstellen van issue-papers over relevante maatschappelijke thema’s (stikstof, 
klimaat, wildbeheer, natuurbeleid etc.), waar mogelijk gebaseerd op eigen ervaringen 
en praktijkvoorbeelden uit de landschappen waar we werken.
• Het doorzetten van de reeds lopende campagne #MeerNatuur, waarin wij voor diverse 
Nederlandse landsdelen de potenties verkennen van robuuste natuurlandschappen.
• Het vaker zichtbaar en explicieter naar voren treden op sociale media en op andere 
media met een breed bereik, in nieuws- en opinie en in vakbladen.
Een nieuwe naam
Om deze nieuwe rol te onderstrepen zullen wij onze positie als dé Nederlandse rewilding 
organisatie laten doorklinken in onze positionering. Als eerste stap zullen wij ons presenteren als “ARK Rewilding Nederland”. Daarbij past ook dat we onze uitstraling aan de tijd 
aanpassen, de website doorontwikkelen en zorgen dat uitingen aansluiten bij onze rewilding-koers en ambities. In de komende jaren zal een verdere rebranding naar Rewilding 
Nederland onderzocht worden. 
1. Programma Rewilding Netwerk Nederland 
De opschaling van rewilding vraagt om een netwerk van particuliere, private en publieke 
actoren die het verschil kunnen maken (grond, geld, uitvoering, macht) die elkaar inspireren 
en steunen bij het ontwikkelen en realiseren van rewildingprojecten. ARK zal de ontwikkeling van dit netwerk van rewilding initiatieven de komende jaren initiëren en faciliteren.
De wijze waarop wij deze uitdaging zullen oppakken en invullen zal nog moeten worden 
uitgewerkt. Wij zullen daarbij uiteraard samenwerken met Rewilding Europe en de recente 
ervaringen van Rewilding Britain met het opzetten van een vergelijkbaar netwerk benutten. 
Op dit moment denken wij onder meer aan de volgende initiatieven:
• Het ontwikkelen van een digitaal platform, een ‘thuishaven’ waar ontwikkelaars van 
rewilding-initiatieven inspiratie, en informatie kunnen vinden. Een plek waar rewilders 
successen kunnen delen, met elkaar in contact kunnen komen en onderlinge samenwerkingen kunnen opzetten.
• Het uitwerken van uitgangspunten en principes voor rewilding initiatieven.","Ecosystem
Social
Knowledge sharing
Species",SMT,YES,"Jonas

There is monitoring going on in multiple projects, yet there is little notice of actual deliverables to monitor. For example for the reintroduction of the wild cat: Since 2006, more than 1,600 locations in Limburg and North Brabant have been monitored using camera traps. In addition, around 400 locations have been surveyed in the zone north of the Eifel and Ardennes, up to fifteen kilometers from South Limburg. Both professionals and volunteers have spent many hours collecting and reviewing footage, allowing the expansion of the wildcat to be clearly documented. Furthermore, during the winters of 2014–2015 and 2023–2024, several cats in South Limburg were fitted with GPS collars, providing new insights into their behavior and how they move through the landscape.

Original text about monitoring for the wild cat: Sinds 2006 zijn in Limburg en Noord-Brabant meer dan 1.600 locaties met cameravallen gemonitord. Bovendien zijn zo'n 400 locaties onderzocht in de zone ten noorden van de Eifel en de Ardennen, tot vijftien kilometer van Zuid-Limburg. Zowel professionals als vrijwilligers hebben vele uren aan beeldmateriaal verzameld en bekeken, waardoor de opmars van de wilde kat nu goed in beeld is te brengen. Daarnaast zijn in de winters van 2014 op 2015 en 2023 op 2024 meerdere katten in Zuid-Limburg voorzien van een GPS-halsband, wat nieuwe inzichten heeft opgeleverd in hun leefwijze en de manier waarop ze zich door het landschap bewegen.","Wildlife tracking
Fieldwork",YES,"Contact - Some information for this section was extracted from emails or interview notes and it has been removed for privacy reasons.

Jonas
They also report examples of successes: collaborations, Nord sea (6 trials for mussel farms, 10.000.000 oysters planted, looking for new rewilding areas, new nature (74 ha obtained, 107 ha handed over to new management, 318 ha under management), publications (three noted), and successes in the three-country-park (return of a butterfly, planting of 10.000 shrubs and trees, introduced 10 wild cats, 44 cameras for monitoring)","Internal
Area
Species
Academic",Dutch language - Jonas Lembrechts
39,Europe,Beaver Trust,UK,YES,This column contained email responses from the organisation. These have been removed for privacy reasons.,https://beavertrust.org/wp-content/uploads/2024/02/End-of-year-report-Dec-2023.pdf,NA,2021,4,YES,"Document - Strategy to 2027
Beaver Trust has three headline goals and everything that we do supports one or more of these goals: 
R e s t o r e: We facilitate the restoration of beavers throughout Britain, prioritising catchments that maximise biodiversity and ecosystem benefits, connect and augment existing populations and promote holistic land use practices for long-term coexistence with the species. 
C o m m u n i c a t e & E d u c a t e: We mobilise widespread public understanding, and engagement with targeted interest groups, to inform and encourage acceptance of the changes beavers bring and prepare people to co-exist with them. 
Influence: We work with stakeholders and governmental bodies to develop national strategies and policies that enable the restoration and normalisation of beavers and wetlands alongside pragmatic management and mitigation.

Contact - Some information for this section was extracted from emails or interview notes and it has been removed for privacy reasons.","Species
Knowledge sharing",SMT,NO,"Document - We will review and adapt this strategy every six months to ensure that the focus of our work is current and that we focus our resources on the best way for maximum impact in delivering on our mission. Our success will be monitored by our Board by reviewing progress against agreed priorities in our annual operational plan.
Beaver Trust is grounded in the crucial importance of high standards of animal welfare. This year, we have purchased specialist remote monitoring equipment.
Contact - Some information for this section was extracted from emails or interview notes and it has been removed for privacy reasons.
",Aspirational (Wildlife tracking),NO,"Document - We will review and adapt this strategy every six months to ensure that the focus of our work is current and that we focus our resources on the best way for maximum impact in delivering on our mission. Our success will be monitored by our Board by reviewing progress against agreed priorities in our annual operational plan.

Contact - Some information for this section was extracted from emails or interview notes and it has been removed for privacy reasons.","Aspirational (Internal, academic)",
40,Europe,Bunloit rewilding,Scotland,NO,NA,"https://www.highlandsrewilding.co.uk/bunloit-estate
https://static1.squarespace.com/static/621f9623d02fad4ef3e6b253/t/6568c20d9cfd521fe1d31ea3/1701364285366/Third+Natural+Capital+Report",511,2020,5,YES,"We have four long-term goals: 
Meaningfully reduce emissions and increase sequestration of carbon - within our restored soils (primarily peatlands), grasslands and woodland areas. 
Meaningfully increase biodiversity - through the ongoing creation and enhancement of native, biodiverse habitats. 
Increase community agency over, and benefits from, land management, including via local employment, housing, and a range of other site-specific outcomes 
Become sustainably profitable - developing natural capital and other income streams to create profitable models for nature recovery.","Abiotic
Diversity
Social
Other (Finance)",M,YES,"Since the start of the project, the Bunloit estate has been the subject of a twelve-month consultation with conservation groups, scientists, expert ecologists, government and the local community. In the second year we conducted baseline natural capital surveys that are informing our land management plan for the future.
Each month we set up a Malaise trap, as shown in the photo below, for 24 hours at both Bunloit and Beldorney to capture flying insects. These insects are sent to the Sanger for DNA metabarcoding, and we will receive the species information, providing us with fascinating insights into how species change throughout the year and over time…We are also walking bumblebee transects on both Bunloit and Beldorney/…soil eDNA a total of 54 soil samples were collected from across the estate…We therefore carried out browsing impact assessments at the end of summer 2023, using the Woodland Herbivore Impact Assessment Method…we have also set up five exclosure plots in different habitats across the estate (oak woodland, juniper scrub, peatland, pine woodland and birch woodland)These areas will be monitored over time to see how the vegetation changes….camera traps, quadrats, transects, habitat condition survey 
Aspirational “If possible, adding long-term soil sampling to these quadrats, to track soil chemistry changes related to boar activity.”","Fieldwork
Wildlife tracking
DNA methods
Experiment
Aspirational (fieldwork)",NO,NA,NA,
41,Europe,Carpathia European Wilderness Reserve,Romania,YES,This column contained email responses from the organisation. These have been removed for privacy reasons.,https://www.carpathia.org/wp-content/uploads/2024/08/FCC_Raport-anual_EN_DB_06082024-web-18mb.pdf,250000,2009,16,YES,"Document - We continue to pursue our long-term objective: to restore the areas affected by human activities which often happened outside the law.

Contact - Some information for this section was extracted from emails or interview notes and it has been removed for privacy reasons.","Ecosystem
Species
Diversity
Social",M,YES,"Contact - Some information for this section was extracted from emails or interview notes and it has been removed for privacy reasons.
Document - 58 permanent monitoring points for monitoring invasive species 
Therefore we chose indicators that are capable of tracking these changes over an extended period of time and also detect responses to out specific measures: Understory vegetation Specialist bird species Terrestrial arthropods
In 2021 we finalised the baseline survey of these indicators… The aim of the monitoring activities was to identify the early modifications in the characteristic understory vegetation
understory vegetation monitoring will continue in 2024, bringing a better understanding of the ecological processes following the forest habitat restoration.
monitor the impact of reintroduced bison on vegetation. In each location, we built fenced areas in each identified habitat type (1 ha in size) to create bison-free zones as control sites, while enclosures have been widely used as a control to monitor ungulate effects on vegetation.
In our monitoring activities we used various methods: direct observation, GPS collars, camera traps.
The capturing and relocating actions will go on, as well as monitoring the freed beavers.
Last year, the study focused on the feeding habits of the golden eagles by examining three occupied nests more closely and collecting and identifying samples of prey remains.
Overall proportion of viable DNA samples for wolves since winter 2017, when we started to monitor them, is 54%.","Fieldwork
Experiment
Wildlife tracking
DNA methods
Consultation",YES,"Document- We are happy to have reached our target of restoring at least 100 hectares of old clear-cuts per year… Moreover, 20,000 saplings were planted


Contact - Some information for this section was extracted from emails or interview notes and it has been removed for privacy reasons.","Area
Internal
Species",
42,Europe,Kent Wildlife Trust,UK,NO,NA,"https://www.kentwildlifetrust.org.uk/
https://www.kentwildlifetrust.org.uk/sites/default/files/2023-11/KWT%202030%20Strategy%20FULL.pdf
https://www.kentwildlifetrust.org.uk/our-work/our-projects/wilder-blean-initiative
https://www.kentwildlifetrust.org.uk/choughreintroduction
https://www.kentwildlifetrust.org.uk/climate-change/conservation-grazing
https://www.kentwildlifetrust.org.uk/wilding

https://local.kent.gov.uk/kb5/kent/directory/service.page?id=lAoF6BDhCxA#:~:text=Founded%20in%201958%2C%20we%20are,habitats%20for%20everyone%20to%20enjoy.",3642,1958,67,YES,"We want to restore 30% of land and sea by 2030 through our Wilder Kent 2030 strategy…Our 25-year vision
To create a Wilder Kent where abundant wildlife has been restored across 30% of land and sea and is valued as a critical human life support system.
Aim: Create a biologically rich, extensive, connected, and resilient landscape, managed through natural processes. 
KWTG are committed to realising the global target of 30% of our land area in management for wildlife by 2030","Ecosystem
Diversity",SMT,NO,"Communicating Impact - We will continuously measure and communicate our impact, demonstrating and sharing our learning journey through the impact we achieve.",NA,NO,NA,NA,
43,Europe,Knepp Wildland Foundation,UK,NO,NA,"https://knepp.co.uk/rewilding/monitoring-and-surveys/
https://www.kneppwildlandfoundation.org/",3500,2001,24,YES,"The Knepp Wildland Foundation was founded to catalyse nature recovery across Sussex and beyond. We are using the lessons learned from the rewilding of the Knepp Estate to provide the evidence, knowledge and inspiration to support nature recovery at scale, with a particular focus on the next generation
Our Goals:
Landscape recovery
We are working towards a 100+ mile nature recovery corridor, Weald to Waves, running from Ashdown Forest, to the restored kelp forests off the Sussex coast, with Knepp at its heart. The corridor will ignite and inspire collaborations across Sussex. We will also develop a blueprint for farmer-led river restoration as part of a national pilot on landscape-scale nature recovery.
Knowledge and Influence
We are developing new tools and platforms to share the knowledge and evidence generated at Knepp with a wide audience. Through data collection, citizen science, research and storytelling, we will promote the principles of rewilding among public audiences, land managers and community groups. We will test new ways make data and evidence accessible and reach a wider range of students, researchers and policymakers.
New generation
We are investing in multidisciplinary training, research and employment opportunities for 16-25 year olds. Our aim is to create skilled, confident youth networks who can steer nature recovery into a new era. Through partnerships, including Operation Wallacea, we will provide residential placements and courses for the next generation of ecologists and conservationists.","Knowledge sharing
Social
Habitat structure",SM,YES,"This year, we are opening up two decades of insight gathered across the Wildland project. Our new Wild Data new platform combines interactive data and storytelling, offering a new space to learn about and explore rewilding in action. 

Knepp -  We undertake annual monitoring and surveys of wildlife and vegetation cover to help chart the changes happening under rewilding. Our baseline survey was undertaken in 2005, close to the start of the project. We also carry out surveys on specific species. This is a live document page that will be updated as reports become available.
VERY long list: https://knepp.co.uk/rewilding/monitoring-and-surveys/","Fieldwork
Wildlife tracking",NO,NA,NA,
44,Europe,Nattergal,UK,YES,This column contained email responses from the organisation. These have been removed for privacy reasons.,https://www.nattergal.co.uk/,1115,2021,4,YES,"Contact - Some information for this section was extracted from emails or interview notes and it has been removed for privacy reasons.

Document -Our purpose is to make Nature an investable asset class …We are pioneering the commercialisation of nature restoration to help deliver the “30% by 2030” global biodiversity framework goal.","Diversity
Ecosystem
Other (targets)",M,YES,"Document - 
Boothby;
During our retreat from arable farming, we have completed over two years of baseline monitoring, enabling useful comparisons between areas still under farming with those left to rewild. We’ve collaborated with experts from across the UK to collect data on everything from the fungi in the soil, to  birds, bats, butterflies and bumblebees.  Lincolnshire Wildlife Trust have been a critical partner, helping us with our BNG plans, creating ponds and supplying green hay, to name but a few. We now have a robust understanding of how the 2km of the West Glen river that runs through the site flows, and the quality of the water. We’ve also measured the amount of carbon stored in our soil, trees and shrubs.
High fen:
Beyond biodiversity, we have also measured the distribution and depth of our peatland, which urgently needs preserved as a vital carbon store. We have established that 40% of our wildland contains peat, which if left to dry out distributes carbon dioxide into the atmosphere. Rewetting the peat and securing the storage of carbon dioxide is a major priority… We have applied a number of innovative techniques, such as topography mapping using LIDAR, and the installation of hundreds of water monitoring stations, to fully understand how the landscape will function in its natural state.

Harold’s Park
 We measure across a huge range of taxa using a number of traditional and modern methodologies. For example we are surveying bird populations in three different ways: area-based surveys (CBC), transect-based surveys (BBS) and with bioacoustics sensors, which simultaneously monitor and baseline our bat population too. We are also baselining invertebrates (using eDNA), carbon (using soil analysis and lidar), soil fungi & fauna, butterflies, other pollinators, veteran trees, aquatic diversity and much more. 

Contact - Some information for this section was extracted from emails or interview notes and it has been removed for privacy reasons.","Fieldwork
DNA methods
Remote sensing",YES,Contact - Some information for this section was extracted from emails or interview notes and it has been removed for privacy reasons.,"Internal
Diversity
Species
Social
Financial","3 sites - area consolidated: 
Site 1: taken on in Dec 2021, 617ha 
Site 2: taken on in Dec 2022, 292 ha
site 3: taken on in April 2024, 206 ha 
Start date, 3 sites:
Site 1: taken on in Dec 2021, 617ha 
Site 2: taken on in Dec 2022, 292 ha
site 3: taken on in April 2024, 206 ha  (oldest (2021) used)"
45,Europe,Rewilding Britain,UK,NO,NA,"https://www.rewildingbritain.org.uk/
https://www.rewildingbritain.org.uk/about-us/our-vision/2030-vision-strategy
https://assets.rewildingbritain.org.uk/documents/2030-vision-strategy-rewilding-britain.pdf
https://assets.rewildingbritain.org.uk/documents/rewilding-britain-annual-report-2024.pdf",181128,2015,10,YES,"Rewilding Britain’s vision for achieving 30% by 2030 is to expand the scale, quality and connectivity of our native habitats through:
The creation of core rewilding areas across at least 5% of Britain. These areas should focus on restoring and reinstating as wide a range of natural processes, habitats and missing species as possible. What will emerge is a diverse mosaic of native forest, peat bogs, heaths, species-rich grasslands wetlands, saltmarshes, kelp beds, seagrass and living reefs.
The establishment of nature-enhancing land and marine uses across at least 25% of Britain. These will embed and connect up core rewilding areas within broader mosaic of land and marine uses such as low-impact mixed forestry, harvesting of natural products, nature-based tourism and high-nature value grazing.

Our ambition is to see a massive upscaling of nature’s recovery across at least 30% of Britain’s land and sea by 2030, supporting natural forest and woodland, peatlands, rivers, moorlands, saltmarshes and healthy seas, as well as sustainable, green economies and rural communities.

Scaling up and connecting rewilding - By 2030 rewilding will restore and reinstate as wide a range of natural processes, habitats and species as possible – native forest, peat bog, moorland, heath, wetlands, grasslands, salt marshes, kelp beds, seagrass and living reefs – and with no loss of productive farmland. We will inspire and empower Britain's largest landowners to commit to rewilding within a mosaic of smaller rewilding sites, providing connectivity between core areas, linking land and marine areas and connecting into the heart of our cities. 

Mainstreaming rewilding - By 2030 we will see an inspiring, diverse mosaic of habitats and species across our land and at sea which allows nature to flourish, while delivering significant benefits for people – including opportunities for green local economies; healthier air, water and soils; and better health and wellbeing. By propelling rewilding into the mainstream we will achieve the necessary support from both legislation and funding to ensure a wilder future. Through integrated government policies and legislation as well as greater private and public funding mechanisms we will drive and incentivise land and marine use change. 

Nature for people - People are at the heart of rewilding. We will help to empower and inspire individuals, groups and communities to transition towards rewilding. Evidence from rewilders will demonstrate that nature-based economies increasingly provide alternative income streams and livelihoods as part of a just transition for rural and coastal communities. By 2030 we will see communities leading, shaping and benefiting from rewilding where they are, as part of a growing movement that supports, learns about and derives multiple advantages from rewilding.","Habitat structure
Ecosystem
Social
Diversity
",SMT,YES,"By 2025 we will:Collate robust data and evidence on the impacts of rewilding from Network projects through a newly developed Rewilding Monitoring Framework
Working with Rewilding Network sites, and other practitioners and academics, we are developing a rewilding monitoring framework to provide consistent, live data that demonstrates the impact of rewilding across ecological, social and economic metrics.

THE REWILDING MONITORING FRAMEWORK 
We developed the Rewilding Monitoring Framework to track ecological, social and economic data from sites across Britain. This builds on the valuable data members of the Rewilding Network have been collecting for several years. It’s a crucial step to make the case for rewilding and the role it plays in addressing the nature and climate crises. Following a useful indicator prioritisation workshop with stakeholders including academics and practitioners and some key arms-length bodies, we began piloting the trial framework with five Rewilding Network projects. We will develop our approach to delivering the framework to ensure it meets the needs of rewilders – for monitoring impact and accessing funding – and delivers critical data and evidence for decision makers and stakeholders.",Aspirational (trial stage),NO,NA,NA,"Members of GRA, but nested in Rewilding Europe"
46,Europe,Rewilding Europe,"Albania, Austria, Belarus, Belgium, Bosnia & Herzegovina, Bulgaria, Croatia, Czech Republic, Denmark, Finland, France, Germany, Greence, Hungary, Ireland, Italy, Latvia, Lithuania, Netherlands, Poland, Portugal, Romania, Russian Federation, Slovakia, Slovenia, Spain, Sweden, Switzerland, England, Scotland, Ukraine",YES,This column contained email responses from the organisation. These have been removed for privacy reasons.,"https://rewildingeurope.com/history/#:~:text=Rewilding%20Europe%20was%20formally%20established,Neil%20Birnie%20and%20Wouter%20Helmer.

https://www.rewildingeurope.com/wp-content/uploads/publications/rewilding-europe-annual-review-2023/",5800000,2011,14,YES,"Based on our theory of change, strategy 2030 is broken down into 4 main components, each with its own objectives and targets for 2030: wilder nature, nature for people, building engagement, scaling up rewilding.

Wilder nature - increasing the amount of land where natural ecosystem processes function freely without intervention, as well as enhancing the overall ecological health of rewilding landscapes. Simultaneously focusing on wildlife comeback by increasing populations of keystone species, either by supporting their natural recovery or through reintroduction and restocking, as well as measures to maintain and enhance human-wildlife coexistence 

Nature for people - we recognise that there can be important economic benefits from rewilding - for example the jobs and revenues generated by nature based enterprises, or the provision of cost-effective climate change mitigation. But for large parts of society the benefits of wilder nature go far beyond the economic, involving aspects of mental and physical health, recreation, identity and culture.

Building engagement - places great emphasis on reaching out to people and capturing hearts and minds. Engaging content will promote the benefits of rewilding, showcase the impact of work being carried out together with partners in our rewilding landscapes, and influence the target groups that are key to scaling up rewilding across Europe.

Scaling up rewilding - to enable rewilding to scale up across Europe we engage, inspire and empower others to adopt and apply rewilding principles, models and tools. This applies to both rewilding landscapes and new landscapes. Core tools include strategic partnerships, networks, training, mobilising youth, removing policy obstacles, applied research, and work on a range of financial mechanisms.","Habitat structure
Ecosystem
Species
Social
Other (financial) 
Knowledge sharing",MT,YES,"“They want to develop a monitoring programme…”
“in 2023, 34 monitoring initiatives were undertaken across our 10 landscapes, including 5 multi-species monitoring efforts. These initiatives primarily focused on monitoring large herbivores, carnivores, and birds… multi-species camera trap monitoring… annual census efforts…DNA analysis from scats, and eDNA analysis of water samples”","Fieldwork
Wildlife tracking
DNA methods
Aspirational",YES,"4 key areas: wilder nature, nature for people, building engagement, scaling up rewilding

Wilder nature - number of species released, area under management, funding applications, sites with keystone species introductions, grants secured, focal rewilding species

Nature for people - loans, investment, nature based business networks, network members

Building engagement - online followers, articles published, events convened, people visiting

Scaling up - new members, webinars hosted, partnership agreements, rewilding embedded in research and policy initiatives","Internal
Area
Financial
Social
Species","Members of GRA, but nested in Rewilding Europe"
47,Europe,Rewilding Oder Delta,"Germany, Poland",NO,NA,https://rewilding-oder-delta.com/en/,450000,2019,6,YES,"Our vision
Implementing our vision will make the cross-border Oder Delta region an exciting rewilding experience.
Restoring and connecting natural habitats will allow wildlife to return as they pass through the Oder Delta during migration and discover suitable habitats here.
Thanks to the return of charismatic species such as the European bison and elk, new sources of income are being created for local communities. A sustainable nature tourism, combined with nature-orientated agriculture and local products and services, is offering new income opportunities for the region and improving the quality of life of the people living there.","Habitat structure
Social",M,NO,NA,NA,NO,NA,NA,"Members of GRA, but nested in Rewilding Europe - Rewilding Oder Delta e.V. was founded in 2019 as an independent association based in Stolpe an der Peene (Germany).”

Area = 70,000 hectares of the centrally located Stettin Lagoon and 380,000 hectares of surrounding forest and open landscape."
48,Europe,Rewilding Portugal,Portugal,NO,NA,"https://rewilding-portugal.com/

https://drive.google.com/file/d/1oqqkGz-Wr8RN1rvpAW2_7Bmy4vNhnybE/view",120000,2019,6,YES,"Its mission is to promote nature conservation through rewilding measures in Portugal.
Rewilding Vision
In the long-term, we want the Greater Côa Valley to be a wilder place, with fully functioning coherent ecosystems and abundant wildlife. A place where natural processes and complete trophic chains play key roles in the regeneration of the landscape.
Already, wildlife has returned to parts of the rewilding area, with species such as the Iberian wolf, red deer and roe deer expanding their ranges. We also want to build a nature and culture-based economy to create communal support for a wilder environment in which natural processes and key wildlife shape the landscape.

Project Objectives
The main aim of this project is to develop a coherent ecosystem and strengthen the wildlife corridor of the Côa Valley (120.000 hectares). In addition, the project aims to build a nature and culture-based economy to create communal support for a wilder environment in which natural processes and key wildlife shape the landscape. More specifically, the project aims to:
Increase the area of land under restoration in order to increase connectivity in the Côa Valley;
Bring back wildlife, and improve the status of prey base for Iberian lynx, wolf, Bonelli´s eagle, Iberian imperial eagle and black vulture;
Reduce the main threats to habitats and species (poaching, poisoning and fire), wolf-husbandry conflict and the use of toxic ammunition;
Create a scalable nature-based economy that improves the socio-economic situation of local communities;
Increase awareness about nature conservation, and create pride towards Rewilded Landscapes at local and national level.","Ecosystem
Diversity
Species
Social
Habitat structure",SM,YES,"Fire monitoring program
Release of tauros: animals were released into a closed enclosure so that they could acclimatise…while the team monitored their health and behaviour.
Monitoring guarding dog program
2023 was a year in which rewilding Portugal dedicated a lot of time and resources to monitoring scavenging and rupicolous birds…many hours of observaiton in the field…automatic acoustic detection equipment…marking with GPS devices","Fieldwork
Wildlife tracking",YES,"Rewilding Portugal in numbers: grouped by general, rewilding, enterprise, and communication
Hectares managed, visitors, overnight stays, ponds built, vertebrate species recorded, wildlife ambassadors, local product boxes delivered, growth on social media, invertebrate species recorded, journalists participating, hectares converted, network members, fenced installed, art pieces built, evaluation scores, guarding dogs integrated, fungi species recorded, scavenger birds marked with GPS, area covered by surveillance teams, volunteers involved, products sold, illegal traps detected, social media followers, area of forest restoration, participants in photo contest, horses released, rewilding areas opened to visitros, plant species recorded, semiwild tauros released","Diversity
Internal
Area
Social
Species","Members of GRA, but nested in Rewilding Europe - “Rewilding Portugal is a private non-profit organization, established in January 2019 in Guarda.
Its mission is to promote nature conservation through rewilding measures in Portugal."""
49,Europe,Rewilding Sweden,Sweden,NO,NA,"https://rewilding-sweden.com/wp-content/uploads/sites/2/2023/09/802480-9967-Arsredovisning_2022.pdf
Annual report - Swedish language",NA,2016,9,YES,"MISSION
Giving more space to nature can create new income opportunities – we support new business based on wild nature.

Rewilding vision
Swedish Lapland – Sápmi – has become known as the untamed and uniques land of the north, serving as the great home for the Sami, charismatic species and natural treasures. It is a vast landscape connecting the Atlantic with the Baltic Sea through some of Europe’s wildest rivers. It is famous for its abundance of big moose living together with bears, wolverines and lynx, big reindeer herds migrating between the mountains and the largest remaining tracts of old-growth taiga forests left in Europe, the snow-capped mountains and glaciers, and where three of Europe’s largest untamed rivers remain free-flowing.

","Habitat structure
Social
Species",M,NO,NA,NA,NO,NA,NA,"Members of GRA, but nested in Rewilding Europe = “Our activities have been ongoing since 2016 with several initiatives and activities in Norrbotten, partly due to the support of the Swedish Postcode Foundation. Our legal name is the Fundraising Foundation Rewilding Europe – Sweden, but in everyday life we call ourselves Rewilding Sweden.”"
50,Europe,Scotland: the Big Picture,Scotland,YES,This column contained email responses from the organisation. These have been removed for privacy reasons.,"https://www.scotlandbigpicture.com/northwoods

https://www.scotlandbigpicture.com/northwoods",9523,2008,17,YES,"Key aims of the network
1. To enable impactful rewilding actions that deliver positive ecological and socio-economic outcomes.
2.To demonstrate new models of land management and to showcase the successes of the Northwoods land partners.
3. To develop nature-based business opportunities to make rewilding economically viable for medium-sized landholdings.
4. To expand knowledge and understanding of the principles and benefits of rewilding.","Social
Knowledge sharing",NO,NO,NA,NA,YES,"Impact 2021-2023
Trees planted, area set aside for tree regeneration, ponds created, area of peatland restored, watercourses renaturalised, leaky dams installed, hedgerows planted, fences removed, area of new grassland, beavers released, wildcats reported, newts translocated, damselfly recolonised, native cattle grazing, partners using virtual fence technology, native horses and ponies grazing, visitor events, educational events, nature-related enterprises, number of employees, £ spent with local suppliers and service providers","Area
Internal
Social
Species",Area: https://www.scotlandbigpicture.com/nrn-partners?load=grid added together
51,Europe,The European Nature Trust,Scotland,NO,NA,https://theeuropeannaturetrust.com/about-us/,NA,2000,25,YES,"Multiple projects across UK and Europe
Lynx to Scotland objectives: 
Identify socio-economic barriers to lynx reintroduction and determine whether these can be overcome.
Compile evidence required to justify lynx reintroduction addressing ecological, socio-economic and other benefits.
Mainstream the concept of lynx reintroduction in wider Scottish society and among decision-makers.
Assemble the evidence required to submit a licence application to release lynx, if appropriate.

Riverwoods catchment restoration: Throughout the years, projects delivered will form a mosaic of restored habitats across the catchment that together, restore its ecological function, allowing salmon to thrive in their freshwater ecosystems.

Scotland: the big picture (already captured)

Beaver Trust (already captured)
","Social
Knowledge sharing
Ecosystem
Other (legal)
Habitat structure",M,NO,NA,NA,YES,"Multiple projects:
Scottish wildcat achievements:
1 breeding centre established at Alladale
8 kittens born at Alladale across 2018–2020
56 wildcat kittens born at RZSS’s Saving Wildcats breeding for release centre
28 adult wildcats released into the Cairngorms National Park","Internal
Species",
52,Europe,Whole Wild World,Portugal,NO,NA,https://www.wholewildworld.org/projects-1,NA,NA,NA,YES,"Long term, we plan to extend this area, via ecological corridors, up to and beyond the size of Gibraltar (630 hectares).",Habitat structure,SM,NO,NA,NA,NO,NA,NA,
53,Europe,Wild Europe,Europe,NO,NA,"https://www.wildeurope.org/
https://www.wildeurope.org/wp-content/uploads/2021/03/Wild-Europe-Summary-Action-Plan.pdf",NA,2005,20,YES,"Wild Europe’s Objectives
To promote the protection, restoration and extension and linkage of large natural ecosystems (wilderness and wild areas) in Europe, according to principles of non-intervention, with management by natural process
To develop and support initiatives for this work, in liaison with a broadly based trans-European network of organisations and individuals having similar objectives
To support a range of wilderness area models for non-intervention, to be protected in perpetuity  
To promote the multiple values of wilderness and wild areas in support of these objectives, through advocacy and other forms of representation, incentive, best practice sharing, training and general support
To encourage, on an occasional non-financial basis, initiatives that seek to uphold Europe’s positive influence in protecting wilderness areas elsewhere in the world 
","Habitat structure
Knowledge sharing",NO,NO,"Objectives for 2024 - 1.2    Support for Forest Monitoring Law with comprehensive criteria…1.3 LEAF project – proposal and implementation…Local NGO & specialist networks to identify and monitor
…	Soil carbon focus in Directive on Soil Monitoring and Resilience …
7.4    Conservation input to the development & monitoring of PES related funding instruments",Aspirational,YES,"Achievements for 2022-23
1.  Support for key outcomes from EU Biodiversity Strategy:
Ongoing promotion of the strict protection adopted for the 10% of EU terrestrial & marine areas, particularly old growth/primary forest, with non-intervention as its general default mode – allowing exceptions for managed habitats (secondary: grasslands, heathlands) and key threatened species
Development and joint presentation of key elements for a Restoration Strategy at the Society for Ecological Restoration (SER) in Alicante, September 2022, by Wild Europe (Ladislav Miko, Erika Stanciu, Toby Aykroyd) and SER (Kris DeCleer)
Promotion of importance of ecosystem integrity (especially natural forest), non-intervention for Post 2022 Global Biodiversity Framework (GBF) at COP15 (Zoltan Kun) in Montreal
Wild Europe definitional criteria used in large scale wilderness mapping for Iceland, a model project for land use planning and large-scale protection with restoration, launched by partner Wildland Research Centre with Wild Europe in Reykjavik by Environment Minister
2.  Promotion of key objectives in the EU Forest Strategy
Further promotion of a multi-criteria definition structure for old-growth forest (OGF)/primary forest
Non-intervention oriented definitions for strict protection, deforestation, degradation in representations to EC consultations
Implementing IUCN Marseille Resolution 127 for improved conservation support and cessation of logging in European OGF/primary forests; this was based on Wild Europe’s OGF Protection Strategy, passed by 674 votes including 93 Category A (including governments)
Further promotion of strict protection for the 3% remaining primary/old growth forest to be extended to 15% of EU forest cover – for maximum ecological function, consolidation, adequate buffering and connectivity of remnants (c of 6% total EU area)
Input into Close To Nature (CTN) forestry, including non-tree elements & mixed habitat with ecotones
Promotion of LEAF initiative (Last European Ancient Forests) for forest protection and restoration through collective representation, Early Warning System, capacity building
3.  Stage III of Griffith programme. Further usage of the 326,000 euro contract transferred by Wild Europe to Frankfurt Zoological Society, working in partnership on the following projects:
Promote adoption of Francesco Sabatini’s OGF mapping methodology and definition, in liaison with EEA, for wider EU Biodiversity Strategy implementation at MS level
Promotion of forest carbon model, distinguishing greater OGF storage capacity of unmanaged forests and the role of larger trees
Support for community enterprise, including retail, in Slovakia (Wolf Mountains initiative)
Promoting launch of Forest School and wider replication
 4.  Forest bioenergy programme
Development with Trinomics consultancy of RECCS (Renewable Energy and Climate Change Strategy) project proposal for reallocation of commercial scale forest bioenergy subsidies to alternatives: genuine renewables, demand suppression enterprise (insulation, recycling, fuel efficiency) and conservation of carbon absorbent ecosystems  
Representation to RED III Taxonomy – which now excludes usage of OGF/Primary forests
Lobbying plan for UK and EU in support of the above
Initiating an anti-forest bioenergy, pro RECCS alliance including liaison with consumer organisations, taxpayer associations, enterprise and investor interests 
Promoting further linkage of forest bioenergy and fossil fuel campaign networks, under the banner End Carbon Fuels, including webinars with high profile specialists
Liaison with finance specialist fossil fuel campaign organisations. Further exchange of good practice on representations to investor interests.
Inputs to RED II reform, LULUCF and biomass finance consultation
5. Large natural ecosystem (wilderness) area programme 
Formulation of our 10% wilderness target in Europe: 5% with all criteria, 5% characteristics but with relaxed scale requirement – review of potential for enlargement/linkage of existing areas (see 1 above)
Nephin, Ireland – the Coillte agency rewilding project for which we chaired the international launch. Support for a broader restoration funding initiative
Input to the Clima Carpathia initiative for Carpathian Mountains, and promotion to the Carpathian Convention conference in Belgrade, including environment ministers of the 7 member states, in October 2023
Presentation to the Global Conservation Organisation and Caucasus NGOs at Borjomi, Georgia on Clima Carpathia and subsequent liaison on potential for creating a network of large natural ecosystems
6. Development of national level strategies for wilderness
Promotion of the 5% core area of strict non-intervention protection with PES funding support for UK
Further promotion of the wild area definition in Europe
Active engagement with IUCN France Groupe de Travail and Coordination Libre Evolution network: promotion of wilderness strategy, Payment for Ecosystem Services (PES) usage, action against Rural Law on de-wilding
Presentation to Reserves Nationales De France (RNF) anniversary conference
Support for Czech Republic wilderness strategy
7. Promotion of economic-enterprise agenda for conservation
Presentation on funding for conservation and the role of corporate support at the WWF global Paris Business & Biodiversity Conference in June 2023
Promotion of private sector incentives: reform of compensation payment agenda and full activation of Payment for Ecosystem Services agenda
Representation at the CBD COP in Geneva 2022, inputs to debate on Sovereign Bonds to prevent deforestation
Input to European Investment Bank strategy development, with proposals for its ‘climate bank’ vision to incorporate structured support for largescale restoration of carbon absorbent ecosystems
Introduction of “GDP argument” that agriculture and forestry represent under 2.5% of EU GDP yet the remaining 97.5% bears cost of subsidies and the impact of climate change or biodiversity degradation adversely affecting performance. Disproportionate lobby power needs rebalancing – with prioritizing of funding to incentivize conservation action
8. Development of key topic/strategy agendas
Roadless legislation: promotion of benefits and development support 
Proposal of reforms to Environmental Impact Assessment (EIA) procedure
Capacity building for both conservation and enterprise sectors
Further information is available on all these initiatives, via info@wildeurope.org","External
Academic
Internal
Financial",
54,Europe,Wildwood Trust,UK,YES,This column contained email responses from the organisation. These have been removed for privacy reasons.,https://www.wildwoodtrust.org/,250,2002,23,YES,"Contact - Some information for this section was extracted from emails or interview notes and it has been removed for privacy reasons.
","Diversity
Species
Ecosystem",NO,YES,Contact - Some information for this section was extracted from emails or interview notes and it has been removed for privacy reasons.,"Fieldwork
Experiment",NO,Contact - Some information for this section was extracted from emails or interview notes and it has been removed for privacy reasons.,Aspirational (after enough monitoring),Area from conversation
55,Europe,Youngwilders,UK,NO,NA,https://www.youngwilders.org/_files/ugd/9f1e86_f279692d89ff426fb110c6d5ab892c7a.pdf?index=true,56,2022,3,YES,"Our Dual Mission
1. Accelerate nature recovery in the UK 
2. Involve young people in the process and the movement 

Over the next three years, we will grow both our network of skilled and ecologically literate young people and the number of opportunities for them to get involved in nature recovery.
We want every young person in England and Wales to be no more than 50km from a youth-led, locally engaged and educative nature recovery project. We want a new generation of environmental leaders, up-skilled, inspired, and connected to our natural world. We want a UK-wide thriving ecology where young people’s environmental voices are heard and our connection to nature is reignited.","Social
",SMT,NO,NA,NA,YES,"Our impact: number of projects, number of counties, number of volunteer days, acres in recovery, young people engaged in person, instances of young wilding, trees planted, habitat under restoration, hedgerow planted","Internal
Area
Social",
56,Global / Multi Continent,Conservation Beyond Borders,"Uganda, Zimbabwe, South Africa, Rwanda, Senegal, Namibia, India Vietnam",NO,NA,https://www.conservationbeyondborders.org/success-stories,NA,NA,NA,YES,"CBBs mission is to discover and document biodiversity situated in various habitats and to provide evidence-based guidelines for valued habitat conservation. …
By providing the research and framework for informed decisions, CBB achieves two goals: (1) We help in the fight to bring the world’s most critically endangered species back from the brink of extinction, and (2) we provide sound scientific evidence for designing conservation-based initiatives that can help resolve local human-wildlife conflicts.","Diversity
Knowledge sharing",NO,NO,NA,NA,NO,NA,NA,
57,Global / Multi Continent,Mossy Earth,"US, Argentina, Namibia, Madagascar, São Tomé and Príncipe, The Selvagens Islands,Portugal, Spain, Italy, Coatia, Bosnia and Herzegovina,Slovakia, Romania, Ireland, Scotland,",YES,This column contained email responses from the organisation. These have been removed for privacy reasons.,"https://mossyearth.cdn.prismic.io/mossyearth/ZkTUGyol0Zci9K_u_MembershipQuarterlyReportQ12024.pdf

https://www.mossy.earth/methodologies/conservation-evidence",NA,2017,8,YES,"Documents - To be suitable, the project must aim to achieve one or more of these objectives that are central to rewilding:
Restore biodiversity and/or abundance of native species
Restore key ecosystem processes (e.g., flooding, migration, herbivory, predation)
Improve habitat integrity and connectivity
Protect unique and threatened ecosystems and species
","Diversity
Ecosystem
Habitat structure",M,YES,"Contact - Some information for this section was extracted from emails or interview notes and it has been removed for privacy reasons.

Document - Monitoring for American mink is one of the measures in place to protect reintroduced voles from their main predatory threat.

Also included within the management plan is the monitoring strategy. This includes details about how and when monitoring activities will take place to find if project outcomes are being achieved. However, the type and extent of monitoring varies widely from project to project. In some cases baseline surveys and ongoing monitoring are needed to inform the intervention itself while in other cases monitoring is only required to evaluate the success of the project. In each case, we have to compare the value of the information we obtain through a monitoring activity against the impact we could achieve if we allocated the same funds elsewhere. Achieving this balance is no easy task but, broadly speaking, the extent of monitoring should increase as:
The uncertainty around the effectiveness of the intervention increases. In these cases, fewer assumptions can be made about expected outcomes and a more thorough monitoring approach is likely to generate information which could be of benefit to similar projects in the future.
The budget increases leading to greater financial risk. 
The probability for unintended consequences is high because of ecological or social risk(s).
The need for monitoring to inform decisions increases (adaptive management).

eDNA is an incredibly valuable tool in monitoring the impact of some of our rewilding projects. It captures data that would otherwise be challenging to collect. We work with specialist organisations such as NatureMetrics.

We are also using drones to create high resolution maps that can provide very useful information about the ecosystems we are working to restore. For example, we have used them to monitor plants in hard to access locations, 

Advances in technology, such as drones, satellite monitoring, artificial intelligence (AI), and environmental DNA (eDNA) analysis, offer great potential for enhancing our ability to gather data cost-effectively. Drones and satellite monitoring provide valuable tools for mapping and monitoring ecosystems at various scales, enabling us to collect spatially explicit data on habitat characteristics, species distributions, and landscape changes. AI algorithms can assist in processing and analyzing large datasets, identifying patterns, and making predictions, thereby accelerating our understanding of complex ecological systems. Furthermore, eDNA analysis allows us to detect the presence of species in environmental samples, offering a non-invasive and efficient method for biodiversity monitoring over time.
We are already using many of these tools in our projects and we expect they will become more important over time. 
","Aspirational (fieldwork, remote sensing , strategy)
Fieldwork
Remote sensing
DNA methods",YES,"Membership Report Q1 2024 - new members, £ raised, % money used for rewilding efforts, % money for running costs

Contact - Some information for this section was extracted from emails or interview notes and it has been removed for privacy reasons.","Internal
Financial",
58,Global / Multi Continent,Re:wild,"USA, Canada, Mexico, Argentina, Brazil, CHile, Bolivia, Peru, Ecuador, Colombia, Suriname, Guyana, Uruguay, Venezuela, Costa Rica, Guatemala, Honduras, Belize, El Salvador, Nicaragua, Panama, UK, Spain, Portugal, Italy, Greece, Tunisia, Mauritania, Senegal, Ginea Bissau, Guinea, Liberia, Ivory Coast, Ghana, Burkina Fasso, Togo, Benin, Nigeria, Niger, Chad, Sudan, Ethiopia, Kenya, Uganda, South Sudan, Central African Republic, Republic of the COngo, DRC, Cameroon, Gabon, Tanzania, Mozambique, Zimbabwe, Zambia, Angola, Namibia, Botswana, South Africa, Mozambique, Madagascar, Kazakhstan, Mongolia, China, Pakistan, INdia, Nepal, Burma, Thailand, Laos, Vietnam, Cambodia, Philippines, Sri Lanka, Indonesia, Malaysia, Papua New Guinea, Australia, New Caledonia, New Zealand",NO,NA,https://downloads.ctfassets.net/tftu3vbfu92u/5PNRjRFdTipUvfNB7b4pMg/8ce402ba3f4b87cd73fa9aac2183cfe8/Rewild_Impact_Report_2023.pdf,228647387,2021,4,YES,"2030 Strategic Plan
We have four overaching goals.
Goal 1: Protect and restore the world's most irreplaceable places. Goal 2: Conserve and recover the world's most threatened species. Goal 3: Help embolden and equip the world's conservation guardians. Goal 4: Build a global movement to catalyze action at scale.

These goals are supported by ten targets:
Creating New Conservation Areas: Enable the official designation of protected and conserved areas and recognition of Indigenous Peoples’ territories in 400 million acres of the most important places for biodiversity.
Managing Areas for Conservation Impact: Carry out targeted interventions that lead to more effective and equitable management in 100 million acres of the most important places for biodiversity.
Recovering Species: Support the recovery of 500 priority species and contribute to conservation efforts for an additional 50,000 species.
Restoring Ecosystems and Species: Enable the recovery and restoration of 10 million acres of critical ecosystems and 200 priority species in the most important places for biodiversity across the globe.
Cultivating Conservation Leaders: Collaborate with over 50 partner organizations in at least 25 countries to further strengthen their ability to deliver high-impact conservation results.
Supporting Delivery of National Commitments to Global Targets: Support 25 countries to identify threatened species and Key Biodiversity Areas to help achieve their Global Biodiversity Framework targets.
Funding Indigenous Peoples and Local Communities Directly: Channel at least 20% of Re:wild’s land and water conservation funding portfolio directly to Indigenous Peoples, as well as local communities.
Building a Movement: Create and promote stories that will have an Annual Potential Reach of 15 billion, mobilizing a constituency of 1+ million people, resulting in global support for our conservation goals.
Advocating for Earth: Advocate on the major drivers of biodiversity loss to influence key stakeholders, resulting in positive changes for global conservation goals.
Scaling up Conservation Funding: Raise $100 million annually to support our programmatic work with partners and inspire commitments of at least $10 billion in global funding.","Habitat structure
Diversity
Species
Social
Ecosystem
Knowledge sharing
Other (finance)
Other (legal)",SMT,YES,"Population monitoring shows that the toad’s population, which was in decline, is now stabilizing.
In 2023, we supported classes and inter-island exchanges for 30 Caribbean nationals, on protected area planning, biosecurity, and wildlife monitoring, and taught 10 national partners how to facilitate action-planning workshops.
Specific objectives include enhancing monitoring and protection by local law enforcement, helping strengthen law enforcement agencies and the judiciary to mitigate poaching and trafficking,

In 2023, Re:wild and American Bird Conservancy led a team of 16 scientists, including 10 from Madagascar, to search for 30 Lost Species, including the Masoala Forkmarked Lemur, the chameleon Calumma vatosoa, and a species of rainbow fish. In addition, the team conducted traditional taxonomic survey inventories for amphibians, birds, fishes, reptiles, and select mammals and invertebrates, and evaluated distribution for the recently rediscovered Dusky Tetraka bird.
Seven lost species were rediscovered through the survey, which observed 130 vertebrate species, detected an additional 50 with eDNA analysis, and found a myriad of invertebrates, including an entirely new genus of spiders.","Fieldwork
DNA methods",YES,"Our Impact -
Acres in active conservation with partners, partners in more than 80 countries, new conservation areas being created, threatened species being conserved, species benefitting

In 2023, the results of the second Global Amphibian Assessment, a decade-long initiative, were published in Nature and the State of the World’s Amphibians report. More than 1,000 global experts assessed over 8,000 species, which showed that the conservation status of amphibians continues to decline, with 41% now threatened. To help focus and guide conservation efforts, Re:wild identified 50 Threatened Amphibian Landscapes that contain over 70% of all threatened amphibians.","Internal
Species",
59,North America,American Prairie Reserve,USA,NO,NA,"https://americanprairie.org/

https://americanprairie.org/the-latest/fall2024-fieldnotes/",55442,2001,24,YES,"Our mission is to create one of the largest nature reserves in the United States, a refuge for people and wildlife preserved forever as part of America’s heritage…Research and studies conducted by conservation biologists have determined that a mixed-grass prairie would need to be approximately 3.2 million acres (5,000 square miles) in size in order to be a fully functioning ecosystem complete with migration corridors, native wildlife, and natural processes. American Prairie will purchase approximately 700,000 acres of private lands that will stitch together millions of acres of existing public lands. Using the 1.1 million-acre Charles M. Russell National Wildlife Refuge as an anchor, the result will be a 3.2-million-acre prairie– 5,000 square miles of continuous land area roughly the size of Connecticut.",Habitat structure,SM,NO,NA,NA,NO,NA,NA,
60,North America,"Canadian Parks and Wilderness Society, CPAWS",Canada,NO,NA,"https://cpaws.org/wp-content/uploads/2021/08/cpaws-strategicplan-to2025-external.pdf

https://cpaws.org/wp-content/uploads/2022/06/cpaws_roadmapto2030_digital_v2.pdf

http://cpaws.org/wp-content/uploads/2021/06/cpaws-reportcard2021-web.pdf",50000000,1963,62,YES,"CPAWS strategic plan to 2025 
Our mission
CPAWS advocates for the effective, long-term protection of ecologically- and culturally-significant land, freshwater and ocean areas in Canada. Working in a way that respects the sovereignty and leadership of Indigenous nations, we achieve our mission through knowledge-based advocacy, and public education and engagement, underpinned by collaboration and partnership.
The Conservation Agenda 
Goal:: Influence the protection and effective management of at least 25% of land, freshwater and ocean by 2025 in networks of protected areas; plan for the protection of 30% by 2030 and beyond; and defend other ecologically-significant areas from harm. Objectives: A. Provide knowledge-based expertise through direct and meaningful engagement with decision-makers from all governments, industry, and communities. B. Support Indigenous leadership in conservation by prioritizing our work with Indigenous communities and encouraging other governments to engage in collaborative management approaches. C. Strengthen people’s appreciation of, and relationship with nature, with a focus on reaching diverse communities. D. Mobilize communities to advocate for conservation through increased education and outreach and amplify their related concerns to decision-makers. E. Collaborate with other partners, through joint initiatives with other conservation-focused groups, where this will leverage greater influence on shared objectives and amplify conservation priorities.","Habitat structure
Knowledge sharing
Social",SMT,NO,NA,NA,YES,"Grading criteria
Achievement of, or progress towards, Aichi Target 11/ Canada Target 1
2. Support for Indigenous-led conservation
3. Advancing effective management of protected areas

To assess the federal government’s contribution to the terrestrial target we evaluated its performance against amended criteria that reflect its responsibilities and limited jurisdiction over land management. These include: • Leading and convening governments and other interested parties; • Supporting Indigenous-led conservation; • Creating federal protected areas (e.g. under the Canada National Parks Act and Canada Wildlife Act) where agreed to by provincial, territorial, and Indigenous governments, and effectively managing these areas; • Funding conservation action, including by government and non-government partners; and • Championing ambitious conservation action in international forums and negotiations.","External
Social
Area",
61,North America,ICCF (International Conservation Caucus) Group,USA,YES,This column contained email responses from the organisation. These have been removed for privacy reasons.,"https://internationalconservationfund.org/wp-content/uploads/2024/07/ICF-report-2023-for-web.pdf

https://internationalconservationfund.org/our-history/",NA,2019,6,YES,"OUR MISSION
To advance the long-term preservation of nature and biodiversity in the tropics and other priority areas worldwide.
Our mission is to support innovative and effective conservation efforts around the world. We look for work done by NGOs, community groups, and indigenous peoples that protects and sustains global biodiversity and ecosystems in perpetuity. We seek to magnify the impact that individual and business charitable support can have by pooling resources and directing them to well-managed and cost-effective international conservation projects.",Ecosystem,NO,NO,NA,NA,NO,NA,NA,
62,North America,NorthEast Wilderness Trust,USA,YES,This column contained email responses from the organisation. These have been removed for privacy reasons.,"https://newildernesstrust.org/about/

https://issuu.com/newildernesstrust/docs/newt_2023_annual_report?fr=sM2MxMDcyNTg1Mjg",37231,2002,23,YES,"Contact - Some information for this section was extracted from emails or interview notes and it has been removed for privacy reasons.

",Habitat structure,M,YES,"Contact - Some information for this section was extracted from emails or interview notes and it has been removed for privacy reasons.

Document - camera traps","Fieldwork
Wildlife tracking",YES,"Contact - Some information for this section was extracted from emails or interview notes and it has been removed for privacy reasons.
Impact (cumulative since 2002) - acres improved, designated, protected, transactions completed, camera hours logged, plots established, boundaries marked","Area
Internal",
63,North America,Rewild New Jersey Community Cooperative,USA,YES,This column contained email responses from the organisation. These have been removed for privacy reasons.,https://rewildnjcc.org/,NA,2022,3,YES,"Document - Movement Goals

Revolution
To increase localism, resiliency, & self-sufficiency. 
To build a thought culture that revamps our ideas of New Jersey as a place with valuable natural resources and human richness to motivate and inspire citizens into action.
To break down social, cultural, and political barriers that limit local pro-environmental behavior, resiliency, & self-sufficiency.

Transformation
To create an easy, accessible community-oriented framework that promotes real results for community rewilding by allowing any citizen to participate.
To build a thought culture that revamps our ideas of New Jersey as a place with valuable natural resources and human richness to motivate and inspire citizens into action.

Hope

Advocacy
To utilize the movement following to lobby State, County, and Local government agencies and organizations with the intent to increase social, legislative, and economic pathways for modern conservation strategies, land preservation, citizen incentives for ecological restoration, and more.
To utilize the movement following to increase representation for New Jersey on the regional, national, and international rewilding stage.
","Social
Other (legal)",NO,NO,Contact - Some information for this section was extracted from emails or interview notes and it has been removed for privacy reasons.,"Aspirational (consultation, fieldwork)",NO,NA,NA,
64,North America,Rewilding America Now,USA,NO,NA,"https://www.rewildingamericanow.org/the-wild-horse
https://www.rewildingamericanow.org/birch-creek-valley",NA,2007,18,YES,"Our mission at Rewilding America Now is to conserve and restore North American landscapes by rewilding lost ecological processes and protecting key migration corridors. 
We work with a combination of public and private lands 
We are driven by empirical science, data and traditional ecological knowledge 
We are working towards creating a 130+ mile wildlife corridor to save tens of thousands of large herbivores and predators threatened by climate change and habitat fragmentation 
We are educating about rewilding through policy curriculum 
We are showcasing rotational grazing practices for sustainable and profitable agricultural and ranching models
Projects: 
Our goal is to promote a ""Rewilding Habitat"", a landscape with natural process functionality including wild horses and all native wildlife.  We will lead groundbreaking scientific research and rewilding education and build local businesses and tourism. 

Objectives
1. Reconnect the functionality of the Wildlife Corridor between the Yellowstone Ecosystem and Central Idaho.  2. Restore the functionality of the now diminished biotic community in the region by replacing non-native herbivores with those that evolved with the native flora of the region.  3. Foster a local economically stable enterprise.  4. Promote ecological science that is equitable and just and recognizes the contributions and rights of Native Americans in the region.

Through Traditional Ecological Knowledge (TEK), our project will deepen the connection between people, wild horses and buffalo, open up research on keystone species and prairie ecosystems, deliver education for Native American youth and effectuate healing and ceremony.","Ecosystem
Habitat structure
Knowledge sharing
Species
Social",SM,NO,NA,NA,YES,"Document - 
The wild horse maintains, protects and helps to rebuild environmental systems and allows other native species to thrive—all working to keep nature in balance. 

Rewilding America Now is working to understand and demonstrate the role of wild horses as keystone species in North America.
Rewilding America Now funded two groundbreaking environmental eDNA research papers from McMaster University. More field research is underway as Rewilding America Now helps to break down barriers in science and push the boundaries of knowledge.",Academic,"Start year from LinkedIn
https://www.linkedin.com/company/rewilding-america-now/about/"
65,North America,Southern Plains,USA,NO,NA,"https://southernplains.org/en/what-we-do/

https://southernplains.org/en/

https://southernplains.org/wp-content/uploads/2024/11/Annual-Report-2024.pdf",24552,1998,27,YES,"Our mission is to protect and restore the Southern Plains: America’s Serengeti.
Ultimately, we hope to create corridors for wildlife that support a natural processes such as animal migration throughout the entire Southern Plains region.
Our mission is to create and protect a network of shortgrass prairie preserves, which ensure a future for all native animals and plants. Our main program seeks to do just this, through the purchase of land or the acquisition of conservation easements.","Habitat structure
Ecosystem",M,YES,"In order to restore and protect the prairie to the best of our ability, we use a science-based approach. Our preserves have a minimal amount of human disturbance and are therefore a unique opportunity to study grasslands. It is necessary to know how much carbon is sequestered in a healthy ecosystem, and how the population of black-footed ferrets is growing - this will help many other conservation projects throughout the world.

Acoustic bat monitoring started in2024, camera monitoring system of bison",Wildlife tracking,YES,"acres owned in fee, acres of prairie protected, Miles of stream, Plague-free prairie dog colonies, Free-roaming bison, Black-footed ferrets introduced, Species of concern (IUCN) that inhabit our preserved, Miles of fence removed","Area
Internal
Species
External","Start year from Nature Needs Half https://natureneedshalf.org/who-we-are/members/southern-plains-land-trust/#:~:text=The%20Southern%20Plains%20Land%20Trust%20(SPLT)%20was%20founded%20in%201998,been%20at%20it%20ever%20since."
66,North America,Wyoming Wilderness Association,USA,NO,NA,https://www.wildwyo.org/,445154,1979,46,YES,"The mission of the Wyoming Wilderness Association (WWA) is to protect Wyoming public wildlands through advocacy, education, and stewardship. ",Social,NO,YES,"The Solitude Monitoring program, a partnership between the Wyoming Wilderness Association, federal agencies, and community members, trains local volunteers on this citizen science project. These volunteers collect data adhering to the Forest Service’s National Minimum Protocol for Monitoring Opportunities for Solitude. Solitude monitoring is a long-term game. It becomes stronger and more robust each year as quality data observations are added to its database. And, as owners of our public wildlands, we want to ensure federal agencies have the best information possible to inform future management actions. That’s where training comes in. In order to collect quality data that ultimately contributes to sound agency decisions, we need clear, standardized protocols to guide our collective efforts. ",Fieldwork,NO,NA,NA,
67,North America,Yellowstone to Yukon Conservation Initiative,USA,YES,This column contained email responses from the organisation. These have been removed for privacy reasons.,"https://y2y.net/wp-content/uploads/2024/05/2023_ImpactReport_Final_Jun18_Web-Y2Y.pdf

https://y2y.net/who-we-are/

https://y2y.net/our-impact/

https://y2y.net/annual-reports-financials/

https://y2y.net/wp-content/uploads/2023/09/Y2Y_Strategic_Plan_Summary_2023_web_v7.pdf",NA,1993,32,YES,"Our plan (2023 – 2030) leverages global conservation commitments to protect 30% of land and sea by 2030, and builds on our successful strategies and partnerships that have kept this place wild.

PROTECT Protect 30 percent of the Yellowstone to Yukon region. Through your investment, we will advance protection of close to 20,000 km2 (49 million acres) of valuable habitat. Your investment will help: • Ensure that the 14 million acres of Indigenous-led protections committed to by governments, become officially designated protected areas • Secure commitments for another 35 million acres of Indigenous-led protected area proposals • Safeguarde existing protected areas so that they are maintained and well-managed into the future
CONNECT Safeguard four key wildlife corridors by restoring animal movement across the busiest roads and advancing private land conservation. Your partnership will maintain and restore corridors for wildlife so they can safely cross private land and busy roads to meet their needs. Here’s how: • Advance voluntary private land conservation in four key corridors in the southern Y2Y region through small but ecologically significant parcels totalling 40 km2 (10,000 acres) • Support the construction of wildlife overpasses and underpasses, which ensure safe crossing places for wildlife across four key busy highways in the US-Canada transboundary region • Progress policies, programs and funding that strengthen and sustain the conservation of ecological corridors for the future
COMMUNITIES Ensure communities incorporate tools and approaches that support what nature and people need at the Yellowstone to Yukon scale. Your support will help ensure cultures and systems within communities across the Y2Y region to be vibrant, inclusive and support nature conservation. Your gift will: • Improve recreation management to minimize impacts on nature while supporting people to enjoy the landscapes that they love • Create respectful and inclusive spaces that acknowledges, supports, and shares Indigenous knowledge, relationships, and cultural connections with the natural world • Help mountain communities understand, embrace, and adopt practices that promote co-existence between people and wildlife • Assist decision-makers to plan development that limits sprawl, prioritizes wildlife habitat connectivity, and supports communities that are in harmony with nature and social well-being","Habitat structure
Other (legal)
Social",SMT,YES,"Contact - Some information for this section was extracted from emails or interview notes and it has been removed for privacy reasons.

Document - Provided funds to build educator capacity to share ecological and cultural knowledge with on-the-land learning and water monitoring by tribal members of Nez Perce and Cayuse communities

Assisted in monitoring 11 wildlife underpasses on Highway 93 in Montana to see if grizzly bears are using these crossings and understand where collision hotspots are and how to improve landscape connectivity","Fieldwork
Wildlife tracking",YES,"Contact - Some information for this section was extracted from emails or interview notes and it has been removed for privacy reasons.

Document - highway crossings, finances allocated, number of partners, socio-economic analysis, mapping of trails etc, species recoveries","Academic
Financial
Internal
Species
Area",
68,Oceania,Bush Heritage Australia,Australia,NO,NA,"https://www.bushheritage.org.au/what-we-do/our-impact/annual-report

https://www.bushheritage.org.au/what-we-do/our-impact/measuring
https://www.bushheritage.org.au/what-we-do/our-impact/2030-strategy
https://www.bushheritage.org.au/?srsltid=AfmBOopFSiSdd2Dj0QOh_yb1o2nsia5hpra0DN8rcudiLPClAE-nhszD

https://www.bushheritage.org.au/what-we-do/our-impact/measuring/scorecards",1460000,1990,35,YES,"We intend to deepen and double our impact by 2030 – protecting, restoring and regenerating a total of 30 million hectares of land (an area larger than the state of Victoria).

With your help, we intend to:
Significantly scale up our national conservation innovation program to enable depth of impact across the landscapes we actively manage
Double the amount of land that we directly own and manage from 1.2 million hectares to 2.4 million hectares
Deepen our support of Aboriginal Partnerships through exploring, strengthening and growing our relationships with Aboriginal partners through a right-way approach
Work with farmers and other land managers to enhance biodiversity across over 10 million hectares of agricultural land towards a more sustainable future.","Habitat structure
Social
Diversity",SMT,YES,"Across our reserves we cycle through the five steps in our Conservation Management Process (below) to plan, manage, monitor, evaluate and adapt our conservation projects.
Assess
Define what ‘healthy Country’ looks like for a landscape.
Identify the species, habitats and cultural values that need to be managed and protected.
Identify threats to the health of the above.
Plan
Define the impact we want to have on target species, habitats and cultural values.
Identify the strategies and knowledge required to achieve this.
Confirm how we will monitor progress.
Implement
Identify the long-term resources required.
Prepare work plans and budgets, and implement on-ground activities in line with the plan.
Record data and report progress as activities are undertaken.
Share
Document and share results with others (internally and externally).
Communicate the impact that has been achieved, the actions taken, and the lessons learned.
Analyse & Adapt
Assess the progress being made towards the desired impact, and whether or not we are on track.
Adapt the plan if necessary to make our work more effective.
This process is informed by global best practice and draws heavily on the Open Standards for the Practice of Conservation (Conservation Standards). 
We use strategic indicators to consistently review and evaluate our progress. This sharpens our decision-making and helps us adapt our land management practices

On an annual basis, we measure progress at three levels:
Outputs (Strategy implementation) Are we implementing the plan as expected?
Outcomes (Threats) Are we implementing our strategies effectively and are threats reducing?
Impacts (Targets) Is target health improving?
Every 5-10 years we prepare detailed scorecards to tell us if the health of our conservation targets has improved over time. (poor, fair, good, very good)

Science helps us identify conservation targets most in need of protection. Biodiversity surveys help provide knowledge of species and ecosystems to ensure we can manage them effectively.",Fieldwork,YES,"Across our reserves we cycle through the five steps in our Conservation Management Process (below) to plan, manage, monitor, evaluate and adapt our conservation projects.
Assess
Define what ‘healthy Country’ looks like for a landscape.
Identify the species, habitats and cultural values that need to be managed and protected.
Identify threats to the health of the above.
Plan
Define the impact we want to have on target species, habitats and cultural values.
Identify the strategies and knowledge required to achieve this.
Confirm how we will monitor progress.
Implement
Identify the long-term resources required.
Prepare work plans and budgets, and implement on-ground activities in line with the plan.
Record data and report progress as activities are undertaken.
Share
Document and share results with others (internally and externally).
Communicate the impact that has been achieved, the actions taken, and the lessons learned.
Analyse & Adapt
Assess the progress being made towards the desired impact, and whether or not we are on track.
Adapt the plan if necessary to make our work more effective.
This process is informed by global best practice and draws heavily on the Open Standards for the Practice of Conservation (Conservation Standards). 
We use strategic indicators to consistently review and evaluate our progress. This sharpens our decision-making and helps us adapt our land management practices

Hectares protected and managed, new reserves, projects, scientific publications, partnerships, feral animal management programs, weed management strategies, events run, trips supported, early career conservationists supported, research projects undertaken, number of staff, hectares planted, unique plant and animal species, volunteer hours","Internal
Academic
Diversity
Area
Social",
69,Oceania,Gondwana Link,Australia,NO,NA,"https://gondwanalink.org/wp-content/uploads/2020/12/Gondwana-Link-Monitoring-Guide-Version-0.5.pdf

https://gondwanalink.org/what-we-do/restoring-habitat-health/

https://gondwanalink.org/about-us/",14500,2002,23,YES,"Our Vision
“Reconnected country across south-western Australia, from the wet forests in the south west corner to the dry woodlands and mallee bordering the Nullarbor Plain, in which ecosystem function and biodiversity are restored and maintained”.
Our core strategy has changed little since our inception in 2002. It is to implement a decentralised conservation approach built through ‘no-regrets’ actions that give tangible outcomes.
1. Articulate a compelling vision of the future, imagine and act for the best, transform landscapes rather than just manage threats (address causes not symptoms)
2. Minimal structure with maximum resources hitting the ground
3. Build momentum by establishing tangible and inspiring examples of what can be achieved
4. Establish support mechanisms to tackle key gaps and underpin expansion across the entire Link
5. Phased whole of Link roll-out focusing effort into strategic and effective actions","Habitat structure
Ecosystem
Diversity",NO,YES,"Monitoring guide -  suggested monitoring methods (2015)
Spatial analysis, land use mapping, fencing, use of vegetation and tenure datasets, counts of animals killed, survey for change in vegetation condition, water data, water analyses, changes in NDVI vegetation condition mapping, salinity mapping, tracks, scats, spotlighting and camera traps, Opportunist and structured site surveys using techniques including ‘drive by mapping, vegetation deaths on roadsides, fencelines, correlate with spraying activity, wind direction and wind speed, opportunistic sightings. 
NOT CLEAR when and where actually implemented","Fieldwork
Remote sensing
Wildlife tracking",YES,"Our achievements:
Amongst the many achievements is the fact that, at last count, over thirty main organisations have supported and been involved in achieving the Link. These are amongst their many exciting collective achievements:
	Strategically focused protection and restoration work is now underway in all the main habitat gaps along the 1,000 km long link.
	In those key habitat gaps, over 16,000 hectares of rural properties have been purchased to date, with additional large areas secured by covenant with existing landholders, and some 13,500 ha of marginal farmland restored back to habitat so far, much to a high ecological standard.
	Much improved and wider application of feral animal control programs on private property across key parts of the Link.
	Groups assisted to develop a Conservation Action Plan for each of the eight key sections of the Link, and support given on request to keep this planning process ongoing, so that strategies are revised based on monitoring and evaluation.
	The 16 million ha Great Western Woodlands named and recognised for its conservation values.
	In the Great Western Woodlands, the Ngadju Conservation Aboriginal Corporation is now well established with a Ranger base and Ranger Team managing their 4.4 million hectare Indigenous Protected Area.
	With the Noongar community there are now a range of programs operating which focus on cultural education, reconnecting with country, youth at risk, family healing, training and work in technical aspects of restoration.
	Over 17,00 are estimated passed through various camps and courses at the Nowanup property, and a Statement of Intent is in place to further develop Nowanup as a campus of Curtin University, focused on education ‘done Noongar way’.
	Over 80 scientific papers and management reports have been produced from aspects of the program.
	An ongoing mix of citizen science monitoring program now operate, increasing our knowledge of the region and monitoring the habitat value of restored areas and the effectiveness of various restoration approaches.
	The recent development of a comprehensive communications package to widen the support we receive and assist in the acceleration of on-ground works. This includes the feature film ‘Breathing Life into Boodja’ and 10 short films on permanent display in the WA Museum Boola Bardip.
	A wide range of supporters from near and far visiting, communicating about and supporting Gondwana Link, with a visitor program called ‘Heartland Journeys’ commenced focused on ensuring the ecological richness, restoration activity and cultural richness bring with them much needed social and economic benefits.
	A working alliance formed with our main peer group in eastern Australia and another in New Zealand (CALLANZ – Conservation Across Large Landscapes Australia New Zealand).
	An ambitious three year partnership with Great Eastern ranges, and funded by The Ian Potter Foundation, to accelerate sharing of what has been learnt in our programs, and support the emergence of additional connectivity efforts across Australia.
In short, our ambitious approach becoming well accepted, supported and well on the way to achieving its vision.","Area
Internal
Social
Academic",Annual report is from 2014-15
70,Oceania,Great Eastern Ranges,Australia,YES,This column contained email responses from the organisation. These have been removed for privacy reasons.,"https://ger.org.au/about/impact/

https://ger.org.au/wp-content/uploads/2023/09/GER_Strategic-Plan-on-a-Page_2023-2033_FINAL.pdf",NA,2007,18,YES,"Our vision: Well connected, resilient and thriving communities, landscapes and natural systems across 3,600km of eastern Australia.
Strategic Plan on a Page for 2023-2033:
LONG TERM GOALS
The Great Eastern Ranges initiative comprises a robust network of partners whose collective impacts match the scale of the planetary challenges we face.
We have supported the establishment of new connectivity initiatives in other priority regions across Australia.
Important landscapes and natural systems across the Great Eastern Ranges are better protected and connected. 
Our projects are delivering long-term, sustainable impacts across multiple landscapes in a rapidly changing climate. 
We have secured the funding, resources and capacity needed to serve as a flourishing and effective backbone organisation for connectivity conservation","Habitat structure
Knowledge sharing",MT,YES," Our science-informed monitoring and evaluation framework is used to track progress, assess the effectiveness of our efforts and guide future decision making, priority setting and direction.
",NA,YES,"Since being launched in 2007, the Great Eastern Ranges (GER) has grown to become one of the world’s largest connectivity conservation initiatives.
hectares of improved connectivity, native plants established, people engaged in conservation projects, private properties involved, threatened and regionally significant animal species supported, new properties involved in land for wildlife","Internal
Area
Species",
71,Oceania,South Endeavour Trust,Australia,NO,NA,https://www.southendeavour.com.au/about_us.html,160055,2007,18,YES,"Our primary objectives are three fold:
1. To make the greatest possible contribution to nature conservation that we can, which often means doing things that others cannot or will not do.  For example, we have recently purchased two small areas of very expensive farming land on the Atherton Tablelands for revegetation to complete an essential wildlife corridor that the local community has been working on for many years. This corridor is vital in providing a range of endemic small mammals the greatest possible chance of survival in the face of climate change.
 
2. To manage our conservation reserves as well as we practically can.  This means making good management decisions based on sound science and then carrying these decisions through on the ground, to make a real difference. Our major management focuses are: weed control, reducing feral animal numbers and using fire as a tool to maintain appropriate diversity and resilience.
 
3. To ensure that we build a sufficient capital base such that the annual income from that capital is sufficient to meet our management costs in perpetuity. This means that we are very focused on knowing and controlling our costs and that we have great regard for future management expenses in considering properties for purchase.  As a consequence, we tend to cluster our reserves within specific geographic areas to encourage efficiency in management and that we try to buy properties where the management requirements are known and, preferably, are limited.","Habitat structure
Other (financial)",M,NO,NA,NA,NO,NA,NA,"Area = total of each project: 
7000 , 18400, 68000, 132, 90, 80, 1957, 2535, 832, 79, 16000, 80, 1150, 18100, 24500, 62, 350, 150, 558"
72,Oceania,The Forktree Project,Australia,NO,NA,"https://www.theforktreeproject.com/about-us

https://www.theforktreeproject.com/goals",133,2019,6,YES,"The Forktree Project involves reforesting an area of degraded farmland to show what is possible in terms of land restoration and carbon offsetting.
Our Goals:
1
PROVIDE HABITAT FOR NATIVE SPECIES AND HELP COMBAT CLIMATE CHANGE THROUGH REWILDING THE LAND
2
IMPROVE ACCESS TO CARBON FUNDING FOR SMALL-MEDIUM SIZED LANDHOLDERS BY TRIALLING BETTER WAYS TO CALCULATE CARBON EMISSIONS, THUS ENCOURAGING MORE TREE PLANTING
3
ESTABLISH A SEED NURSERY TO GROW NATIVE PLANTS AND TREES 
4
BE AN EDUCATIONAL RESOURCE TO ENCOURAGE BOTH SUSTAINBLE PRACTICES AND SMALL-SCALE LAND REGENERATION","Habitat structure
Ecosystem
Social
Species
Knowledge sharing",M,YES,"Forktree is trialling several methodologies for quantifying carbon stored in both the soil and trees and plants on the site and will use these experiences both to work out carbon sequestration rates and also to inform discussions on improving the policy framework to accept simpler processes.
For more information on The Forktree Project’s carbon assessment trials, or to get involved, please contact us.
",NA,NO,NA,NA,
73,Oceania,For The Love of Wildlife,Australia,NO,NA,https://fortheloveofwildlife.org.au/why-we-care/,NA,2014,11,YES,"Rewilding outback Australia to restore its original savannah ecosystem is an ambitious but achievable goal. Our approach is designed to rehabilitate degraded lands at scale, halt biodiversity decline and promote healthy, self-sustaining ecosystems.

Our Aim

It is our vision to raise Australia’s presence to not only step up, but lead the world when it comes to our relationship with animals and wildlife.
Through leading the human animal relationship we can inspire the planet to live harmoniously, respectfully and in unity with all living beings.
","Ecosystem
Diversity",NO,NO,NA,NA,NO,NA,NA,
74,Asia,Action for Protection of Wild Animals (APOWA),India,NO,NA,https://www.apowa.org/wildlife-conservat,NA,1999,26,NO,NA,NA,NO,NO,NA,NA,NO,NA,NA,
75,Asia,Altyn Dala Conservation Initiative and ACBK - Association for the Conservation of Biodiversity of Kazakhstan,Kazakhstan,NO,NA,https://altyndala.org/achievements/,5000000,2006,19,NO,NA,NA,NO,YES,"Government rangers and monitoring specialists from the partnership use a suite of tools to keep track of saiga and kulan movements across the steppe. This includes satellite collars, autonomous camera drones and remote camera traps.
To deter and prevent wildlife criminals from taking saiga, we work together with border and customs authorities. 
Our researchers study every aspect of life here – from birds, small mammals, wolves to the botanical diversity. They study species numbers, behaviour and movements, and even soil quality, to understand better how to restore the ecosystem to full health.

We know that the Kazakh wetlands are important places for migrating birds, but little is known about the other species using this habitat. So we’ve been using a cutting edge technique to detect DNA in water samples and identify the species present.","Wildlife tracking
Fieldwork
DNA methods",YES,"Protected areas, population numbers increasing, species reintroduced, ranger patrols hired and trained, working with communities. Aspirational - bring back another lost herbivore","Area
Species
Internal
Social
Aspirational (reintroduction)",
76,Asia,Raintree Foundation,India,NO,NA,https://theraintree.org/wp-content/uploads/2024/10/Raintree-Impact-Report-2024.pdf,2100,2018,7,NO,NA,NA,NO,YES,"Periodic monitoring: implement ongoing monitoring of plantation sites to asses growth, address issues, and ensure the long-term success of the project. Creation of implementation and monitoring guidelines. ",Fieldwork,YES,"Raintree foundation monitored the metrics that can help gauge the success and progress of the intervention. some of these metrics are: number of lives impacted, economic empowerment, health and wellbeing, environmental sustainability, gender inclusion, social innovation and collaboration, community engagement and participation, sustainable development goals alignment, stakeholder satisfaction. All monitoring metrics include activity input indicators, outputs, outcomes and the impact indicators. ","External
Social",
77,Asia,Wildlife Conservation Trust,India,NO,NA,"https://www.wildlifeconservationtrust.org/our-work/impact/
https://heyzine.com/flip-book/WCT-Annual-Report-2022-23.html#page/12",25899881,2002,23,NO,"The Wildlife Conservation Trust (WCT) was founded to safeguard India’s life-giving ecosystems in a holistic, sustainable manner.",NA,NO,YES,"river surveys, forest area surveys, pangolin radio-telemetry, camera trapping, monitoring streams and rivers water flow, ","Fieldwork
Wildlife tracking",YES,"OUR REACH
27 states and territories, 160 national parks and sanctuaries, 82% of India’s tiger reserves, equipment of anti-poaching camps, donations to forest departments, river surveys, forest area surveys, health training and delivery, human-wildlife interface management (satellite telemetry, assisted forest departments with rescues and investigations, tested livestock and vaccinated), surveyed housholds and villages, heater of hope, law enforcement training","Internal
Area
Social
Species",
78,Europe,Citizen Zoo - Rewilding our Future,UK,NO,NA,https://www.citizenzoo.org/our-work/water-voles/,NA,2018,7,NO,"At Citizen Zoo, we are Rewilding Our Future to create a world filled with wildlife. A world filled with the full spectrum of diversity, beauty, and abundance in nature.",NA,NO,YES,"carrying out habitat surveys, community engagement events, habitat restoration activities, including planting over 1500 river plants, and monitoring the river for signs of invasive species that impact water vole populations.
Aspirational - What next?
– We are working to start Riverfly (RMI) monitoring to assess the implications of beavers on the water quality of at Paradise Fields.","Fieldwork
Aspirational (fieldwork)",NO,NA,NA,Start date chosen from earliest project start
79,Europe,Climate Action North,UK,NO,NA,,NA,NA,NA,NO,NA,NA,NO,NO,NA,NA,NO,NA,NA,
80,Europe,Deutsche Umwelthilfe,Germany,NO,NA,https://www.duh.de/englisch/,NA,1975,50,NO,NA,NA,NO,NO,NA,NA,NO,NA,NA,
81,Europe,Embercombe retreat centre,UK,NO,NA,https://www.embercombe.org/rewilding-embercombe,20,NA,NA,NO,We aim to be more ‘hands-off’ with our management and resist the need to hold the site in a set state or preserving specific species. We do not have a set end point in mind for our land but embrace change and dynamism within our habitats.,NA,NO,YES,We are surveying and monitoring the changes on our wild land to help us monitor what changes are happening as the land regenerates.,NA,NO,NA,NA,
82,Europe,Irish Trees,Ireland,NO,NA,"https://irishtrees.ie/
",304,2019,6,NO,NA,NA,NO,NO,NA,NA,NO,NA,NA,Year started is from LinkedIn
83,Europe,Trees For Life,Scotland,YES,This column contained email responses from the organisation. These have been removed for privacy reasons.,https://treesforlife.org.uk/about-us/annual-review-2022-23/,NA,1993,32,NO,"Our vision is of a revitalised wild forest in the Highlands of Scotland, providing space for wildlife to flourish and communities to thrive….Hopeful and bold, we are committed to creating nature-rich landscapes that include and support people. Working on a grand scale, we aim to close the gap between people and nature.
Focusing on Scotland’s spectacular Caledonian forest, we foster biodiversity and encourage natural processes essential to life. From the iconic red squirrel to the elusive lynx, we are working to bring more life back to our landscapes.
",NA,NO,YES,"Between July and October, we carried out a community consultation in partnership with Forestry and Land Scotland to help decide whether beavers should be reintroduced to Glen Affric. The consultation was followed by workshops with the community to develop a beaver monitoring plan to track the progress of the population if a release goes ahead.

Rewilding Weeks are an opportunity to spend a week in the Scottish Highlands, growing and planting trees, monitoring wildlife, and supporting other vital work. Involving and inspiring people in our work to restore the Caledonian forest is fundamental to its success, and we love welcoming people to share the joy of helping nature to flourish.","Aspirational (fieldwork / wildlife tracking)
Fieldwork
Consultation",YES,"Annual report - Highlights and achievements 
Skills for rewilding development projects, social feasibility study, UN flagship status, beavers relocated, rewilding centre built, red squirrel introduced, ministerial visit ","Internal
Species",
84,North America,Kentucky Natural Lands Trust,USA,NO,NA,"https://knlt.org/wp-content/uploads/2023/12/KNLT_AnnualReport_2023.pdf

https://knlt.org/knlt-annual-report-2024/",23067,1995,30,NO,NA,NA,NO,NO,NA,NA,YES,"2024 Highlights - protected acres of wildlands, expanded into Virginia, stewarded wildlands, grew the team","Internal
Area",
85,North America,Re-wilding Initiative,USA,YES,This column contained email responses from the organisation. These have been removed for privacy reasons.,https://www.rewildinginitiative.com/about-us/,1,2016,9,NO,"Contact -t’s really about exposing people to nature (among other benefits.) 

Our Mission
Plant native plants that support wildlife.
Re-Wilding Initiative is a non-profit company dedicated to selecting, distributing and planting native plants. Because over half of our wild spaces and species are gone, we are committed to helping the remaining half of nature, by planting more native plants that support all forms of life. This is urgently needed because 85% of all remaining species are struggling to survive due to habitat loss, degradation and fragmentation.",NA,NO,YES,"Contact - I measure ‘engagements’ when they stop with their kids and look at a bunch of flowers, or berries, or insects. Or they notice the evergreens are shooting up 2’ every year. But we don’t do any quantifiable study, but we should. 
I am however planning to rewild a 15 acre and 78 acre plot in upstate NY, both already wooded but depleted. And I’m thinking about those exact things: how are we going to measure progress. (And more importantly, how are going to do it? LoL)
       We will need all sorts of baseline info, like a biodiversity survey, major tree/shrub map with sizes, invasive survey, soil tests, canopy cover ideally with drone photos (How do we create a replicable grid for the drone to follow?), understory density estimates. Lots of photos on the ground, taken from the exact same points over time. And set up a few wildlife cameras at key places, like the pond we plan to build.
       Then monitor those metrics and look as new entries, naturally coming in. And I have many ideas on planting techniques, going to try several planting-type versions & care scenarios (like fencing or watering, or not). So many things to consider, but sadly I’m not doing any of that yet. I’d love to read your research when you get it done. I could use some help on these questions.",Aspirational (fieldwork),NO,"Contact - 
I am however planning to rewild a 15 acre and 78 acre plot in upstate NY, both already wooded but depleted. And I’m thinking about those exact things: how are we going to measure progress. (And more importantly, how are going to do it? LoL)
       We will need all sorts of baseline info, like a biodiversity survey, major tree/shrub map with sizes, invasive survey, soil tests, canopy cover ideally with drone photos (How do we create a replicable grid for the drone to follow?), understory density estimates. Lots of photos on the ground, taken from the exact same points over time. And set up a few wildlife cameras at key places, like the pond we plan to build.
       Then monitor those metrics and look as new entries, naturally coming in. And I have many ideas on planting techniques, going to try several planting-type versions & care scenarios (like fencing or watering, or not). So many things to consider, but sadly I’m not doing any of that yet. I’d love to read your research when you get it done. I could use some help on these questions.","Aspirational (Area, Organisational, Diversity)",